True Label,Predicted Label,Probability
0,0,0.0009868424
0,0,0.3923407
0,0,3.1315936e-05
0,0,1.5512089e-05
0,0,8.846204e-06
0,0,0.00031972656
0,0,7.587357e-05
0,0,0.0025830632
0,0,0.00044282785
0,0,7.792638e-06
0,0,0.0001620296
0,0,4.9290295e-05
0,0,1.2713022e-05
0,0,6.159105e-06
0,0,6.9969287e-06
0,0,1.0738159e-05
0,0,8.209363e-05
0,0,3.9742452e-05
0,0,3.596572e-05
0,0,0.07076495
0,0,8.075572e-06
0,0,0.004429924
0,0,2.0601563e-05
0,0,3.9701466e-05
0,1,0.6835965
0,0,0.00063105696
0,0,0.0026285495
0,0,0.0017321958
0,0,2.5125928e-05
0,0,7.683269e-06
0,0,1.4931873e-05
0,0,8.893392e-05
0,0,3.1170686e-05
0,0,0.19088615
0,0,0.00040145137
0,0,0.012053457
0,0,0.00015257794
0,0,0.0013996769
0,0,0.0016239168
0,0,0.1066729
0,1,0.85878354
0,0,5.1980637e-06
0,0,5.9474794e-05
0,0,0.0055533363
0,0,0.01341172
0,0,4.6991674e-05
0,0,3.16744e-05
0,0,5.382487e-06
0,0,0.084062174
0,0,1.5479252e-05
0,0,2.0697034e-06
0,0,6.876852e-05
0,0,3.702245e-05
0,0,0.0010037047
0,0,0.00010994669
0,0,0.00039953503
0,0,5.8986175e-06
0,0,3.304544e-06
0,0,0.0065272134
0,0,0.030523129
0,0,0.016596494
0,0,0.07969542
0,0,6.399295e-06
0,0,0.00017587298
0,0,3.2374035e-05
0,0,1.8535833e-05
0,0,0.00036987354
0,0,0.012365566
0,0,0.00012647302
0,0,4.579598e-06
0,0,0.0029572956
0,0,0.007865823
0,0,8.9545436e-05
0,0,0.00011664985
0,0,5.6668447e-05
0,0,0.001064989
0,0,0.0020913472
0,0,2.0024618e-05
0,0,0.03594254
0,0,1.8525796e-05
0,1,0.75663376
0,0,1.8302842e-05
0,0,0.0764855
0,0,0.00012283634
0,0,1.0078842e-05
0,0,1.8951716e-05
0,0,1.0212732e-05
0,0,0.0049661314
0,0,0.019190634
0,0,0.00016546997
0,0,5.8371397e-06
0,0,0.00017488837
0,0,1.5439535e-05
0,0,1.9067938e-05
0,0,0.000100398436
0,0,3.4157742e-06
0,0,1.8985742e-05
0,0,5.9348225e-05
0,0,0.003985496
0,0,0.0003078787
0,0,0.0002478893
0,0,0.0311657
0,0,2.0436237e-05
0,0,3.522912e-06
0,0,1.3738833e-05
0,0,6.6024554e-06
0,0,6.171317e-06
0,0,0.17291963
0,0,0.0005233653
0,0,1.48239005e-05
0,0,0.011897746
0,0,0.005150013
0,0,2.414036e-05
0,0,0.005057154
0,0,2.3100538e-05
0,0,5.669044e-06
0,0,0.00071502296
0,0,0.00080678106
0,0,0.00022388932
0,0,0.00016495954
0,0,1.681478e-05
0,0,0.00073504896
0,0,9.445448e-06
0,0,2.6150365e-06
0,1,0.76563966
0,0,7.105561e-06
0,0,5.068319e-06
0,0,2.9153083e-05
0,0,3.349602e-05
0,0,3.7747411e-06
0,0,9.99186e-05
0,0,0.12033753
0,0,9.528744e-05
0,0,0.00029436522
0,1,0.64281464
0,0,0.0001148592
0,0,2.196966e-05
0,0,0.00021732759
0,0,0.00015437412
0,0,0.027485596
0,0,7.0316535e-05
0,0,1.9821833e-05
0,0,0.0005958723
0,0,0.00010386214
0,0,0.0006065909
0,0,0.00023923368
0,0,0.01203137
0,0,7.4217196e-06
0,0,5.4118842e-05
0,0,1.2659491e-06
0,0,0.00037121217
0,0,0.00030428765
0,0,0.017085422
0,0,2.7288395e-05
0,0,0.08147479
0,0,4.205023e-06
0,0,1.1080394e-06
0,0,0.0037049816
0,0,1.2258621e-05
0,0,1.5740105e-06
0,1,0.8002319
0,0,2.0542257e-05
0,0,0.0021003105
0,0,0.00014397403
0,0,1.4918493e-05
0,0,4.015741e-05
0,0,0.13646774
0,0,1.4133623e-06
0,0,1.36142235e-05
0,0,0.002574643
0,0,2.3224391e-05
0,0,0.0068370234
0,0,2.980294e-07
0,0,1.539497e-06
0,0,1.5946966e-06
0,0,9.791502e-05
0,0,0.008817546
0,0,0.0003280844
0,0,8.814186e-07
0,0,1.8129344e-06
0,0,2.369821e-05
0,0,0.43666548
0,0,1.1463814e-05
0,0,0.0058193416
0,0,1.5902917e-05
0,0,7.267864e-05
0,0,2.142252e-06
0,0,0.0004779206
0,0,0.00028127333
0,0,2.0801017e-06
0,0,1.5159951e-06
0,0,1.9671634e-05
0,0,2.0914733e-05
0,0,1.748309e-06
0,0,1.0474072e-06
0,0,4.9450133e-05
0,0,0.21217756
0,0,0.06629249
0,0,0.0012457317
0,0,3.5949176e-06
0,0,1.5116208e-06
0,0,0.0035051268
0,0,0.008056254
0,0,4.6395635e-06
0,0,1.8957553e-05
0,0,0.00045289507
0,0,0.00029344644
0,0,8.227351e-06
0,0,1.9288725e-06
0,0,1.8125195e-06
0,0,0.0021594907
0,0,0.30950835
0,0,2.5828283e-06
0,0,1.09878065e-05
0,0,0.03097132
0,0,1.1401908e-06
0,0,0.00062018377
0,0,2.5931029e-06
0,0,5.518418e-05
0,0,0.00013661728
0,0,3.4045395e-05
0,0,0.0002679052
0,0,0.00023804302
0,0,0.0031173716
0,0,0.0026055463
0,0,0.0007195704
0,0,8.281779e-06
0,0,6.171959e-06
0,0,4.1121843e-06
0,0,4.478758e-06
0,0,4.287943e-06
0,0,0.00036591812
0,0,6.949308e-05
0,0,0.13138682
0,1,0.9895083
0,0,1.1593706e-06
0,0,0.0014941699
0,0,2.0326179e-06
0,0,3.480186e-06
0,0,0.00063325604
0,0,1.0117915e-06
0,0,1.3147153e-05
0,0,6.8129602e-06
0,0,9.674974e-05
0,0,3.3361553e-06
0,0,5.6504928e-06
0,0,3.2109034e-05
0,0,0.00010858728
0,0,0.0056391433
0,0,3.8121186e-06
0,0,0.00019476133
0,0,4.7510985e-05
0,0,0.16345662
0,0,0.0013459732
0,0,3.7078844e-05
0,0,0.0056557497
0,0,0.00025498748
0,0,1.8593939e-05
0,0,0.00016104289
0,0,3.511914e-05
0,1,0.86487967
0,0,0.0006994644
0,0,0.00066920865
0,0,0.00010361424
0,0,1.1341717e-05
0,0,0.0057305996
0,0,0.17491448
0,0,0.4022679
0,0,0.00077247864
0,0,0.021303345
0,0,0.0009202054
0,0,1.3903929e-06
0,0,1.973172e-06
0,0,0.00403798
0,0,8.010008e-05
0,0,0.0018159602
0,0,4.5410212e-05
0,0,0.075480625
0,0,0.08629892
0,0,0.00014286196
0,0,2.6534839e-05
0,0,0.027903097
0,0,6.6746245e-05
0,0,0.00073722657
0,0,0.000108640736
0,0,4.7235676e-06
0,0,8.468264e-05
0,0,0.0014352438
0,0,8.993141e-06
0,0,2.352886e-06
0,0,7.2350576e-06
0,0,0.0002161752
0,0,0.00018288782
0,0,1.938192e-05
0,0,2.5385854e-05
0,0,5.2114756e-06
0,0,0.00068579195
0,0,0.004560996
0,0,0.00026657878
0,0,0.00050569343
0,0,0.00017563335
0,0,1.6987958e-06
0,0,0.0011557995
0,0,7.3700126e-06
0,0,0.00014278677
0,0,0.0005542115
0,0,1.0261674e-06
0,0,5.2654896e-06
0,0,7.526687e-05
0,0,1.1080479e-05
0,0,1.4415144e-05
0,0,9.503083e-05
0,0,0.00018259995
0,0,9.358082e-06
0,0,0.00087156455
0,0,1.8665947e-06
0,0,0.00040528356
0,0,0.00014602538
0,0,0.008485615
0,0,0.05209733
0,0,0.010012621
0,0,6.52044e-05
0,0,0.002476663
0,0,0.000120254874
0,0,0.0017569227
0,0,9.416457e-05
0,0,7.1370255e-06
0,0,6.1286787e-06
0,0,4.861357e-06
0,0,3.9198867e-06
0,0,3.4174307e-05
0,0,2.6761697e-06
0,0,4.200834e-06
0,0,2.1987476e-05
0,0,0.0005719681
0,0,2.7502414e-05
0,0,0.003453077
0,0,0.00015803638
0,0,0.0022697616
0,0,1.934536e-05
0,0,0.0018699389
0,0,0.09458624
0,0,2.4350651e-05
0,0,8.703661e-06
0,0,0.016573366
0,0,7.5905555e-05
0,0,5.421816e-06
0,0,0.0005807996
0,0,6.834749e-05
0,0,0.0051134485
0,0,0.00035472552
0,0,0.00097365695
0,0,0.011317088
0,0,6.0932918e-05
0,0,0.0013895637
0,0,2.9753007e-06
0,0,2.766909e-06
0,0,0.025627246
0,0,0.00014399848
0,0,0.0025815375
0,0,6.5881145e-06
0,0,1.2688557e-05
0,0,2.1502355e-07
0,0,0.0044431332
0,0,7.265086e-06
0,0,0.0008850405
0,0,5.8452584e-05
0,0,0.004715332
0,0,0.00040588807
0,0,0.00032904668
0,0,0.015620529
0,0,3.6059482e-05
0,0,5.452049e-06
0,0,1.22885385e-05
0,0,4.562693e-06
0,0,0.00017528703
0,0,1.164329e-06
0,0,6.8927664e-05
0,0,6.778224e-06
0,0,0.012210744
0,0,3.987187e-06
0,0,0.0003048661
0,0,0.0049092434
0,0,0.08423728
0,1,0.6421793
0,0,0.0009991074
0,0,2.0652158e-05
0,0,0.15039313
0,0,5.5449927e-06
0,0,2.9436726e-05
0,0,0.013605443
0,0,9.309633e-06
0,0,3.7846534e-05
0,0,0.00076338835
0,0,3.876921e-05
0,0,8.120961e-06
0,0,4.3816526e-05
0,0,0.00022346409
0,0,0.38062426
0,0,3.3779313e-06
0,0,9.30757e-05
0,0,0.0018907585
0,0,6.2795894e-05
0,0,2.6769892e-05
0,0,0.00039005541
0,0,4.693949e-05
0,0,0.007367646
0,0,0.00014802028
0,0,1.813357e-05
0,0,1.0770158e-05
0,0,0.0005832352
0,0,0.00016696435
0,0,6.461836e-06
0,0,0.0008432817
0,0,0.012883418
0,0,1.782619e-05
0,0,0.007237244
0,0,0.0013648309
0,0,0.00081162894
0,0,2.9200608e-05
0,0,0.35118285
0,0,6.59535e-06
0,0,0.011129674
0,0,4.715984e-05
0,0,2.0345456e-06
0,0,0.00010555209
0,0,1.7420892e-06
0,0,5.3854063e-05
0,0,4.187471e-06
0,0,7.2743824e-05
0,0,0.006912487
0,0,0.000148434
0,0,7.7186e-07
0,0,2.590184e-06
0,0,1.5254685e-05
0,0,4.1385414e-05
0,0,2.4828214e-05
0,0,8.0650614e-05
0,0,0.00016343447
0,0,0.13725486
0,0,2.8595814e-06
0,0,0.0012075198
0,0,0.0015222528
0,0,2.800576e-06
0,0,4.3258287e-06
0,0,1.0011746e-05
0,0,0.00072368275
0,0,4.6605965e-06
0,0,0.00014273313
0,0,0.03251592
0,0,5.0391227e-06
0,0,0.0006620542
0,0,0.00046026468
0,0,0.00032319484
0,0,9.948018e-06
0,0,2.8856286e-06
0,0,2.4945622e-05
0,0,0.010696612
0,0,0.0019570282
0,0,6.36774e-05
0,0,0.00066076504
0,0,5.5830064e-05
0,0,0.0021119057
0,0,0.00029674
0,0,1.8647639e-05
0,0,3.0578154e-05
0,1,0.9108099
0,0,0.05358588
0,0,1.850593e-05
0,0,0.04534243
0,0,8.529557e-06
0,0,2.987413e-06
0,0,0.0029405302
0,0,1.8456404e-06
0,0,4.2243805e-06
0,0,1.9150702e-06
0,0,4.221717e-05
0,0,0.00016446655
0,0,1.4627003e-05
0,0,0.0007922235
0,0,0.43293777
0,0,0.00017993533
0,0,2.2139579e-05
0,0,1.6735574e-05
0,0,0.008529933
0,0,3.2260036e-06
0,0,1.5354195e-05
0,0,0.0055664903
0,0,2.9542264e-07
0,0,0.14482158
0,0,6.0994544e-06
0,0,9.766461e-06
0,0,6.012317e-05
0,0,9.326339e-06
0,0,6.734834e-05
0,0,4.752949e-06
0,0,4.786149e-06
0,0,0.0002735847
0,0,0.00017346507
0,0,3.1374497e-05
0,0,9.24192e-05
0,0,0.040749226
0,0,7.3927567e-06
0,0,0.00011033622
0,0,3.921895e-06
0,0,0.038803473
0,0,0.079028524
0,0,2.7765939e-06
0,0,1.1557607e-06
0,0,0.0021449102
0,0,8.137513e-07
0,0,2.770675e-05
0,0,0.00017110445
0,0,3.3009123e-06
0,0,0.00016638412
0,0,0.00050368195
0,0,0.005957908
0,0,5.457533e-05
0,0,9.552837e-07
0,0,5.313522e-06
0,0,0.007338472
0,0,0.00012535353
0,0,0.00022235315
0,0,8.5779875e-06
0,0,0.008977069
0,0,0.0017029323
0,0,2.0423318e-05
0,0,3.3518043e-06
0,0,9.654648e-06
0,0,0.058960214
0,0,0.0016378954
0,0,0.0014860011
0,0,3.29184e-06
0,0,0.00046240762
0,0,1.3675433e-05
0,0,0.00010646145
0,0,1.3600481e-05
0,0,0.014172474
0,0,0.0006931435
0,0,9.43981e-06
0,0,1.846792e-05
0,0,0.0047953497
0,0,6.226133e-05
0,0,0.013112063
0,0,0.00039698862
0,0,0.013054875
0,0,0.33489344
0,0,9.978212e-06
0,0,5.0013492e-05
0,0,1.7758659e-05
0,0,4.503858e-06
0,0,4.860495e-06
0,0,3.8764178e-05
0,0,1.4304058e-05
0,0,0.00025129938
0,0,0.028292907
0,0,0.001017504
0,0,1.4824374e-06
0,0,0.0030952166
0,0,0.0016094269
0,0,0.00038536426
0,0,0.015745362
0,0,0.00027638813
0,0,1.4134097e-05
0,0,2.1667418e-06
0,0,0.00013564205
0,0,9.210567e-06
0,0,9.405556e-06
0,0,0.0026848237
0,0,3.419959e-07
0,0,2.8997229e-06
0,0,5.0281105e-05
0,0,2.693342e-05
0,0,0.07033345
0,0,0.00020957435
0,0,0.00017364115
0,0,4.0825416e-05
0,0,2.8927127e-06
0,0,3.262881e-05
0,0,0.0041576945
0,0,0.0009613297
0,0,0.22372748
0,0,0.05373219
0,0,3.285091e-06
0,0,0.018613953
0,0,4.2942775e-05
0,0,7.260812e-05
0,0,0.053228237
0,0,3.1283698e-06
0,0,0.0018548622
0,0,2.170069e-05
0,0,1.0276334e-05
0,0,4.329444e-06
0,0,0.00012948592
0,0,0.05766356
0,0,0.0133008575
0,0,0.11896373
0,0,0.0007817504
0,0,0.00022841584
0,0,0.31771526
0,0,6.354025e-05
0,0,1.3970812e-06
0,0,0.0003327413
0,0,1.6329683e-06
0,0,0.015160616
0,0,1.2050997e-05
0,0,0.007373995
0,0,1.9314198e-06
0,0,4.609894e-05
0,0,0.0034172954
0,0,0.0013432481
0,0,0.0028349038
0,0,0.0001729653
0,0,1.9212137e-05
0,0,4.503106e-06
0,1,0.50559783
0,0,1.1255313e-05
0,0,6.269645e-05
0,0,3.6910958e-06
0,0,2.6310654e-05
0,0,0.00012661492
0,0,0.0001007924
0,0,1.1851976e-05
0,0,0.0008691992
0,0,0.041965365
0,0,0.00032776676
0,0,2.2605274e-05
0,0,0.0007909827
0,0,0.030180484
0,0,6.5614163e-06
0,0,2.1979556e-06
0,0,0.0008703048
0,0,3.1968302e-05
0,0,0.34628338
0,0,0.0017901099
0,0,0.0007695932
0,0,0.005925573
0,0,0.0005077655
0,0,7.1590575e-06
0,0,0.0005397973
0,0,1.6439108e-05
0,0,0.0012889794
0,0,0.124757454
0,0,8.36199e-06
0,1,0.7751672
0,0,0.00038885418
0,0,2.378066e-06
0,0,6.9904922e-06
0,0,0.03033895
0,0,0.0012912
0,0,0.0007197707
0,0,0.0002982512
0,0,0.08129221
0,0,0.018760674
0,0,5.7610654e-05
0,0,3.5522291e-06
0,0,4.0244817e-05
0,0,2.283109e-06
0,0,6.563397e-05
0,0,0.00012680655
0,0,0.016528688
0,0,1.6739708e-05
0,0,0.030040951
0,0,7.846528e-05
0,0,1.8717052e-05
0,0,0.000273483
0,0,4.2225474e-06
0,0,0.0011157676
0,0,8.3511084e-05
0,0,0.00078953826
0,0,0.050911225
0,0,0.06950314
0,0,1.942344e-06
0,0,0.00045729088
0,0,5.0171748e-06
0,0,0.004687519
0,0,1.3092451e-05
0,0,8.6769214e-05
0,0,0.00019096954
0,0,0.0004457756
0,0,0.005335107
0,0,2.7894028e-05
0,0,5.67605e-05
0,0,2.0453488e-05
0,0,0.012585447
0,0,5.7664624e-06
0,0,3.9974893e-06
0,0,0.00030702748
0,0,0.0001418902
0,0,2.274889e-06
0,0,0.0024115434
0,1,0.7462902
0,0,0.000112014386
0,0,2.8129156e-05
0,0,0.0026076522
0,0,0.009605129
0,0,2.3826267e-05
0,0,5.4319e-07
0,1,0.9433908
0,0,1.1757948e-05
0,0,3.0796415e-05
0,0,0.0011606037
0,0,0.00050785847
0,0,0.012343598
0,0,1.8205648e-06
0,0,0.00011737802
0,0,3.7767033e-05
0,0,4.642746e-06
0,0,1.5147176e-06
0,0,0.040033814
0,0,0.00022996626
0,0,0.01932514
0,0,3.178695e-06
0,0,0.012933567
0,0,0.00049698394
0,0,0.00039431467
0,0,9.4781855e-05
0,0,3.4542198e-05
0,0,0.0047785635
0,0,2.4123423e-05
0,0,7.2981034e-05
0,0,2.9701141e-05
0,0,0.0069717765
0,0,0.0001525216
0,0,1.3360584e-06
0,1,0.9656073
0,0,3.2185155e-05
0,0,0.0005183334
0,0,1.1250034e-05
0,0,0.015692575
0,0,9.0507257e-07
0,1,0.78101134
0,0,1.8004783e-05
0,0,0.00039616504
0,1,0.9672842
0,0,0.0013044432
0,0,0.00020744372
0,0,0.0021974465
0,0,0.047988266
0,0,0.0001316033
0,0,0.00334624
0,0,0.007529265
0,0,0.0029071914
0,0,1.1077267e-05
0,0,0.00036023784
0,0,0.0012068991
0,0,8.560066e-06
0,0,0.016772527
0,0,2.9289911e-05
0,0,0.0010397637
0,0,0.002184932
0,0,0.0050262124
0,0,2.520277e-05
0,0,1.8653685e-05
0,0,0.00036864303
0,0,0.08791052
0,0,0.020352159
0,0,3.5235546e-05
0,0,1.6730244e-05
0,0,0.0035776228
0,0,0.001200097
0,0,0.013648637
0,0,0.0019213085
0,1,0.990893
0,0,1.2017496e-05
0,0,8.8163125e-07
0,0,0.00075649563
0,0,7.111556e-05
0,0,5.158566e-05
0,0,0.006181397
0,0,0.00010045187
0,1,0.6228064
0,0,0.0016459564
0,0,0.0002078171
0,0,0.0019032285
0,0,0.00056795066
0,0,5.6204954e-05
0,0,0.00016029022
0,0,2.2961972e-06
0,0,7.656083e-06
0,0,8.205122e-05
0,0,1.4032133e-05
0,0,0.0018775711
0,0,0.0059556067
0,0,0.00026983191
0,0,0.107243046
0,0,8.102441e-06
0,0,0.001528556
0,0,1.957453e-06
0,1,0.52742875
0,0,3.0188191e-06
0,0,2.8099206e-05
0,0,7.187658e-05
0,0,2.8594137e-05
0,0,0.00021211195
0,0,3.135858e-05
0,0,0.0003073074
0,0,8.1114784e-05
0,0,8.378322e-06
0,0,5.2056213e-05
0,0,7.3874e-05
0,0,8.802356e-05
0,0,1.909041e-05
0,0,3.818809e-05
0,0,1.5998887e-05
0,0,0.0002311584
0,0,2.357064e-05
0,0,0.00044241684
0,0,0.017833984
0,1,0.73838323
0,0,0.00015380875
0,0,9.146948e-05
0,0,0.0018557019
0,0,8.938556e-05
0,0,0.1106554
0,1,0.55677897
0,0,3.500651e-06
0,0,7.797708e-06
0,0,0.0003224233
0,0,0.00010324528
0,0,0.07820454
0,0,7.776893e-05
0,0,4.7829867e-06
0,0,9.128763e-05
0,0,0.0031140978
0,0,0.00015980583
0,0,0.014604473
0,0,0.004205819
0,0,0.0047049397
0,0,0.00027051632
0,0,2.6455941e-06
0,0,4.560477e-07
0,0,0.00024344794
0,0,1.5018217e-05
0,0,0.00019052593
0,0,0.0006436362
0,0,0.0012843325
0,0,2.9423816e-05
0,0,0.0009680157
0,0,0.00031866116
0,0,0.00036567854
0,0,1.3547656e-06
0,0,0.0053933472
0,0,7.83261e-06
0,0,3.1402273e-05
0,0,9.577754e-05
0,0,0.0011800122
0,0,0.0015688922
0,0,0.005815842
0,0,0.00016657477
0,0,0.00029032468
0,0,0.0020335016
0,0,0.00063602027
0,0,3.904693e-05
0,1,0.92202884
0,0,4.020385e-05
0,0,7.235363e-05
0,0,1.2381707e-06
0,0,0.01979204
0,0,0.009829517
0,0,7.660173e-05
0,0,8.9018766e-05
0,0,0.00010155902
0,0,7.2784336e-05
0,0,3.299944e-05
0,0,0.002869835
0,1,0.72049206
0,0,0.0005264327
0,0,0.038021367
0,0,1.8287119e-06
0,0,1.9501285e-06
0,0,5.430381e-05
0,0,0.00017013194
0,0,0.000679612
0,0,0.00014140233
0,0,4.8063894e-06
0,0,0.008881578
0,0,0.0117748035
0,0,0.046586536
0,0,0.00088943605
0,0,2.9037963e-05
0,0,0.0025104533
0,0,3.6658308e-05
0,0,0.001938456
0,0,0.009184169
0,0,4.516866e-06
0,0,0.0001907497
0,1,0.51912266
0,0,0.00030437933
0,0,0.000107501575
0,0,2.8713512e-06
0,0,0.004094073
0,0,0.021077551
0,0,2.0440213e-05
0,0,9.627825e-07
0,1,0.9309309
0,0,5.7349247e-05
0,0,1.1344325e-05
0,0,1.0608787e-05
0,0,0.0010542616
0,0,0.0030714618
0,0,1.1491499e-06
0,0,1.3940374e-06
0,0,0.17550962
0,0,1.705722e-05
0,0,2.6696574e-05
0,0,0.0003467004
0,0,0.13223071
0,0,0.00032378544
0,0,0.00015300873
0,0,0.003293895
0,0,0.004988931
0,0,4.380082e-05
0,0,3.9451834e-06
0,0,0.00078528264
0,0,0.012124984
0,0,1.0092991e-05
0,0,1.472366e-06
0,0,0.0005428508
0,0,0.002146221
0,0,0.00047714362
0,0,2.3412565e-05
0,0,7.1474606e-05
0,0,0.00011877834
0,0,0.057034936
0,0,9.783317e-05
0,0,0.0073697213
0,0,1.653907e-05
0,0,2.3531964e-05
0,0,1.3186883e-05
0,0,0.11071026
0,0,0.006393765
0,0,0.00028516728
0,0,1.5438533e-05
0,0,8.668835e-06
0,0,0.0075574745
0,0,0.001314011
0,0,0.45166308
0,0,3.0504475e-06
0,0,2.8673161e-05
0,0,4.632749e-05
0,0,0.09593995
0,0,0.00047071627
0,0,4.8140413e-05
0,0,0.004571525
0,0,8.681648e-05
0,0,1.01532805e-05
0,0,1.5929229e-06
0,0,0.00023181457
0,0,0.04495895
0,0,1.1568709e-05
0,0,0.124544926
0,0,3.6270678e-06
0,0,0.00053771905
0,0,0.0006249535
0,0,0.00041173346
0,0,0.0001811495
0,0,0.004218255
0,0,4.027167e-06
0,0,0.017523937
0,0,0.21011047
0,0,5.0936636e-05
0,0,4.5199937e-05
0,1,0.9958106
0,0,0.0132594425
0,0,5.989872e-06
0,0,3.6918373e-05
0,0,1.7608905e-05
0,0,1.3722962e-05
0,0,2.009466e-06
0,0,0.0001822684
0,0,0.00017205466
0,0,2.9782418e-06
0,1,0.92015046
0,0,3.4030112e-05
0,0,0.001926907
0,0,1.5244839e-05
0,0,0.00034166194
0,0,2.5456085e-05
0,0,5.5375538e-05
0,0,1.7305792e-06
0,0,0.00042439296
0,0,0.00022976924
0,0,6.181572e-06
0,0,0.00422731
0,0,7.749982e-05
0,0,0.0007955249
0,0,0.00056178495
0,0,0.07986019
0,0,0.0009755113
0,0,1.5820146e-05
0,0,0.00082282413
0,0,0.0002882226
0,0,0.04914433
0,0,1.583089e-05
0,0,0.00037064162
0,0,0.00034794715
0,0,1.0684612e-05
0,0,0.0004927574
0,0,2.82539e-05
0,0,0.00052910997
0,0,8.086762e-06
0,0,0.25894272
0,0,2.3200373e-05
0,0,1.38814385e-05
0,0,4.6188143e-05
0,0,2.0538691e-06
0,0,0.000282375
0,0,4.968133e-06
0,0,0.0007948061
0,0,3.1138512e-05
0,0,0.00012800733
0,0,0.011985401
0,0,9.720493e-06
0,1,0.5264799
0,0,0.000116189476
0,0,0.00030776713
0,0,0.00015565667
0,0,7.272055e-07
0,0,9.599618e-05
0,0,2.7052217e-06
0,0,0.00017529304
0,0,0.015529747
0,0,6.88266e-06
0,0,5.5584305e-06
0,0,0.0061400617
0,0,0.0016709006
0,0,1.2007781e-05
0,0,0.002983585
0,0,7.6158985e-06
0,0,6.43824e-06
0,0,0.0014423267
0,0,7.9435566e-05
0,0,0.0069896947
0,0,3.2224766e-06
0,0,0.00011000089
0,0,0.0001730141
0,0,0.0009774882
0,0,1.1915258e-05
0,0,1.0262016e-05
0,0,1.2150704e-05
0,0,9.269449e-07
0,0,2.9076204e-05
0,0,0.09283387
0,0,0.0003741414
0,0,0.00036905904
0,0,9.481178e-06
0,0,1.3426696e-05
0,0,9.013467e-05
0,0,2.2212444e-06
0,0,0.000532081
0,0,3.588403e-06
0,0,0.00038283019
0,0,0.00029983438
0,0,1.2722531e-05
0,0,0.3176426
0,0,0.00015598578
0,0,2.310889e-05
0,1,0.99859995
0,0,4.2186824e-05
0,0,1.6331056e-05
0,0,0.00021257499
0,0,0.034881096
0,0,0.00018827828
0,0,0.023307106
0,0,5.818763e-05
0,0,6.723354e-05
0,0,6.666844e-05
0,0,0.0015922566
0,0,8.828819e-05
0,0,0.00013871376
0,0,1.5070549e-06
0,0,0.0022516835
0,0,4.2163306e-06
0,0,0.00010536334
0,0,2.4743144e-05
0,0,0.044540104
0,0,0.06992683
0,0,0.0021061937
0,0,5.116978e-06
0,0,0.00034625578
0,0,2.05833e-05
0,0,2.9106555e-05
0,0,0.002568816
0,0,0.023362773
0,0,0.034330793
0,0,0.00060802343
0,0,3.665289e-05
0,0,2.37394e-05
0,0,1.4119638e-06
0,0,0.0036788273
0,0,0.00021921957
0,0,7.9858745e-07
0,0,0.13260774
0,0,0.00051815435
0,0,0.00056411093
0,0,0.00010225762
0,0,3.3207227e-05
0,0,4.8672653e-05
0,0,0.00015085208
0,0,1.0849454e-05
0,0,6.541847e-06
0,0,1.364538e-05
0,0,3.3084365e-05
0,0,1.6416236e-05
0,0,0.0012089665
0,0,1.2850223e-05
0,0,0.028069897
0,0,0.22252515
0,0,0.0007999483
0,0,0.00019903487
0,0,0.00042904235
0,0,4.114027e-06
0,0,0.0010706832
0,0,0.00014341007
0,0,0.017670987
0,0,9.38911e-06
0,0,0.0036647252
0,0,0.00010709661
0,0,5.7128236e-05
0,0,0.017046854
0,0,0.00016646521
0,0,1.8311222e-05
0,0,2.5293914e-06
0,0,0.0011186763
0,0,2.7270886e-05
0,0,4.9664334e-07
0,0,3.237509e-06
0,0,0.06262747
0,0,8.283738e-06
0,0,8.611366e-05
0,0,0.0007996937
0,0,4.988919e-06
0,0,7.965903e-05
0,0,0.0077605434
0,0,8.168768e-06
0,0,5.887051e-05
0,0,0.00029661192
0,0,0.0041635074
0,0,1.9226097e-06
0,0,2.5322217e-05
0,0,0.0032424915
0,0,4.106219e-05
0,0,8.665428e-05
0,0,3.0451774e-05
0,0,0.25276697
0,0,0.00059728307
0,0,0.00013437081
0,0,0.0003288146
0,0,0.45293108
0,0,2.9571416e-05
0,0,0.00034675276
0,0,4.4441276e-05
0,0,0.0020349314
0,0,9.4553645e-05
0,0,0.00052252755
0,0,5.1318053e-05
0,0,0.0002843265
0,0,0.0013451127
0,0,9.1329485e-07
0,0,0.0023419869
0,0,2.1181393e-05
0,0,1.7469707e-05
0,0,6.550217e-05
0,0,0.00067549775
0,0,0.0002877882
0,0,0.00058449834
0,0,0.0001229445
0,0,2.1876708e-06
0,0,9.316422e-05
0,0,4.6837445e-06
0,0,0.0043838685
0,0,0.007567985
0,0,0.0069789775
0,0,0.022954324
0,0,9.544163e-06
0,0,9.859157e-05
0,0,0.01726394
0,0,0.00016828923
0,0,1.6107444e-05
0,0,1.5243648e-05
0,0,0.04569312
0,0,1.8653955e-05
0,0,3.506389e-05
0,0,0.00030329567
0,0,0.0013733585
0,0,0.0009106833
0,0,0.015048296
0,0,7.2914525e-05
0,0,0.00024539098
0,0,0.00017957352
0,0,6.250026e-06
0,0,9.740862e-06
0,0,0.00553595
0,0,1.7702605e-05
0,0,2.0942514e-05
0,0,5.209028e-05
0,0,0.037618652
0,0,0.0005456052
0,0,4.9671933e-05
0,0,0.00011089591
0,0,1.8796708e-06
0,0,0.0007706383
0,0,0.0024915412
0,0,5.809427e-05
0,0,1.7053804e-05
0,0,3.9273336e-06
0,0,0.0008662707
0,0,0.00037331608
0,0,0.00142102
0,0,3.4245256e-06
0,0,0.00018723494
0,0,1.0922506e-06
0,0,1.6584449e-05
0,0,0.020500693
0,0,0.0003751397
0,0,2.6174516e-06
0,0,0.0003383123
0,0,6.748476e-06
0,0,2.2552085e-06
0,0,9.427683e-06
0,0,0.00013773394
0,0,0.000101732716
0,0,0.00025618833
0,0,0.012277161
0,0,0.00012358416
0,0,6.315081e-05
0,0,0.0013861556
0,0,2.1121305e-05
0,0,0.00024268017
0,0,7.2038085e-07
0,0,5.5417433e-05
0,0,0.0010331834
0,0,2.5107818e-05
0,0,1.4715388e-05
0,0,5.858322e-05
0,0,0.00075983425
0,0,3.6792696e-06
0,0,3.411103e-06
0,0,0.00037592064
0,0,0.00022040874
0,0,0.0122710625
0,0,1.2352843e-05
0,0,3.7757673e-06
0,0,0.00011050459
0,0,3.93799e-05
0,0,0.0056841495
0,0,1.8890421e-05
0,0,1.0093665e-05
0,0,0.0049619083
0,0,0.00014780577
0,0,0.048008032
0,0,0.00030374824
0,0,1.9896925e-05
0,0,1.8406994e-05
0,0,2.2578666e-05
0,0,0.0008435694
0,0,0.022078127
0,0,1.954761e-05
0,0,0.056147344
0,0,1.1240447e-06
0,0,3.4360677e-05
0,0,9.044039e-06
0,0,0.054443315
0,0,0.00014315949
0,0,4.4560807e-06
0,0,0.006755495
0,0,0.08111294
0,0,3.8939547e-06
0,0,5.578423e-07
0,0,4.1934407e-05
0,0,1.2140429e-06
0,0,0.00012429302
0,0,5.5190844e-06
0,0,6.817889e-05
0,0,2.0112386e-05
0,0,1.4911936e-05
0,0,0.00050565926
0,0,0.33252987
0,0,1.4581243e-06
0,0,0.004236903
0,1,0.72292596
0,0,4.762466e-05
0,0,9.257503e-06
0,0,0.00065192033
0,0,1.9643907e-05
0,0,8.514491e-05
0,0,1.2145247e-05
0,0,0.005225115
0,0,1.4454434e-05
0,0,9.168029e-05
0,0,0.00095837854
0,0,0.0001929755
0,0,8.066231e-05
0,0,2.2855616e-05
0,0,0.0021812713
0,0,0.0016045063
0,0,1.3985282e-05
0,0,2.3112547e-05
0,0,3.743378e-05
0,0,0.042106554
0,0,7.2865682e-06
0,0,0.0005246849
0,0,2.3632058e-06
0,0,0.0002977225
0,0,1.0867544e-05
0,0,0.00069802476
0,0,1.1911963e-05
0,0,0.004387004
0,0,0.0047587827
0,0,0.0008247387
0,0,2.0263362e-05
0,0,7.058069e-05
0,1,0.9273626
0,0,8.9718344e-07
0,0,0.0006797591
0,0,0.0003186141
0,0,4.618356e-06
0,0,1.6013939e-05
0,0,1.2641683e-06
0,0,0.00050943904
0,0,0.0031263223
0,0,0.00017762468
0,0,2.162357e-06
0,0,5.1402152e-05
0,0,0.0020917952
0,0,1.752768e-06
0,0,1.7602189e-06
0,0,3.588063e-05
0,0,0.035527468
0,0,0.0075322445
0,0,0.0028588169
0,0,4.5404813e-06
0,0,4.175938e-05
0,0,0.00073038926
0,0,9.947087e-06
0,0,0.0035005482
0,0,0.0001619871
0,0,1.0116631e-06
0,0,4.459513e-05
0,0,0.1193096
0,0,0.002629337
0,0,0.014500936
0,0,0.006574519
0,0,0.0037532882
0,0,0.006869966
0,0,3.4627683e-05
0,0,1.3914254e-05
0,0,2.7616309e-06
0,0,0.17260332
0,0,0.0009532575
0,0,6.9864404e-07
0,0,0.0014555966
0,0,0.00430065
0,0,7.869636e-06
0,0,0.088512756
0,0,0.00064170564
0,0,8.706948e-06
0,0,7.753271e-05
0,0,0.00078138657
0,0,2.7985045e-05
0,0,4.354421e-06
0,0,0.004003888
0,0,2.3814862e-05
0,0,9.667071e-05
0,0,0.0019287899
0,0,1.7989883e-05
0,0,1.136037e-05
0,0,0.000993222
0,0,0.00076760695
0,0,1.3743306e-06
0,0,0.0009110798
0,0,3.196934e-05
0,0,0.0017612778
0,0,0.003493516
0,0,1.5016641e-05
0,1,0.75974506
0,0,2.243437e-05
0,0,1.596269e-05
0,0,4.5490196e-06
0,0,2.5257676e-05
0,0,4.72065e-05
0,0,1.0690554e-05
0,0,3.96101e-05
0,0,5.963221e-06
0,0,0.15524566
0,1,0.569525
0,0,0.00011112753
0,0,0.00013959841
0,0,5.426445e-06
0,0,1.3952869e-05
0,0,2.8581568e-05
0,0,5.9337704e-05
0,0,2.8442406e-05
0,1,0.9425809
0,0,9.323195e-05
0,0,1.6033573e-05
0,0,1.6038131e-05
0,0,1.2302961e-05
0,0,1.0321394e-05
0,0,0.0005334919
0,0,7.2632356e-05
0,0,9.734832e-05
0,0,7.944885e-06
0,0,0.0005412538
0,0,6.7337996e-06
0,0,8.066628e-06
0,0,2.675348e-06
0,0,5.0728628e-05
0,0,4.44841e-05
0,0,2.9196182e-05
0,0,9.486342e-06
0,0,5.8524085e-05
0,0,0.0025143346
0,0,2.8135864e-06
0,0,0.00059908157
0,0,0.00030400552
0,0,0.018162632
0,0,0.0001255095
0,0,6.991249e-05
0,0,3.0075319e-06
0,0,5.8987075e-06
0,0,0.16363053
0,0,6.2333197e-07
0,0,9.693832e-06
0,0,0.00012230374
0,0,0.058726154
0,0,0.00068283826
0,0,0.00019612972
0,0,3.7895396e-05
0,0,5.9233016e-06
0,0,0.00012327629
0,0,0.00049032667
0,0,0.0010341284
0,0,4.2993993e-06
0,0,0.0006415794
0,0,3.8493756e-05
0,0,4.51721e-05
0,0,1.1404103e-05
0,0,8.750601e-06
0,0,0.00081108883
0,0,1.673685e-05
0,0,9.12634e-06
0,0,3.243971e-05
0,0,0.00012372188
0,0,2.3199158e-05
0,0,9.222427e-05
0,0,0.00016679411
0,0,0.00029049523
0,0,1.961308e-06
0,0,8.829205e-05
0,0,0.05173899
0,0,3.4218813e-06
0,0,0.00025886536
0,0,8.821531e-05
0,0,0.001194027
0,0,0.043290768
0,0,1.7202557e-06
0,0,0.0027004688
0,0,0.0002527459
0,0,0.071907416
0,0,0.00041387344
0,0,1.5297372e-05
0,0,4.087727e-05
0,0,7.3631425e-05
0,0,0.024946881
0,0,7.937985e-06
0,0,0.00010899437
0,0,0.00027612157
0,0,0.00080718246
0,0,2.3217735e-06
0,0,0.00024257514
0,0,2.6737951e-05
0,0,0.0013496677
0,0,0.0005284195
0,0,0.00029524355
0,0,0.000926162
0,0,0.00017733616
0,0,0.00021298439
0,0,0.0010955575
0,0,0.020002583
0,0,0.35402372
0,0,3.8288e-05
0,0,0.00026538383
0,0,0.03053002
0,0,0.00015441168
0,0,5.0070284e-05
0,0,0.025114153
0,0,5.13393e-05
0,0,9.066406e-06
0,0,9.280494e-05
0,0,0.002555554
0,0,2.5073867e-05
0,0,0.0015261881
0,0,1.0499121e-05
0,0,0.008692193
0,0,0.39272782
0,0,1.2774116e-05
0,0,3.6239492e-06
0,0,0.0039010178
0,0,0.00025949825
0,0,6.0557716e-07
0,0,9.574605e-05
0,0,0.0984298
0,0,0.0020050271
0,0,0.000101934886
0,0,7.643785e-05
0,0,0.00017099126
0,0,0.07210726
0,0,8.464483e-07
0,0,0.0020043384
0,0,0.000524283
0,0,2.9839232e-05
0,0,0.00010216786
0,0,0.002943672
0,0,1.1952748e-05
0,0,0.00045836097
0,0,0.00043122005
0,0,0.00010884138
0,0,1.8305738e-06
0,0,8.8651366e-05
0,0,4.6024834e-06
0,0,0.000115722534
0,0,0.010000212
0,0,6.0874195e-06
0,0,3.1576023e-05
0,0,1.7463812e-05
0,0,0.00027178356
0,0,0.027127465
0,0,0.0020469956
0,0,4.8412776e-06
0,0,8.909525e-06
0,0,7.832734e-05
0,0,5.4387083e-06
0,0,2.1899566e-06
0,0,0.020399936
0,0,0.00020122855
0,0,0.0001811053
0,0,0.00030927666
0,0,2.4495781e-05
0,0,0.00022053339
0,0,8.79103e-05
0,0,1.2985216e-05
0,0,0.00028056736
0,0,1.214359e-05
0,0,0.0017153871
0,0,2.050225e-06
0,0,0.0038237753
0,0,6.5391214e-06
0,0,0.0016498907
0,0,1.4285749e-05
0,0,0.0026681356
0,0,7.824098e-05
0,0,0.0009454295
0,0,0.0014306974
0,0,0.03151767
0,0,0.0005778844
0,0,0.0003811927
0,0,0.03199056
0,0,3.395845e-06
0,0,4.7770623e-05
0,0,0.3657559
0,0,0.00062064256
0,0,0.07423407
0,0,0.02078417
0,0,4.5655106e-05
0,0,0.0026569294
0,0,4.459768e-05
0,0,1.4642985e-05
0,0,4.745562e-06
0,0,7.704466e-05
0,0,0.037973307
0,0,8.652382e-06
0,0,1.9334102e-06
0,0,0.3447327
0,0,1.4654822e-06
0,0,0.401523
0,0,0.0006454327
0,0,0.1687144
0,0,0.011460351
0,0,0.054870564
0,0,0.0004992568
0,0,0.00010522287
0,0,0.0003037943
0,0,1.4603212e-05
0,0,0.36937624
0,1,0.89967996
0,0,0.0001494503
0,0,4.1987514e-06
0,0,2.3460707e-05
0,0,8.90763e-07
0,0,3.2194907e-06
0,0,3.8562825e-06
0,0,0.090642184
0,0,7.3964666e-06
0,0,0.00027737912
0,0,8.4857726e-07
0,0,5.1188863e-06
0,1,0.96454597
0,0,0.00029317907
0,0,2.7618785e-06
0,0,5.7335114e-06
0,0,0.0055947932
0,0,0.00010289253
0,0,3.4190212e-05
0,0,0.0025900137
0,0,6.521435e-05
0,0,2.9314333e-05
0,0,1.1319007e-06
0,0,0.00013609602
0,0,0.00020883571
0,0,3.336047e-06
0,0,0.0011057437
0,0,0.00020663692
0,0,0.0003550974
0,0,0.00022851584
0,0,2.2914153e-05
0,0,4.889305e-06
0,0,5.278631e-05
0,0,0.0048410892
0,0,0.00014819429
0,0,0.00014462651
0,0,3.966298e-05
0,0,0.000101042606
0,0,0.00017605352
0,0,1.0366408e-05
0,0,1.3965862e-05
0,0,0.0015670813
0,0,0.0004958318
0,0,0.0008041427
0,1,0.9990299
0,0,8.577394e-05
0,0,2.3815703e-05
0,0,0.0018624142
0,0,4.1980307e-05
0,0,0.0023516787
0,0,1.0142636e-05
0,0,0.089283764
0,0,0.00010971523
0,0,7.6040895e-05
0,0,0.029307043
0,1,0.51670367
0,0,1.6032505e-05
0,0,0.00091623556
0,0,0.016651653
0,0,2.0501453e-05
0,0,0.00016582962
0,0,0.00028237875
0,0,7.303341e-06
0,0,0.017154152
0,0,5.8953432e-05
0,1,0.92065966
0,0,6.5313994e-05
0,0,0.010411231
0,0,0.002712077
0,0,0.22207507
0,0,0.0008422923
0,0,5.1785796e-06
0,0,0.00041535374
0,0,0.0015516004
0,0,0.013112926
0,0,6.693919e-05
0,0,0.0002670932
0,0,3.893416e-06
0,0,0.013462068
0,0,0.0015570921
0,0,0.0032356526
0,0,0.0006514942
0,0,0.0006553015
0,0,0.000987648
0,0,0.0060157706
0,0,0.000841256
0,0,8.66818e-05
0,0,5.0204013e-05
0,0,0.0008253397
0,0,3.390939e-06
0,0,1.2065049e-05
0,0,3.1572267e-06
0,0,0.00070889306
0,0,0.0027632103
0,0,0.0042132465
0,0,0.020391945
0,0,2.6751718e-06
0,0,0.0008417243
0,0,0.00026456278
0,0,0.23859493
0,0,9.03379e-06
0,0,0.011333539
0,0,5.6852805e-05
0,0,3.381034e-05
0,0,8.0209305e-05
0,0,0.0010877646
0,0,0.008980955
0,0,0.016809478
0,0,1.0971502e-05
0,0,0.0030586356
0,0,2.7692477e-07
0,0,0.00016158987
0,0,4.181533e-06
0,0,3.8684928e-05
0,0,4.411513e-05
0,0,0.28152233
0,0,0.010334277
0,0,0.15399843
0,0,0.0134864645
0,0,0.00018980393
0,0,7.703305e-05
0,1,0.700352
0,0,7.1395596e-07
0,0,1.3219332e-05
0,0,1.4645909e-06
0,0,0.0003176281
0,0,0.047244947
0,0,5.8984037e-06
0,0,3.15185e-05
0,0,2.2474389e-05
0,0,0.00010856885
0,0,8.537825e-05
0,0,3.6093817e-05
0,0,6.347975e-05
0,0,5.8114338e-06
0,0,0.0005460912
0,0,0.018919896
0,0,0.027981319
0,0,1.257448e-05
0,0,1.186645e-05
0,0,0.000108030814
0,0,6.8336536e-05
0,0,0.0011368543
0,0,3.0190466e-05
0,0,8.238545e-05
0,0,4.0452196e-06
0,0,1.5547233e-05
0,0,7.051389e-06
0,0,3.977829e-06
0,0,0.019361168
0,0,4.2827938e-05
0,0,2.693067e-06
0,0,2.4466313e-05
0,0,9.70286e-06
0,0,0.00051151775
0,0,4.466446e-05
0,0,3.5445948e-06
0,0,2.1129505e-05
0,0,0.0018391415
0,0,0.0006738812
0,0,2.8539826e-06
0,0,0.009070171
0,0,2.283235e-06
0,0,0.00020145893
0,0,1.5596123e-06
0,0,4.502033e-05
0,0,8.592048e-05
0,0,9.346838e-05
0,0,0.00028276452
0,0,0.0033894673
0,0,4.1815052e-05
0,0,0.018000497
0,0,5.083892e-06
0,0,6.048937e-07
0,0,2.3767918e-06
0,0,2.8514758e-05
0,0,3.8345756e-06
0,0,0.007444102
0,0,3.5473035e-06
0,0,1.5624348e-06
0,1,0.7019088
0,0,5.7498582e-05
0,0,0.00011955776
0,0,0.11876552
0,0,8.686827e-06
0,0,0.0020461893
0,0,0.0046460056
0,0,0.0014290218
0,0,0.008558352
0,0,7.233728e-05
0,0,3.893714e-07
0,0,1.8582009e-06
0,0,0.0058321725
0,0,0.0007288716
0,0,0.00016987679
0,0,0.05878087
0,0,5.308882e-06
0,0,5.966247e-06
0,0,0.00039272557
0,0,4.741358e-05
0,0,0.03554072
0,0,0.45786282
0,0,0.003089137
0,1,0.8695086
0,0,1.1633496e-05
0,0,0.0010623737
0,0,2.6125785e-05
0,0,0.00017526415
0,0,5.8179645e-05
0,0,0.000102794664
0,0,4.193074e-06
0,0,0.0019284154
0,0,4.5861148e-06
0,0,0.0013533579
0,0,0.113274105
0,0,7.045138e-05
0,0,1.3035492e-05
0,0,0.0015125724
0,0,1.8816598e-06
0,0,0.00016102829
0,0,0.15052742
0,0,0.007939047
0,0,6.526281e-06
0,0,0.070576735
0,0,1.5550067e-05
0,0,8.736235e-05
0,0,1.9286406e-06
0,0,2.3811841e-05
0,0,3.2870073e-05
0,0,5.901971e-07
0,0,0.002472402
0,0,0.08860706
0,0,0.00020516258
0,0,0.00060585595
0,0,0.00094867597
0,0,3.1458658e-06
0,0,9.2820075e-05
0,1,0.85996866
0,1,0.9981949
0,0,0.00011096953
0,0,0.00094285584
0,0,3.5544082e-05
0,0,0.00066292926
0,0,5.3385274e-06
0,0,0.002459544
0,0,0.00051781733
0,0,0.00012547908
0,0,0.004138231
0,0,0.0016397763
0,0,0.00037189154
0,0,1.45847025e-05
0,0,0.077770956
0,0,0.00014013548
0,0,3.445202e-06
0,0,0.0009021685
0,0,4.3289594e-05
0,0,3.6954882e-06
0,0,0.00019470394
0,0,3.4407924e-06
0,0,0.003520396
0,0,5.614292e-05
0,0,0.0025038538
0,0,0.00015652737
0,0,0.00041544865
0,0,0.020237194
0,0,0.26384756
0,0,0.0042959987
0,0,8.429598e-06
0,0,2.5184894e-05
0,0,0.00079353293
0,0,1.409893e-06
0,0,4.0418203e-05
0,0,0.00013243906
0,0,1.660683e-05
0,0,0.0017550153
0,0,0.00074028753
0,0,0.0008381587
0,0,0.0024641778
0,0,0.06412506
0,0,2.0552037e-05
0,0,0.009619704
0,0,1.2215675e-05
0,0,7.298416e-05
0,0,0.001591395
0,0,0.02102542
0,0,3.4132423e-05
0,0,2.1880543e-05
0,1,0.5797197
0,0,0.00017938203
0,0,1.333342e-05
0,0,0.0031213393
0,0,1.7406313e-05
0,0,3.732776e-05
0,0,0.029997153
0,0,2.4245162e-06
0,0,6.54493e-06
0,0,1.3043103e-05
0,0,0.0003062691
0,0,0.0018115798
0,0,1.687267e-05
0,0,0.0021171013
0,0,2.7205455e-05
0,0,0.0050637377
0,0,0.002251993
0,0,4.227754e-06
0,0,0.0010922732
0,0,0.00059651956
0,0,0.00040515512
0,0,0.000772174
0,0,1.0127305e-05
0,0,7.767582e-06
0,0,3.2506948e-06
0,0,3.346339e-06
0,0,4.1437735e-05
0,0,0.0001713925
0,0,2.8793425e-05
0,0,0.0012924875
0,0,0.03336826
0,0,0.0015360455
0,0,8.4752755e-05
0,0,1.7238854e-05
0,0,1.2646575e-05
0,0,0.00025970986
0,0,0.03836639
0,0,2.2043321e-05
0,0,0.00014579986
0,0,0.007453563
0,0,0.00027273103
0,0,0.18962903
0,0,0.0007712944
0,0,1.4572481e-05
0,0,9.915558e-06
0,0,0.0019432544
0,1,0.80348766
0,0,9.483429e-06
0,0,3.197431e-05
0,0,9.764886e-06
0,0,0.00029607027
0,0,9.165677e-05
0,0,0.0017647864
0,0,1.0164956e-05
0,0,5.1859355e-05
0,0,2.8588684e-05
0,0,4.1488097e-06
0,0,8.3100385e-06
0,0,0.0004964512
0,1,0.51102954
0,0,0.00072609825
0,0,0.017330723
0,0,0.00011071628
0,0,9.393708e-07
0,0,5.61271e-06
0,0,4.2472945e-07
0,0,0.00040894444
0,0,6.324633e-05
0,0,0.032624237
0,0,1.3099246e-05
0,0,0.22704856
0,0,0.000656467
0,0,9.249863e-05
0,0,5.292424e-06
0,0,0.0010038482
0,0,8.273666e-05
0,0,0.0015672318
0,0,8.167246e-05
0,0,0.0007499483
0,0,1.733601e-05
0,0,2.880606e-05
0,0,0.000120451914
0,0,1.7392344e-05
0,0,0.00038079824
0,0,2.3863538e-06
0,0,1.1711378e-06
0,0,0.0016541516
0,0,7.697988e-05
0,0,0.25142133
0,0,0.0012634667
0,0,8.133119e-05
0,0,2.1799733e-05
0,0,0.00012298556
0,0,0.0006192016
0,0,1.6618411e-06
0,0,2.6516576e-05
0,0,0.00031506334
0,0,0.0018986544
0,0,8.84014e-05
0,0,0.002994604
0,0,0.0005806186
0,0,2.641994e-06
0,0,3.295474e-06
0,1,0.80215985
0,0,0.001456742
0,0,1.8984332e-05
0,0,1.3064115e-05
0,0,0.020734806
0,0,0.48884428
0,0,0.00014920595
0,0,1.8110752e-06
0,0,1.0242491e-05
0,0,0.005061384
0,0,7.69569e-07
0,0,0.0020274422
0,0,1.4316519e-05
0,0,0.07893955
0,0,7.317002e-05
0,0,7.5533404e-05
0,0,0.00016925881
0,0,2.5614687e-05
0,0,6.977057e-05
0,1,0.7741594
0,0,6.0865666e-05
0,0,2.548103e-05
0,0,0.04250096
0,0,0.001321812
0,0,0.00012672096
0,0,7.944021e-06
0,0,0.0018542609
0,0,0.0006030699
0,0,0.00010193703
0,0,0.00047255887
0,0,6.084071e-06
0,0,0.0012308822
0,0,0.0036321005
0,0,1.0387181e-05
0,0,0.0004462039
0,0,9.5494295e-05
0,0,0.0044104084
0,0,4.107504e-06
0,0,3.231001e-05
0,0,0.008999595
0,0,2.0811272e-05
0,0,3.8610295e-05
0,0,4.9174978e-05
0,0,0.00095574604
0,0,1.8052131e-05
0,0,2.6585133e-06
0,0,0.00015484574
0,0,1.0625246e-06
0,0,9.360592e-05
0,0,0.00019805992
0,0,0.00045897724
0,0,3.1383236e-06
0,0,1.178334e-05
0,0,0.030399442
0,0,0.15418997
0,0,0.00041972072
0,0,0.0070178476
0,0,0.00010558954
0,0,2.8777971e-05
0,0,0.4465303
0,0,8.541994e-05
0,0,0.00017160377
0,0,1.4531445e-05
0,0,0.21340024
0,0,1.0529845e-05
0,1,0.9609858
0,0,0.36837268
0,0,0.000117601856
0,0,2.2793236e-06
0,0,0.008450951
0,0,0.04049853
0,0,5.3962536e-05
0,0,0.010056326
0,0,4.1459753e-05
0,0,1.7448045e-06
0,0,1.0009359e-05
0,0,0.00037567486
0,0,0.00020625425
0,0,0.016849115
0,0,0.0029095763
0,0,3.3074318e-06
0,0,9.427048e-07
0,0,2.6967477e-05
0,0,0.00046477446
0,0,0.000100821235
0,1,0.70185405
0,0,0.003911238
0,0,3.9711804e-06
0,0,0.004039687
0,0,4.5131196e-06
0,0,0.004211283
0,0,0.0020596336
0,0,2.5326177e-05
0,0,0.00030356905
0,0,0.0045530004
0,0,6.274233e-05
0,0,2.1229927e-05
0,0,5.133308e-05
0,0,0.011804101
0,0,8.847056e-05
0,0,0.00073672156
0,0,0.23882018
0,0,0.0004784366
0,0,0.0018065005
0,0,0.0006614052
0,0,4.361284e-05
0,0,9.927764e-06
0,0,1.1533149e-05
0,0,8.7033484e-05
0,0,0.0023815641
0,0,0.00047048592
0,0,0.0003236154
0,0,0.00043848946
0,0,0.0233545
0,0,6.559625e-05
0,0,0.00031149248
0,0,2.0849955e-06
0,0,0.00012422726
0,0,0.10333771
0,0,5.8339152e-05
0,0,6.5244516e-05
0,0,0.3841528
0,0,0.0032795642
0,0,1.0878834e-06
0,0,1.2255628e-05
0,0,0.0015348275
0,1,0.99784625
0,0,3.7661111e-06
0,0,0.013483009
0,0,3.055263e-06
0,0,0.0001308031
0,0,0.0003044142
0,0,0.003218717
0,1,0.9354775
0,0,6.751457e-06
0,0,1.5781122e-06
0,0,4.771768e-05
0,0,1.819657e-06
0,0,2.273451e-06
0,0,0.06033894
0,0,0.0037167366
0,0,2.4384019e-05
0,0,7.186198e-05
0,0,9.6898206e-05
0,0,7.63921e-07
0,0,1.4769774e-06
0,0,6.4510765e-05
0,0,0.00022701263
0,0,0.015371381
0,0,1.6578679e-06
0,0,7.5929097e-06
0,0,3.0225121e-06
0,0,2.9157034e-06
0,0,2.4213841e-05
0,0,3.8484795e-06
0,0,0.0019346424
0,0,0.0006320339
0,0,0.0014652747
0,0,8.991645e-05
0,0,0.02199854
0,0,5.076901e-06
0,0,0.00012511053
0,0,5.5721874e-05
0,0,1.5876914e-05
0,0,0.058589235
0,0,0.0005507153
0,0,0.0006723404
0,0,9.149461e-05
0,0,0.00023868367
0,1,0.64925635
0,0,1.748961e-05
0,0,0.003346331
0,0,0.016917529
0,0,0.00012706703
0,0,4.5408564e-05
0,0,0.00076309236
0,0,0.00045959654
0,0,0.04763307
0,0,0.00012165633
0,0,0.00038633644
0,0,0.00051035767
0,0,2.7614649e-06
0,0,0.00019110634
0,0,0.014187831
0,1,0.7087196
0,0,0.00032119552
0,0,0.0001521318
0,0,1.1607907e-05
0,0,2.9836074e-05
0,0,0.0007026537
0,0,4.837982e-06
0,0,3.3097836e-05
0,0,2.9488601e-06
0,0,1.0527887e-05
0,0,0.00013176566
0,0,0.0001617255
0,0,0.0008632475
0,0,4.355202e-06
0,0,1.4103506e-05
0,0,9.1599024e-05
0,0,0.0012114946
0,0,4.2537786e-06
0,0,1.5978929e-05
0,1,0.86291826
0,0,0.40516642
0,0,5.6234603e-05
0,0,0.0002061367
0,0,2.9050425e-06
0,0,9.531611e-06
0,0,6.9558123e-06
0,0,0.27782413
0,0,0.00021066339
0,0,0.0019028028
0,0,0.010178858
0,0,0.0009834124
0,0,0.0003440037
0,0,8.003464e-06
0,0,0.030281838
0,0,0.017379273
0,0,0.00013026067
0,0,9.756727e-05
0,0,1.2993094e-05
0,0,0.0019177456
0,0,1.6868053e-05
0,0,1.4100197e-05
0,0,1.7591213e-06
0,0,0.002050207
0,0,3.5510097e-06
0,0,1.2205846e-05
0,0,0.00035546318
0,0,6.2801344e-05
0,0,0.027422344
0,0,8.767022e-06
0,0,4.034282e-06
0,0,1.292214e-05
0,0,0.0046174466
0,0,3.5423887e-05
0,0,0.0005467393
0,0,0.00036531338
0,0,2.436775e-05
0,0,0.00045695234
0,0,1.0076574e-05
0,0,9.066172e-07
0,0,0.005150677
0,0,5.0039766e-06
0,0,0.12647973
0,0,1.1698313e-05
0,0,0.0037275515
0,0,4.111179e-05
0,0,3.213062e-06
0,0,1.5553996e-05
0,0,4.1678453e-05
0,0,0.008586728
0,0,0.00019832562
0,0,0.0003611107
0,0,2.8325344e-06
0,0,0.042510577
0,0,0.00091143406
0,0,0.0008534079
0,0,0.00017168987
0,0,0.0022488025
0,0,0.042624388
0,0,3.8724133e-06
0,0,6.0539533e-05
0,0,0.0004257354
0,0,0.0003518285
0,0,8.127221e-06
0,0,0.006638169
0,0,5.697112e-05
0,0,0.0026718904
0,0,1.6425458e-05
0,0,0.029884221
0,0,2.479603e-06
0,0,0.0021459106
0,0,5.1145445e-05
0,0,0.0002911346
0,0,0.021421662
0,0,1.8266106e-05
0,0,1.0258934e-05
0,0,0.00034521206
0,0,0.0045147063
0,0,0.0013275084
0,0,1.7942439e-05
0,0,0.0027757569
0,0,0.0013031488
0,0,2.615161e-05
0,0,0.08061991
0,0,1.737275e-05
0,0,0.0038204421
0,1,0.85395837
0,0,4.1603716e-06
0,0,4.9244813e-05
0,0,0.0002446367
0,0,0.00012853378
0,0,0.001722299
0,0,9.692543e-07
0,0,0.00013294304
0,0,1.8510149e-05
0,0,0.0016963595
0,0,0.00037886467
0,0,0.000373161
0,0,4.068534e-06
0,0,1.08018485e-05
0,0,0.0022043914
0,0,1.7170845e-05
0,0,0.017414559
0,0,6.9573184e-06
0,0,3.2190066e-05
0,0,8.4575615e-05
0,0,0.0036853082
0,0,0.002197139
0,0,1.8861963e-06
0,0,0.025694238
0,0,0.0004341003
0,0,5.563893e-06
0,0,0.023011757
0,0,0.029733472
0,0,0.00014763827
0,0,0.44489878
0,0,1.8566243e-05
0,0,0.0005890889
0,1,0.99325436
0,0,1.8223665e-05
0,0,4.1923493e-05
0,0,0.34355384
0,0,0.0008067457
0,0,0.018973777
0,0,0.021367094
0,0,0.006041509
0,0,0.0023986017
0,0,0.00014887184
0,0,7.4001214e-06
0,0,1.3919178e-05
0,0,0.0010718768
0,0,0.092789404
0,0,0.00018515758
0,0,6.474518e-06
0,0,4.9722803e-06
0,0,0.0010521206
0,0,0.059612814
0,0,0.092253484
0,0,0.00027811952
0,0,2.5357363e-06
0,0,9.891095e-07
0,0,0.0007003343
0,0,1.26513405e-05
0,0,1.9902907e-06
0,1,0.6284524
0,0,0.009631524
0,0,0.000674826
0,0,7.952745e-06
0,0,0.0015273928
0,0,6.6052526e-05
0,0,9.5505944e-05
0,0,0.00067205593
0,0,0.014496712
0,0,0.00030921947
0,0,0.00015835224
0,0,0.0013125639
0,0,4.1553353e-06
0,0,1.093271e-05
0,0,2.2915706e-06
0,0,9.729357e-05
0,0,0.00064551603
0,0,0.03260254
0,0,2.063379e-05
0,0,0.0005854948
0,0,0.0018997833
0,0,2.649615e-05
0,0,0.00062886556
0,0,9.30222e-05
0,0,2.8446259e-05
0,0,1.8021514e-05
0,0,1.7335313e-05
0,0,8.005914e-05
0,0,1.8081852e-05
0,0,1.5911147e-06
0,0,2.669313e-06
0,0,9.45144e-06
0,1,0.9973099
0,0,0.020228053
0,0,0.002769173
0,0,5.2695386e-06
0,0,0.05423121
0,0,0.08613095
0,0,0.00021782212
0,0,0.00037097992
0,0,1.6485988e-05
0,0,0.00012776222
0,0,0.0005565815
0,0,0.00024407312
0,0,2.9456755e-06
0,0,0.00017285484
0,0,0.009413804
0,0,0.0025130457
0,0,1.410157e-05
0,0,0.00022171998
0,0,0.00022007085
0,0,0.00021225924
0,0,8.726915e-06
0,0,1.6132994e-05
0,0,6.945134e-06
0,0,0.00044968585
0,0,0.0043453514
0,0,8.060284e-06
0,0,0.0002569364
0,0,2.2660335e-05
0,0,0.00015111844
0,0,0.00019333517
0,0,4.410554e-05
0,0,6.548751e-06
0,0,1.0101178e-06
0,0,0.00020660227
0,0,0.00998073
0,0,3.3963548e-05
0,0,4.7146214e-06
0,0,0.0009188005
0,0,0.0004635754
0,0,1.218891e-05
0,0,1.6215268e-05
0,0,1.1379909e-05
0,0,0.0017461478
0,0,0.24523179
0,0,7.252384e-05
0,0,2.2054088e-05
0,0,0.014763932
0,0,0.00017281412
0,0,0.0071993615
0,0,8.499605e-05
0,0,3.16415e-06
0,0,3.770913e-05
0,0,0.00023503137
0,0,0.00027692303
0,0,0.0008789451
0,0,8.93956e-06
0,0,0.00011311675
0,0,0.0003586927
0,0,0.0012801595
0,0,0.00015637104
0,0,6.0400733e-05
0,0,3.4353397e-06
0,0,6.130333e-06
0,0,3.0450788e-05
0,0,1.46603115e-05
0,0,0.0017918797
0,0,0.0002701431
0,0,0.007964964
0,0,9.3459465e-05
0,0,0.0012593237
0,0,3.5091277e-06
0,0,0.0007386379
0,0,0.0004284759
0,0,0.0002168114
0,0,7.141574e-06
0,0,4.4732983e-06
0,0,0.00041557814
0,0,0.00083332806
0,0,0.00054622494
0,0,0.08888803
0,0,0.00016497733
0,0,0.00019991453
0,0,0.0005353303
0,0,3.4050283e-06
0,0,0.0008461201
0,0,0.006626812
0,0,0.0002741095
0,0,0.009516506
0,0,0.0047147674
0,0,0.00023123954
0,0,0.00078367704
0,0,0.00057382067
0,0,3.9070022e-05
0,1,0.6528762
0,0,1.1047832e-05
0,0,4.0229634e-06
0,0,0.0033916961
0,0,0.08230425
0,0,9.6439886e-05
0,0,3.3260246e-06
0,0,4.773966e-05
0,0,0.032499846
0,0,1.8433204e-05
0,0,4.158488e-05
0,0,1.9335043e-06
0,0,0.00014780535
0,0,4.3238808e-05
0,0,2.8574495e-06
0,0,1.6692873e-05
0,0,6.3429966e-06
0,0,1.3496637e-05
0,0,0.0061442214
0,0,0.0005037445
0,0,7.1661336e-05
0,0,5.6346457e-06
0,0,3.5657205e-05
0,0,0.00011477457
0,0,1.1890796e-05
0,0,9.821238e-05
0,0,3.9686587e-05
0,0,0.23199752
0,0,0.0012660536
0,0,4.8617865e-05
0,0,3.409028e-06
0,0,2.0158952e-05
0,0,0.0002581959
0,0,1.9728033e-05
0,0,0.00042539404
0,0,0.00017592665
0,0,0.0013689161
0,0,0.46794587
0,0,0.00034533103
0,0,0.00016470351
0,0,4.56584e-06
0,0,3.160808e-05
0,0,0.00018120997
0,0,0.0009926183
0,0,0.0013886251
0,0,3.3122305e-05
0,0,7.2273084e-05
0,0,5.5152277e-06
0,0,0.009549103
0,0,0.002146278
0,0,0.0003257574
0,0,5.110238e-06
0,0,0.00020857123
0,0,0.0009979124
0,0,3.9891216e-05
0,0,2.2684828e-06
0,0,0.003149361
0,0,0.00030143434
0,0,0.00062384934
0,0,1.4486613e-05
0,0,5.069263e-07
0,0,0.025265895
0,0,0.00024217027
0,0,0.00016436401
0,0,1.4955866e-06
0,0,2.7162472e-05
0,0,0.0005496887
0,0,8.543998e-05
0,0,0.00031702002
0,0,9.552295e-06
0,0,0.0006389134
0,0,0.00029490594
0,0,6.3236203e-06
0,0,5.257687e-06
0,0,0.025572782
0,0,0.0003437444
0,0,0.00072435965
0,0,6.2256895e-06
0,0,0.0016655418
0,0,2.4079383e-05
0,0,1.479523e-05
0,0,3.801948e-05
0,0,0.03544951
0,0,0.0007942902
0,0,0.0003466896
0,0,5.0170078e-05
0,0,1.6086016e-05
0,0,3.6143472e-06
0,0,0.18578753
0,0,0.000144354
0,0,4.949968e-06
0,0,4.8466686e-06
0,0,2.1997002e-06
0,0,2.8122664e-05
0,0,0.4405105
0,0,1.9855546e-05
0,0,2.221464e-05
0,0,0.12282772
0,0,0.00020177149
0,0,3.9877756e-05
0,0,8.880904e-06
0,0,0.0032113898
0,0,7.963944e-05
0,0,0.00010581209
0,0,0.0009052952
0,0,0.0014780993
0,0,1.4832229e-05
0,1,0.7408383
0,0,2.4075302e-06
0,0,0.0047151414
0,1,0.9155491
0,0,0.002639493
0,0,8.8385896e-05
0,0,1.4700449e-05
0,0,2.1279364e-05
0,0,0.0006004583
0,0,0.013546498
0,0,5.8437956e-07
0,0,0.00029417698
0,0,0.00013783328
0,0,0.025910676
0,0,8.7235894e-05
0,0,0.027811503
0,0,0.00045771524
0,0,0.00037156092
0,0,0.00031205782
0,0,5.5384622e-05
0,0,4.6299533e-07
0,0,0.0033846744
0,0,6.588173e-05
0,0,0.0022742308
0,0,1.2843792e-05
0,0,0.0004499895
0,0,4.091468e-06
0,0,0.025026428
0,0,3.8178474e-05
0,0,2.8507935e-05
0,0,0.00014567036
0,0,0.017815888
0,0,0.0987569
0,0,9.230494e-06
0,0,0.00031227092
0,0,6.652893e-06
0,0,0.00015620084
0,0,0.024608374
0,0,0.00389152
0,0,5.653781e-06
0,0,0.002275168
0,0,0.03344938
0,0,2.8884813e-06
0,0,5.3992417e-06
0,0,0.024021525
0,0,0.0013177947
0,0,0.042785756
0,0,5.39092e-05
0,0,0.0001255708
0,0,1.7203563e-05
0,0,2.333575e-05
0,0,0.0002132504
0,0,0.00084078
0,0,2.0587993e-06
0,0,6.06699e-06
0,0,0.0001980031
0,0,0.0032839912
0,0,6.337305e-05
0,0,4.504717e-05
0,0,9.40135e-06
0,0,4.5324072e-05
0,0,8.142146e-06
0,0,0.00096598506
0,0,9.720306e-05
0,0,0.10164495
0,0,3.2636377e-05
0,0,0.00060754386
0,0,1.0726344e-06
0,0,2.6341057e-05
0,0,0.00041198553
0,0,0.00069376174
0,0,0.019730285
0,0,0.008476983
0,0,0.0028930285
0,0,8.933716e-05
0,0,6.792191e-05
0,0,8.11404e-06
0,0,4.7026324e-06
0,0,2.11254e-06
0,0,1.3878268e-06
0,0,1.7741275e-05
0,0,0.00016286728
0,0,1.0820697e-05
0,0,0.00010940399
0,0,3.8777715e-05
0,0,4.0378736e-06
0,0,9.379267e-05
0,0,1.7645569e-05
0,1,0.9982222
0,0,0.00013388417
0,0,0.00025337687
0,0,6.7655787e-06
0,0,8.492483e-05
0,0,9.31545e-06
0,0,0.0011925636
0,0,0.0025807335
0,0,1.1496506e-05
0,0,0.00028383706
0,0,0.00038660577
0,0,8.232882e-05
0,0,2.755592e-05
0,0,1.8452147e-05
0,0,2.674999e-05
0,0,2.9173554e-05
0,0,0.009636393
0,0,2.5245443e-05
0,0,2.7534747e-05
0,0,0.027238978
0,0,0.004123021
0,0,0.000307199
0,0,1.0320138e-06
0,0,0.0011154143
0,0,0.22289324
0,0,2.1218815e-05
0,0,9.7181755e-06
0,0,0.0003096561
0,0,0.013927838
0,0,3.1361394e-06
0,0,6.577169e-05
0,0,0.027887838
0,0,6.557479e-05
0,0,0.17711756
0,0,0.010532083
0,0,1.0778903e-05
0,1,0.6551726
0,0,0.00012889277
0,0,0.006419919
0,0,2.1855563e-05
0,0,0.00042425992
0,0,0.054398067
0,0,5.1686816e-06
0,0,9.14899e-05
0,0,9.941986e-06
0,0,4.034713e-06
0,0,0.0003111455
0,0,1.1058226e-05
0,0,2.465693e-05
0,1,0.5775629
0,0,0.00011130059
0,0,6.8011606e-05
0,0,3.5669043e-05
0,0,6.427847e-06
0,0,3.1238655e-05
0,0,2.9846676e-06
0,0,2.510291e-05
0,1,0.8460665
0,0,0.00037403678
0,0,0.00910388
0,0,8.114635e-05
0,0,5.233615e-05
0,0,0.0005032138
0,0,0.0016749989
0,0,0.00037025247
0,0,0.0014376568
0,0,5.119975e-06
0,0,6.9762596e-06
0,0,2.5078913e-05
0,0,0.42960033
0,0,8.705694e-06
0,0,0.002071828
0,0,0.02150766
0,0,3.7521233e-05
0,0,0.0003146863
0,0,5.5785353e-05
0,0,2.957954e-05
0,0,4.096965e-06
0,0,0.08765962
0,0,0.019768452
0,0,2.3822518e-06
0,0,0.00026477777
0,0,0.0036749735
0,0,0.0010515904
0,0,0.00034936445
0,0,0.003151481
0,0,0.036859438
0,0,0.00077411666
0,0,0.029790945
0,0,0.0007437213
0,0,9.153614e-06
0,0,1.2634918e-05
0,0,0.00068523764
0,0,0.00025555774
0,0,0.28967547
0,0,1.9147534e-05
0,0,8.663727e-06
0,0,0.0012949414
0,0,0.00014507484
0,0,0.06625551
0,0,1.2877852e-05
0,0,0.00061961537
0,0,0.00015133341
0,0,0.019496761
0,1,0.953287
0,0,0.003770913
0,0,7.83446e-05
0,0,7.5561795e-05
0,0,0.0009722405
0,0,0.018839404
0,0,1.4553138e-06
0,0,0.0004809556
0,0,8.2396764e-05
0,0,2.5624577e-06
0,0,0.0010577756
0,0,0.0021843018
0,0,5.715483e-05
0,0,7.750115e-05
0,0,0.002474845
0,0,0.0001262601
0,0,0.0015038134
0,0,0.38050103
0,0,1.8290719e-05
0,0,0.00017774921
0,1,0.67384994
0,0,6.633165e-05
0,0,0.0010884622
0,0,0.002098141
0,0,0.0006027903
0,0,0.00013569187
0,0,1.2655858e-06
0,0,0.00010344946
0,0,1.617593e-05
0,0,2.534734e-05
0,0,0.00019250448
0,0,2.3781975e-05
0,0,0.0011790585
0,0,8.5592066e-05
0,0,6.715613e-05
0,0,7.0038113e-06
0,0,0.003427352
0,0,0.0024654437
0,0,5.884425e-06
0,0,0.00016918751
0,0,7.175783e-05
0,0,0.0001337924
0,0,0.030936696
0,0,0.0001276709
0,0,6.7112005e-06
0,0,0.0070518153
0,0,0.015387802
0,0,0.10383499
0,0,3.1677664e-05
0,0,5.9475115e-06
0,0,2.0235533e-05
0,0,0.17079547
0,0,0.008035575
0,0,0.054570183
0,0,4.354701e-05
0,0,0.014109242
0,0,0.00018156884
0,0,4.6107252e-06
0,0,0.11161679
0,0,3.7917627e-05
0,0,1.0106504e-05
0,0,4.7980044e-05
0,0,0.007767568
0,0,4.6727666e-05
0,0,7.254292e-06
0,0,0.0048224027
0,0,0.0016999131
0,0,8.338848e-06
0,0,5.6246296e-05
0,0,0.008906492
0,0,4.7698475e-05
0,0,1.8928686e-05
0,0,1.5352965e-05
0,0,0.004284659
0,0,0.00021535231
0,0,2.733627e-05
0,0,0.0050300057
0,0,0.00059758226
0,0,0.00037168508
0,0,0.026296502
0,0,1.962247e-06
0,0,3.8978524e-06
0,0,1.5261467e-05
0,0,0.027269708
0,0,0.0016749797
0,0,1.1351705e-05
0,0,0.013485018
0,0,9.1306174e-05
0,0,0.26217586
0,0,0.0017733047
0,0,0.0048378836
0,0,1.3947414e-05
0,1,0.5297627
0,0,0.00011284762
0,0,0.00045007357
0,0,0.008321813
0,0,5.9801123e-06
0,1,0.9873956
0,0,0.00049848284
0,0,0.0001648844
0,0,5.5243922e-06
0,0,5.6632234e-07
0,0,0.0004760748
0,0,0.04778889
0,0,9.1911585e-07
0,0,0.00013984795
0,0,2.5393613e-06
0,0,2.4616007e-05
0,0,7.931167e-07
0,0,0.00023132091
0,0,0.00014248362
0,0,0.0031648963
0,0,9.473821e-06
0,0,6.6747166e-06
0,0,0.0017412207
0,0,2.6103746e-06
0,0,2.2378717e-06
0,0,0.0009254405
0,0,5.7478005e-06
0,0,3.007073e-06
0,0,3.324141e-06
0,0,8.1085403e-07
0,0,0.00020913637
0,0,0.0003190369
0,0,4.3146418e-05
0,0,0.0961869
0,0,8.9301124e-05
0,0,0.073406436
0,0,2.6631276e-05
0,0,0.0063503636
0,0,1.1619747e-05
0,0,7.456924e-05
0,0,0.07213716
0,0,0.0019753962
0,0,4.9369748e-05
0,0,0.15687141
0,0,7.493251e-06
0,0,0.002835428
0,0,0.00015912403
0,0,0.004082748
0,0,0.44324738
0,0,0.000225894
0,0,0.0001596403
0,0,8.2051534e-05
0,0,0.03854338
0,0,5.5655757e-05
0,0,8.57946e-06
0,0,0.0003934848
0,0,0.00028820004
0,0,5.415777e-05
0,0,2.785824e-06
0,0,9.561794e-05
0,0,3.0038284e-06
0,0,0.00052236894
0,0,1.787312e-05
0,0,1.0565644e-05
0,0,0.011560983
0,0,1.207663e-05
0,0,0.00016827976
0,0,0.064169206
0,0,0.02937776
0,0,1.240099e-05
0,0,2.1414558e-05
0,0,3.4595207e-05
0,0,0.0004663095
0,0,3.5324272e-05
0,0,5.2834504e-05
0,0,0.0005635816
0,0,5.5025193e-06
0,0,0.00060635566
0,0,0.00022335033
0,0,0.00011907195
0,0,0.0018707891
0,0,0.0005870034
0,0,0.05445967
0,0,3.2380765e-05
0,0,0.0056364057
0,0,0.00018415313
0,0,0.0016085583
0,0,0.114723854
0,0,1.1973394e-06
0,0,0.00024971206
0,0,3.6960228e-05
0,0,4.9113814e-06
0,0,0.0042992732
0,0,0.00013373539
0,0,0.009118502
0,0,0.0010517697
0,0,0.0016725407
0,0,0.00023784042
0,0,0.013848702
0,0,0.00025728522
0,0,5.3818353e-06
0,0,0.00087288674
0,0,5.126337e-05
0,0,1.8438319e-05
0,0,7.5404677e-07
0,0,0.16434896
0,0,0.014409534
0,1,0.7966983
0,0,0.00028548148
0,0,5.348837e-06
0,0,0.00014254027
0,0,5.315468e-06
0,0,0.0024106898
0,0,5.5294906e-05
0,0,2.4495126e-05
0,0,0.0018820338
0,0,0.00017662671
0,0,0.0013783561
0,0,0.011922886
0,0,1.6863958e-06
0,0,2.970743e-05
0,0,3.273473e-06
0,0,0.005824837
0,0,0.00022823713
0,0,1.8739842e-05
0,0,6.275244e-05
0,0,6.0062997e-05
0,0,0.0010624299
0,0,0.028703922
0,0,0.0012574549
0,0,0.00017781701
0,0,6.992199e-06
0,0,0.00041937677
0,0,5.4801407e-05
0,0,0.00023113418
0,0,3.936524e-06
0,0,3.477827e-06
0,0,0.0010466435
0,0,0.04526844
0,0,9.604012e-05
0,0,0.00017993791
0,0,4.7278495e-06
0,0,0.00013849146
0,0,4.167567e-06
0,0,0.004704301
0,0,0.050809395
0,0,0.001961545
0,0,1.1903696e-05
0,0,5.6154542e-05
0,0,0.0027657645
0,0,0.012351542
0,0,9.994596e-05
0,0,0.00026756877
0,0,1.3395157e-05
0,0,2.9998468e-05
0,0,0.0006289015
0,0,0.00095360895
0,0,2.1002397e-05
0,0,3.7027185e-05
0,0,0.024570512
0,0,0.00080187386
0,0,1.3031278e-05
0,0,0.00037356603
0,0,8.7682265e-06
0,0,5.716591e-06
0,0,0.17132756
0,1,0.81473994
0,0,0.00032347415
0,0,1.2942957e-05
0,0,2.723827e-06
0,0,8.218073e-05
0,0,5.1215084e-06
0,0,0.0022523927
0,0,9.980914e-06
0,0,0.3578253
0,0,4.8420766e-06
0,0,5.982047e-07
0,0,4.724883e-06
0,0,0.008964629
0,0,9.9914025e-05
0,0,0.00013357849
0,0,1.5817013e-06
0,0,7.9144156e-05
0,0,0.013075202
0,0,4.8724223e-06
0,0,5.697835e-06
0,0,2.539066e-06
0,0,0.11206974
0,0,0.0026557888
0,0,0.0012748507
0,0,0.0002522567
0,0,0.00037188144
0,0,0.00015762735
0,0,2.1000194e-05
0,0,0.14773224
0,0,8.280634e-06
0,0,0.10282505
0,0,2.1979888e-05
0,0,8.002465e-05
0,0,0.0001268674
0,0,3.5535064e-05
0,0,0.0005476627
0,0,0.00040078876
0,0,0.008867139
0,0,0.007185109
0,0,3.90191e-06
0,0,0.20322748
0,0,0.00089507055
0,0,2.5660971e-05
0,0,2.8056336e-06
0,0,0.0057080938
0,0,4.425916e-05
0,0,1.27294e-05
0,0,0.00049999024
0,0,0.004627069
0,0,7.0317805e-07
0,0,0.0026330373
0,0,0.016013902
0,0,0.0016314994
0,0,0.20259173
0,0,7.994226e-05
0,0,3.0997006e-05
0,0,7.674328e-05
0,0,1.8696928e-05
0,0,4.961949e-06
0,0,0.0037301732
0,0,0.27128854
0,0,1.347948e-06
0,0,0.00012551405
0,0,0.023391988
0,0,2.8956554e-05
0,0,1.3160475e-06
0,0,2.7918986e-06
0,0,0.00031624237
0,0,1.4135673e-05
0,0,0.0015201783
0,0,1.8100329e-05
0,0,5.1036436e-06
0,0,0.00051778206
0,0,7.144048e-07
0,0,1.0889227e-05
0,0,6.6665352e-06
0,0,0.0575365
0,0,0.008968283
0,0,7.777388e-06
0,0,4.772594e-06
0,0,0.010624285
0,0,0.06649247
0,0,4.6856914e-07
0,0,3.6302277e-05
0,0,0.00055747025
0,0,4.0465562e-05
0,0,0.0001299732
0,0,0.0003135477
0,0,0.0050003645
0,0,1.3397728e-06
0,0,5.6717206e-05
0,0,0.0014999299
0,0,0.0016208583
0,0,3.5996209e-06
0,0,8.1064754e-05
0,0,2.2316326e-05
0,0,0.00015422626
0,0,7.8132564e-07
0,0,6.450492e-05
0,0,0.0010758227
0,0,1.8262162e-06
0,0,0.0004564488
0,0,0.00016554793
0,0,5.690716e-06
0,0,0.01651578
0,0,6.1107894e-05
0,0,0.00046760257
0,0,2.3690302e-05
0,0,0.033475023
0,0,9.0819194e-05
0,0,1.22188185e-05
0,0,4.4458675e-06
0,0,7.083546e-06
0,0,0.00068026193
0,0,0.009012704
0,0,0.017933883
0,0,0.00068926334
0,0,0.42593363
0,0,1.6236963e-05
0,0,8.938283e-05
0,0,2.098632e-05
0,0,3.1139134e-05
0,0,0.0015000564
0,0,0.05912855
0,0,0.0005652253
0,0,4.9014293e-06
0,0,6.0119615e-05
0,0,0.00011415525
0,0,3.522765e-05
0,0,0.00041064102
0,0,1.0884667e-06
0,0,0.3077624
0,0,1.5824187e-05
0,0,0.0014951599
0,0,0.008006737
0,0,0.0024280031
0,0,0.045903746
0,0,3.284687e-06
0,0,0.0012216596
0,0,6.3518615e-05
0,0,8.814082e-05
0,0,7.018656e-07
0,0,0.0006967351
0,0,0.0015232417
0,0,0.00012142338
0,0,0.0077042603
0,0,3.428748e-05
0,0,4.213528e-05
0,0,0.010566489
0,0,8.021751e-06
0,0,4.4947355e-06
0,0,0.015032502
0,0,0.00148261
0,1,0.5494756
0,0,8.6475404e-05
0,0,0.003942106
0,0,0.18707895
0,0,1.7603583e-06
0,0,4.2070315e-05
0,0,0.030904453
0,0,0.00013214097
0,0,0.016611256
0,0,0.017938334
0,0,2.9348605e-06
0,0,2.5108395e-05
0,0,1.7256683e-05
0,0,2.1958915e-05
0,0,0.0058275247
0,0,9.280901e-05
0,0,0.0017788791
0,0,1.0026489e-05
0,0,2.307219e-06
0,0,2.6843314e-05
0,0,6.301679e-07
0,0,0.023297142
0,0,0.00027396344
0,0,0.00018604031
0,0,3.818077e-05
0,0,0.0013562314
0,0,0.0075204116
0,0,0.056008782
0,0,0.0010535026
0,0,0.00052174745
0,0,0.1807938
0,0,0.00010841242
0,0,0.00051487173
0,1,0.5296197
0,0,1.1561253e-05
0,0,6.9629794e-05
0,0,3.1445812e-05
0,0,0.0007830802
0,0,0.00023200783
0,1,0.88651925
0,0,0.00017227858
0,0,9.70231e-07
0,0,4.405976e-06
0,0,0.4300084
0,0,0.06275103
0,0,5.9858467e-06
0,0,3.3303857e-06
0,0,5.258584e-06
0,0,0.00015561869
0,0,6.360608e-05
0,0,8.4858575e-06
0,0,0.00026872792
0,0,3.947698e-05
0,0,2.2272272e-05
0,0,3.2998938e-05
0,0,0.06287878
0,0,0.0027816338
0,0,5.9426243e-06
0,0,0.004786644
0,0,0.00045208828
0,0,0.30389854
0,0,0.03994111
0,0,1.3023609e-06
0,0,0.00036750967
0,0,0.004014923
0,0,0.000117125106
0,0,1.7222572e-05
0,0,6.7727226e-05
0,0,4.4747896e-05
0,0,0.003531539
0,0,0.0002879361
0,0,0.0022141796
0,0,1.3737841e-06
0,0,3.1595784e-05
0,0,9.244957e-06
0,0,0.0037722602
0,0,1.9932346e-05
0,0,1.974546e-06
0,0,0.00047895586
0,0,0.00041876198
0,0,9.1028105e-06
0,0,9.749249e-05
0,0,0.012172906
0,0,0.004182232
0,0,1.2774811e-05
0,0,8.564591e-06
0,0,8.720719e-06
0,0,0.0061078793
0,0,0.29433545
0,0,3.843081e-05
0,0,0.00012507486
0,0,1.4647613e-06
0,0,3.9918923e-05
0,0,1.5594229e-05
0,0,0.008278278
0,0,0.00024547527
0,0,0.00011786097
0,0,0.00022214359
0,0,2.1909651e-05
0,0,6.192122e-06
0,0,0.0010643704
0,0,0.0047834604
0,0,0.00049754133
0,0,0.038761474
0,0,0.00023866705
0,0,0.00067205983
0,0,0.00020268932
0,0,1.2674285e-05
0,0,4.570706e-06
0,0,0.0039758086
0,0,2.8411052e-06
0,0,0.0006335168
0,0,0.00027139933
0,0,0.12648827
0,0,1.4953249e-05
0,0,0.00028786858
0,0,0.0018957766
0,0,9.314522e-05
0,0,5.157572e-05
0,0,7.175454e-05
0,0,6.158559e-06
0,0,0.00013049936
0,0,0.005065585
0,0,7.7752975e-06
0,0,0.007814906
0,0,0.00022403925
0,0,6.802565e-07
0,0,1.3602496e-06
0,0,6.84576e-06
0,0,1.689236e-05
0,0,9.92589e-06
0,0,2.0594844e-05
0,0,0.023521416
0,0,6.674465e-05
0,0,0.00016291805
0,0,6.0925424e-05
0,0,0.00017652116
0,0,4.95461e-06
0,0,4.4210447e-06
0,0,0.001437429
0,0,3.847103e-06
0,0,0.016022034
0,0,2.3770823e-05
0,0,2.0576823e-05
0,0,0.053621225
0,0,0.11272313
0,1,0.99827075
0,0,0.000118467615
0,0,0.001802571
0,0,0.0010847503
0,0,3.0037568e-06
0,0,4.280866e-06
0,0,0.00049463275
0,0,0.0045193657
0,0,0.000269464
0,0,2.3088844e-05
0,0,1.2802752e-05
0,0,3.1556636e-05
0,0,0.12147879
0,0,0.017670766
0,0,0.11908167
0,0,2.1980264e-05
0,0,0.0015502594
0,0,0.00016352847
0,0,5.1478724e-05
0,0,1.2961363e-05
0,0,3.561316e-05
0,0,0.00016510654
0,0,2.552857e-06
0,0,0.00014485867
0,0,1.302026e-05
0,0,6.038699e-06
0,0,0.00030094673
0,0,2.3442324e-05
0,0,2.0195821e-05
0,0,0.0032522983
0,0,0.00031158928
0,0,1.2515904e-05
0,0,8.710098e-05
0,0,2.4552868e-05
0,0,6.0987054e-07
0,0,3.347731e-06
0,0,1.4627255e-05
0,0,0.0008708059
0,0,0.00051494804
0,0,0.0042196577
0,0,0.08877381
0,0,0.0003952635
0,0,0.012015539
0,0,5.46792e-05
0,0,4.271275e-06
0,0,0.0015495487
0,0,1.959128e-05
0,0,4.629013e-05
0,0,5.173783e-07
0,0,8.152476e-05
0,0,1.62578e-06
0,0,0.00046054428
0,0,7.243488e-05
0,0,0.017429758
0,0,1.680082e-05
0,0,0.00054971414
0,0,0.00876768
0,0,2.6369066e-06
0,0,0.0035869568
0,0,7.752411e-06
0,0,2.780511e-05
0,0,8.328547e-05
0,0,0.0031420668
0,0,0.00073719
0,0,0.00010689745
0,0,0.00013506178
0,0,1.2811979e-06
0,0,0.00016203977
0,0,5.589281e-05
0,0,0.032512743
0,0,1.2101127e-06
0,0,0.3940091
0,1,0.78542763
0,0,3.8726866e-06
0,0,6.841568e-07
0,0,0.00015697068
0,0,0.17793396
0,0,5.4336947e-06
0,0,1.4090465e-05
0,0,0.00011095365
0,0,0.047273528
0,0,2.5785343e-05
0,0,9.446235e-07
0,0,2.053875e-05
0,0,3.4062105e-06
0,0,1.8552668e-05
0,0,8.6483145e-05
0,0,7.063793e-05
0,0,0.04017251
0,0,0.000107159125
0,0,0.0008614677
0,1,0.9152919
0,0,0.012922097
0,0,6.5176915e-05
0,0,0.00018286757
0,0,0.001005823
0,0,0.07507575
0,0,0.00046517828
0,0,6.4488527e-06
0,0,1.8014235e-06
0,0,0.0022319527
0,0,1.1132337e-05
0,0,5.9602303e-06
0,0,0.00013642994
0,0,4.8102365e-06
0,0,3.100504e-06
0,0,1.8873676e-05
0,1,0.6147994
0,0,0.00075737707
0,0,0.082762085
0,0,0.083345935
0,0,0.0009668631
0,0,0.0012104467
0,0,1.0111401e-05
0,0,9.805601e-05
0,0,5.3028838e-05
0,0,4.6154284e-05
0,0,6.1646288e-06
0,0,0.00069208053
0,0,5.3050258e-06
0,0,2.8066454e-06
0,0,0.00015990171
0,0,0.079956435
0,0,7.164378e-06
0,0,3.46194e-06
0,0,0.00010721567
0,0,3.5798363e-05
0,0,5.5113474e-06
0,1,0.8461151
0,0,4.7526228e-06
0,0,8.004563e-05
0,0,0.00055049884
0,1,0.6380546
0,0,0.00021620943
0,0,0.00052759564
0,0,0.01186153
0,0,0.00864995
0,0,0.000118683805
0,0,7.1334885e-05
0,0,0.0010596653
0,0,0.00016054949
0,0,0.00044117452
0,0,4.304561e-05
0,0,0.00025482874
0,0,5.7657803e-06
0,0,5.026576e-05
0,1,0.9948277
0,0,4.2310232e-05
0,1,0.74729013
0,0,0.0050338493
0,0,1.8203864e-05
0,0,0.000110171066
0,0,0.00046070167
0,0,7.044849e-06
0,0,0.0009684132
0,0,0.0022393388
0,0,0.039319173
0,0,2.613493e-05
0,0,2.3964933e-06
0,0,8.746813e-06
0,0,0.0034408204
0,0,0.0002193707
0,0,4.8742746e-05
0,0,0.0013932019
0,0,5.627906e-06
0,0,4.090914e-06
0,0,0.0007981449
0,0,0.0035754882
0,0,0.009182807
0,0,7.5726825e-06
0,0,1.7422389e-06
0,0,4.385097e-05
0,0,3.6507038e-06
0,0,0.0021319473
0,0,0.22510426
0,0,9.4915085e-06
0,0,3.6144793e-05
0,0,2.1006064e-05
0,0,0.001855521
0,0,0.00012721603
0,0,0.020220334
0,0,5.1876723e-05
0,1,0.7930699
0,0,1.3693946e-06
0,1,0.8264826
0,0,3.769288e-05
0,0,1.6809075e-06
0,0,6.48411e-05
0,0,0.13513048
0,0,0.0013800346
0,0,1.4708766e-05
0,0,9.51657e-06
0,0,0.00019714725
0,0,3.743403e-05
0,0,2.1940434e-06
0,0,1.3233496e-06
0,0,1.7176775e-05
0,0,5.7629888e-05
0,0,7.689038e-05
0,0,5.441271e-06
0,0,6.361057e-05
0,0,2.8916897e-05
0,0,0.00018509406
0,0,3.0381607e-05
0,0,0.0077453423
0,0,6.1599705e-05
0,0,0.0009426367
0,0,0.008185556
0,0,2.7504184e-06
0,0,7.5471467e-06
0,0,0.0016386231
0,0,4.394419e-06
0,0,1.4092172e-05
0,0,0.00031857245
0,0,1.3961108e-05
0,0,0.0049752067
0,0,0.0005343189
0,0,3.01894e-05
0,1,0.98710746
0,0,5.6797264e-05
0,0,1.1141916e-06
0,0,0.0014659042
0,0,6.660333e-06
0,0,0.0016820721
0,0,4.503927e-05
0,0,2.464087e-06
0,0,2.7781944e-05
0,0,0.00019604764
0,0,0.0004267024
0,0,3.3684504e-05
0,0,0.00021739038
0,0,2.9180897e-05
0,0,2.1416214e-05
0,0,0.00026447806
0,0,8.189848e-05
0,0,5.4284767e-05
0,0,0.00023783065
0,0,3.9610364e-05
0,0,0.014067158
0,0,4.5623026e-05
0,0,7.082881e-05
0,0,6.53725e-05
0,0,8.94378e-07
0,0,4.979702e-06
0,0,0.008860378
0,0,9.987945e-05
0,0,4.743927e-05
0,0,6.6471152e-06
0,0,4.6268466e-05
0,0,1.7035234e-06
0,0,0.031050107
0,0,4.7500795e-05
0,0,0.00020778103
0,0,0.059144042
0,0,0.0003787027
0,0,0.0007285626
0,0,0.00021111463
0,0,1.9825162e-05
0,0,5.8385504e-05
0,0,0.0032434436
0,0,0.07536567
0,0,0.009832242
0,0,1.9966134e-05
0,0,0.023564195
0,0,4.685156e-06
0,0,0.28936064
0,0,9.671555e-07
0,0,3.1707807e-06
0,0,3.043741e-06
0,0,0.0025675762
0,0,0.001971666
0,0,0.00021868636
0,0,0.00018598745
0,0,4.0484705e-05
0,1,0.92263424
0,0,2.018909e-06
0,0,1.7468408e-05
0,0,3.706813e-05
0,0,1.1768516e-05
0,0,0.0043027513
0,0,0.00021251966
0,0,7.378529e-06
0,0,0.0005561371
0,0,7.147897e-06
0,0,0.07605213
0,0,1.6209467e-06
0,0,2.2321528e-06
0,0,0.014296355
0,0,0.0056312717
0,0,0.00025725478
0,0,8.584722e-06
0,0,0.0013921049
0,0,7.452266e-06
0,0,2.7548273e-05
0,0,3.997962e-06
0,0,2.2141928e-06
0,0,0.053078312
0,0,0.22736876
0,0,0.005070955
0,1,0.90381104
0,0,2.7234242e-05
0,0,0.00017098148
0,0,4.3112734e-05
0,0,2.5414497e-06
0,0,6.0193233e-06
0,0,2.693265e-05
0,0,0.001365097
0,0,2.6400344e-06
0,0,3.840114e-05
0,0,3.4418787e-05
0,0,2.1474665e-05
0,0,2.2104137e-05
0,0,0.15376706
0,0,0.0033234197
0,0,0.002529145
0,1,0.935651
0,0,2.2431389e-06
0,0,5.340442e-06
0,0,0.00213784
0,0,0.1651086
0,0,0.0003288616
0,0,4.5986362e-05
0,0,0.0007946294
0,0,3.520519e-05
0,0,0.0054929485
0,0,0.0005400904
0,0,0.0038046879
0,0,1.1862567e-06
0,0,0.0002762722
0,0,1.5329615e-05
0,0,5.4476634e-05
0,0,1.5160592e-05
0,0,5.4225816e-06
0,1,0.5785123
0,0,0.00016923204
0,0,0.035919808
0,0,0.0015844664
0,0,1.5545173e-05
0,0,0.10011287
0,0,1.1423129e-05
0,0,0.2977021
0,0,0.0027025123
0,0,0.0046616457
0,0,2.2787151e-05
0,0,0.001132618
0,0,1.4265777e-05
0,0,1.0649516e-05
0,0,4.5453322e-05
0,0,0.0017130108
0,1,0.926183
0,0,3.9679435e-05
0,0,9.204404e-07
0,0,7.124039e-05
0,0,4.8905848e-05
0,0,2.0448282e-05
0,0,6.253562e-06
0,0,8.142845e-06
0,0,5.0604916e-07
0,0,0.000101647856
0,0,4.997195e-06
0,0,0.00027484697
0,0,0.0005761503
0,0,0.00011556991
0,0,0.0032223407
0,0,1.9372643e-05
0,0,2.1752385e-06
0,0,4.255939e-05
0,0,3.7066682e-05
0,0,0.000786016
0,0,5.393997e-06
0,0,0.0008746826
0,0,0.00048850954
0,0,0.0004140336
0,0,0.0028017769
0,0,1.5894684e-05
0,0,0.093649425
0,0,1.1293614e-06
0,0,1.3527925e-05
0,0,1.3329964e-06
0,0,1.6507858e-05
0,0,6.3261655e-06
0,0,2.3009296e-05
0,0,0.002517393
0,0,2.0975654e-05
0,0,0.008831756
0,0,0.001248204
0,0,0.0007829954
0,0,1.1156026e-06
0,0,1.5371718e-06
0,0,2.0402274e-05
0,0,3.1733114e-05
0,0,2.4674386e-05
0,0,0.00029404016
0,0,0.20021443
0,0,0.0016115446
0,0,5.7073565e-05
0,0,2.6301472e-05
0,0,0.00014792857
0,0,8.085654e-05
0,0,2.0464571e-05
0,0,0.01009152
0,0,1.9256306e-05
0,0,0.015134397
0,0,9.566882e-06
0,0,1.7326356e-05
0,0,1.7218827e-05
0,0,2.0847729e-06
0,0,0.14665557
0,0,2.6428466e-05
0,0,0.00020503369
0,0,0.0012312528
0,1,0.8331904
0,0,1.8993513e-05
0,0,0.00015765213
0,0,2.1136457e-05
0,0,0.00010034436
0,0,7.47796e-06
0,0,3.4304325e-05
0,0,0.00010015165
0,0,3.127186e-05
0,0,0.00034839293
0,0,1.2500925e-06
0,0,5.2433115e-06
0,0,0.011028618
0,0,0.020200064
0,0,0.00021587532
0,0,0.04677623
0,0,0.0007519217
0,0,0.002070994
0,0,0.0006227331
0,0,0.13540815
0,0,0.002992034
0,0,4.9046507e-06
0,0,3.6670022e-05
0,0,0.00041794163
0,0,0.00078187406
0,0,0.007246548
0,0,1.0515956e-05
0,0,4.4714984e-06
0,0,0.0015516763
0,0,0.00013521049
0,0,6.3482494e-06
0,0,8.475117e-06
0,0,2.335423e-05
0,1,0.730586
0,0,0.009415765
0,0,0.00040823166
0,0,5.3017007e-05
0,0,0.0065084677
0,0,3.0545314e-05
0,0,0.0001427771
0,0,0.31123123
0,0,0.0019985002
0,0,7.158641e-06
0,0,8.241841e-07
0,0,3.1307005e-05
0,0,5.502737e-05
0,0,3.876026e-06
0,0,1.1420275e-05
0,1,0.60843724
0,0,0.0017883045
0,0,3.2673975e-06
0,0,0.0368721
0,0,0.006391742
0,1,0.9181793
0,0,0.0001565053
0,0,6.44442e-06
0,0,9.28084e-06
0,0,0.00052485947
0,0,3.2661064e-05
0,0,3.4348582e-06
0,0,0.0005759952
0,0,0.0115791205
0,0,0.053572115
0,0,0.0366044
0,0,0.00012939791
0,0,5.8969792e-05
0,0,2.4939034e-06
0,0,0.028450655
0,0,1.7122671e-05
0,0,8.980848e-05
0,0,3.8251596e-06
0,0,2.8179606e-05
0,0,0.009179857
0,0,6.026679e-05
0,0,0.00010687115
0,0,0.13779046
0,0,4.9894998e-06
0,0,0.008550239
0,0,0.00033578457
0,0,4.29223e-06
0,0,0.0036737148
0,0,0.0012983204
0,0,0.0002708549
0,0,0.00063436397
0,0,0.0005223795
0,0,5.892747e-06
0,1,0.9702009
0,0,0.0004849538
0,0,7.8106495e-05
0,0,0.00041320286
0,0,4.943358e-05
0,0,4.557318e-06
0,0,5.748427e-05
0,0,9.365287e-06
0,0,0.017909318
0,0,7.485708e-05
0,0,9.7357784e-05
0,0,6.8336667e-06
0,0,0.00046848637
0,0,0.02212639
0,1,0.599586
0,0,0.00050711015
0,1,0.99843687
0,0,0.008803476
0,0,0.009255877
0,0,0.00015129334
0,0,6.182505e-05
0,0,3.0480072e-05
0,0,4.2106763e-05
0,0,1.8981802e-06
0,0,0.0018327014
0,0,9.209667e-05
0,0,2.0768925e-05
0,0,1.846755e-05
0,0,3.1238833e-05
0,0,0.0003819839
0,0,3.1534412e-06
0,0,5.1638817e-05
0,0,0.00035203816
0,0,0.021132177
0,0,0.00048497136
0,0,0.0005344132
0,0,0.03737861
0,0,0.007547931
0,0,0.0018580953
0,0,0.022438744
0,0,5.192247e-06
0,0,1.7736523e-06
0,0,0.0010420862
0,0,0.0049605127
0,0,7.7137425e-05
0,0,0.0028029203
0,0,6.4009373e-06
0,0,1.396525e-05
0,0,1.30611e-05
0,0,0.0005192183
0,0,0.0068823076
0,1,0.99753076
0,0,6.18546e-05
0,0,0.002899556
0,0,5.7927307e-05
0,1,0.74994504
0,0,0.0014695969
0,0,8.978622e-05
0,0,0.00045886415
0,0,0.0033207007
0,0,6.704863e-05
0,0,3.1077093e-06
0,0,0.00046917147
0,0,8.4961175e-06
0,0,1.8488308e-05
0,0,0.0006397705
0,0,0.00016898337
0,0,5.0209615e-05
0,0,1.9310593e-05
0,0,2.7784516e-05
0,0,0.023430763
0,0,6.343456e-06
0,0,6.829803e-05
0,0,8.8116605e-05
0,0,1.1551058e-05
0,0,9.0860533e-07
0,0,0.00021963986
0,0,0.06631328
0,0,0.00015908474
0,0,0.00085515226
0,0,3.6441823e-05
0,0,0.043375038
0,0,2.3071484e-06
0,0,0.0008140195
0,0,0.00091625354
0,0,0.0003502429
0,0,6.69196e-05
0,0,2.1930977e-05
0,0,0.0586672
0,0,0.00065707444
0,0,0.05165943
0,0,0.00023442913
0,0,0.009377683
0,1,0.84691477
0,1,0.92210484
0,0,0.0027576527
0,0,0.00018033398
0,0,0.0015306141
0,0,2.2535146e-06
0,0,6.111251e-06
0,0,0.00024226702
0,0,0.0001878087
0,0,3.2581745e-06
0,0,4.3408054e-06
0,0,0.059155826
0,0,3.5053225e-05
0,0,0.008907004
0,0,5.029017e-06
0,0,0.00024945269
0,0,0.008349203
0,0,1.851652e-06
0,0,0.05540376
0,0,3.938576e-05
0,0,8.3789324e-05
0,0,0.014701768
0,0,0.0003871948
0,0,1.8426068e-05
0,0,8.4411704e-07
0,0,4.5792545e-05
0,0,1.7889919e-05
0,0,7.372733e-05
0,0,0.00085614494
0,0,0.0021029506
0,0,0.0004540973
0,0,1.679646e-05
0,0,7.5095045e-06
0,0,0.00051619456
0,0,0.00027366608
0,0,1.373747e-05
0,0,0.00065552257
0,1,0.82077444
0,0,0.0006455305
0,0,0.00035214963
0,0,9.574184e-06
0,0,0.0016509632
0,0,2.89755e-06
0,0,0.001077148
0,0,5.5152876e-05
0,0,0.001371854
0,1,0.97725827
0,0,1.04289475e-05
0,0,0.00011670994
0,0,0.0003785278
0,0,0.04779438
0,0,0.028084785
0,0,0.004684495
0,1,0.99642193
0,0,0.003998907
0,0,1.1344628e-05
0,0,0.017865214
0,0,0.00012351891
0,0,0.0010031249
0,0,0.0011347964
0,0,0.00022698882
0,0,0.00030614357
0,0,0.000287105
0,0,0.0029255676
0,0,0.00014903149
0,0,0.0027837204
0,0,4.7715133e-05
0,0,1.3140534e-06
0,0,0.033856645
0,0,0.075395435
0,1,0.75118315
0,0,0.011110445
0,0,4.2271713e-05
0,0,0.0035963238
0,0,9.717118e-05
0,0,0.0003301628
0,0,6.0460997e-07
0,0,1.4626041e-05
0,0,3.7920672e-06
0,0,0.00022860517
0,0,1.8014178e-05
0,0,2.280089e-05
0,0,4.5899383e-06
0,0,0.00094585604
0,0,0.00057338213
0,0,0.00026181087
0,0,0.0014301675
0,0,5.0742856e-05
0,0,0.0004921214
0,0,1.5265761e-05
0,0,0.0011248533
0,0,0.00021613296
0,0,3.3545028e-05
0,0,0.018377813
0,0,6.028886e-05
0,0,5.960351e-05
0,0,0.08372013
0,0,5.1996874e-05
0,0,0.00027245213
0,0,0.0016890086
0,0,2.1265844e-06
0,0,0.008722502
0,0,1.2877073e-06
0,0,0.041857313
0,0,0.00022376748
0,0,4.8726477e-05
0,0,8.739576e-06
0,0,0.00064797635
0,0,0.0024782834
0,0,0.00082408066
0,0,0.0018318982
0,0,0.018923538
0,0,1.2182367e-05
0,0,0.00068987126
0,0,0.00041405534
0,0,0.000569311
0,0,0.00046761835
0,0,9.621679e-06
0,0,3.8662474e-06
0,0,2.9009814e-05
0,0,5.483707e-06
0,0,0.14032161
0,0,0.24868749
0,0,0.00013107629
0,0,2.0481733e-05
0,0,0.008853413
0,0,1.6690341e-05
0,0,3.854532e-06
0,0,3.4722793e-06
0,0,1.0162853e-05
0,0,5.1882375e-06
0,0,0.0010016977
0,0,2.8171332e-06
0,0,0.000103737024
0,0,0.0012666303
0,0,3.47269e-06
0,0,2.3800536e-05
0,0,3.8417988e-05
0,0,0.00012253138
0,0,1.1195941e-06
0,0,0.00021687921
0,0,4.4641242e-06
0,0,0.00015700377
0,0,6.4966254e-05
0,0,1.7329034e-05
0,0,0.019506585
0,0,4.5233355e-05
0,0,0.00019468542
0,0,0.00046203352
0,0,2.7066204e-05
0,0,3.6733866e-06
0,0,1.9768448e-05
0,0,0.35357776
0,0,0.00013406761
0,0,0.0015475021
0,0,0.00053683616
0,0,0.0007216312
0,0,5.5410183e-06
0,0,0.00027568438
0,0,0.00011865122
0,0,1.5639327e-05
0,0,7.6137053e-06
0,0,7.972429e-06
0,0,0.0015372747
0,0,0.0013283354
0,0,0.00024874447
0,0,0.0011527681
0,0,3.2518754e-05
0,0,0.0006884677
0,0,1.6411916e-05
0,0,0.034049213
0,0,0.016915897
0,0,4.2875705e-05
0,0,0.0001141003
0,0,1.9082749e-05
0,0,7.858359e-05
0,0,0.0011174644
0,0,2.7656539e-05
0,0,2.1356618e-05
0,0,6.21276e-05
0,0,1.427529e-06
0,1,0.8946298
0,0,1.6715605e-05
0,0,6.299868e-06
0,0,5.0937733e-06
0,0,1.9209427e-05
0,0,2.781426e-05
0,0,8.276e-06
0,0,5.7449746e-05
0,0,2.4103416e-05
0,0,5.5579698e-05
0,0,0.008499007
0,0,0.028099047
0,0,0.002306718
0,0,2.5774894e-05
0,0,0.00020337735
0,0,0.0047321473
0,0,3.936655e-06
0,0,0.00037291847
0,0,0.00041981478
0,0,4.273952e-06
0,0,0.28036678
0,0,0.00028695175
0,0,1.1366849e-05
0,0,2.8581553e-06
0,0,0.007032616
0,0,0.08325864
0,0,9.14222e-06
0,0,1.4450824e-06
0,0,9.898417e-07
0,0,0.0012444864
0,0,0.017993223
0,0,1.7706677e-06
0,0,0.00010541289
0,0,3.554832e-06
0,0,0.027964124
0,0,2.9101699e-05
0,0,0.003764738
0,0,8.629351e-05
0,0,0.00020850962
0,0,6.1600626e-06
0,0,0.0063811643
0,0,2.0748335e-05
0,0,0.00030021256
0,0,9.860309e-06
0,0,9.7239674e-05
0,0,0.0007618317
0,0,5.7624384e-06
0,0,4.386971e-05
0,0,0.0057465914
0,1,0.7612258
0,0,1.6623071e-06
0,0,5.0240847e-05
0,1,0.6304997
0,0,6.3905745e-06
0,0,0.00042192283
0,0,0.00735652
0,0,9.267363e-07
0,0,0.0032963976
0,0,0.000100972684
0,0,0.00049552956
0,0,2.4892106e-05
0,0,0.005058014
0,0,0.0006933011
0,0,0.029470883
0,0,4.5138808e-05
0,0,0.0012794001
0,0,4.6989655e-05
0,0,5.9807397e-05
0,0,0.0035637415
0,0,6.8792738e-06
0,0,0.0004219323
0,0,0.0006651189
0,0,1.5007645e-06
0,0,3.4859493e-06
0,0,1.7195443e-05
0,0,2.4902006e-06
0,0,0.0002766259
0,0,0.10044729
0,0,0.007270249
0,0,0.00836419
0,0,3.915661e-06
0,0,0.005302559
0,0,3.422878e-05
0,0,5.978738e-05
0,0,2.1611946e-05
0,0,1.3785397e-05
0,0,3.9616298e-05
0,0,0.0026241152
0,0,0.00069057004
0,1,0.9993259
0,0,0.011104091
0,0,0.13662037
0,0,4.9263836e-06
0,0,2.8439723e-05
0,0,5.06699e-06
0,0,1.0066057e-05
0,0,0.0002845635
0,0,1.948935e-05
0,0,3.773218e-05
0,0,7.558334e-05
0,0,9.084527e-05
0,0,0.00064248126
0,0,0.00013508898
0,0,8.195986e-06
0,0,0.0012429181
0,0,0.0019681044
0,0,1.6075555e-05
0,0,0.36704943
0,0,3.966589e-05
0,0,6.3994908e-06
0,0,0.0007112581
0,0,1.7612215e-06
0,0,0.0010964161
0,0,0.00081166025
0,0,0.0048729335
0,0,0.00019222312
0,0,3.3626347e-05
0,0,3.8338563e-05
0,0,1.1702978e-05
0,0,0.0006946695
0,0,1.85229e-05
0,0,3.3512762e-05
0,0,3.434682e-05
0,1,0.8861984
0,0,0.0011243081
0,0,0.00071236456
0,0,0.00011618693
0,0,0.0064466433
0,0,0.0012943817
0,0,1.3025774e-05
0,0,1.3129149e-05
0,0,0.0031901184
0,0,3.4513512e-05
0,0,2.974723e-05
0,0,1.6981474e-05
0,0,0.0018674451
0,0,4.804351e-05
0,0,0.0018574647
0,0,0.0006473653
0,0,0.00095189427
0,0,0.00047555778
0,0,0.0016400113
0,0,0.0053941472
0,0,0.0017421509
0,0,0.00011942046
0,1,0.9356717
0,0,0.008041982
0,0,0.1712777
0,0,0.0016337066
0,0,0.0002229448
0,0,0.0007346737
0,0,0.23433965
0,0,0.00035491583
0,0,0.0008172827
0,0,1.7364302e-05
0,0,0.00029789397
0,0,0.00011467425
0,0,1.7318293e-05
0,0,7.766657e-05
0,0,0.0038261486
0,0,4.9003927e-05
0,0,0.00012880136
0,0,0.0054161632
0,0,0.000106064035
0,0,0.015605146
0,0,0.0042140447
0,0,0.0004756051
0,0,2.3690458e-05
0,0,5.1019913e-05
0,0,0.00037944695
0,0,6.118237e-06
0,0,0.00081110426
0,0,8.9767804e-05
0,0,1.8530374e-05
0,0,3.6382236e-05
0,0,0.0003657605
0,0,5.959287e-06
0,0,7.956402e-06
0,0,2.8769522e-05
0,0,1.14502545e-05
0,0,6.0166756e-05
0,0,0.06643264
0,0,0.0018894335
0,0,1.0814579e-05
0,0,0.0022683677
0,0,0.0011492202
0,0,0.0008012716
0,0,0.05154329
0,1,0.526555
0,0,3.655316e-06
0,0,0.026710398
0,0,0.0014603894
0,0,4.900971e-06
0,0,0.0025086543
0,0,1.24736025e-05
0,0,0.0007654703
0,0,0.00025150794
0,0,0.0001721487
0,0,2.8210554e-05
0,0,0.00015894737
0,0,7.3327574e-06
0,0,0.00016073605
0,0,0.00012275825
0,0,6.0583634e-06
0,0,0.015542
0,0,0.00022909285
0,0,0.00022203539
0,0,2.3382088e-05
0,0,9.586586e-07
0,0,0.0004356156
0,0,0.0020471867
0,0,5.890646e-06
0,0,0.029163465
0,0,0.0007562254
0,0,3.2505668e-05
0,0,7.6640754e-05
0,0,0.00048094644
0,0,0.0006541185
0,0,0.00032669297
0,0,0.00013297421
0,0,1.2325674e-05
0,0,0.00015958716
0,0,6.471157e-05
0,0,0.001164315
0,0,1.9333094e-05
0,0,0.0001679598
0,0,1.15208595e-05
0,0,0.051070604
0,0,5.429936e-05
0,0,0.05110988
0,0,1.2303548e-05
0,0,1.7112403e-05
0,0,0.018386103
0,0,0.024597308
0,0,0.0008781399
0,0,0.08681392
0,0,3.3323047e-06
0,0,0.003393655
0,0,2.030752e-06
0,0,0.14051904
0,0,0.00025637232
0,0,0.0062533347
0,0,2.2647757e-06
0,0,0.00010158247
0,0,7.308332e-07
0,0,0.0030739903
0,0,9.806994e-05
0,0,3.209982e-05
0,0,0.0009246538
0,0,6.786762e-06
0,0,1.9139628e-05
0,0,1.041253e-05
0,0,0.0017404666
0,0,3.8720955e-05
0,1,0.8664981
0,0,0.00016958515
0,0,0.01564337
0,0,0.0012490716
0,0,3.4613025e-05
0,0,7.5388336e-05
0,0,0.0006715159
0,0,0.00011787052
0,1,0.71321046
0,0,0.00031122175
0,0,8.5771986e-05
0,0,8.50648e-05
0,0,3.676821e-05
0,0,0.000142679
0,0,1.924793e-06
0,0,6.6105575e-05
0,1,0.9999105
0,1,0.7585476
0,0,0.0006016232
0,0,0.002591231
0,0,1.9506379e-05
0,0,0.00035883134
0,0,1.2023054e-06
0,0,0.006687331
0,1,0.5719143
0,0,0.04511778
0,0,3.692112e-05
0,0,0.0006658705
0,0,0.00016031116
0,0,0.0007331106
0,0,4.3326368e-06
0,0,0.00056138024
0,0,2.2623299e-06
0,0,0.0003618049
0,0,7.819199e-06
0,0,0.00012900836
0,0,3.941649e-05
0,0,9.648859e-06
0,0,0.14561193
0,1,0.67163014
0,0,1.27854755e-05
0,1,0.75887793
0,0,4.4228316e-05
0,0,1.4697773e-05
0,0,0.01847125
0,0,0.054658018
0,0,0.00042326414
0,0,4.1379117e-06
0,0,0.00021976703
0,0,1.6944476e-05
0,0,8.526076e-06
0,0,0.007137523
0,0,0.0002623509
0,0,0.00013549934
0,0,0.0001963904
0,0,0.0016281195
0,1,0.944247
0,0,7.854991e-06
0,0,7.2940195e-05
0,0,0.07028512
0,0,1.8023206e-06
0,0,0.00013867913
0,0,0.00027876167
0,0,3.861096e-05
0,0,1.5743243e-06
0,0,8.278197e-05
0,0,0.017538441
0,0,0.012089999
0,0,5.4683474e-05
0,0,0.00021826121
0,0,0.21080664
0,0,8.195331e-05
0,0,0.00016202
0,0,0.00019082574
0,0,0.0020134374
0,0,2.7173148e-05
0,0,5.2283172e-05
0,0,0.00034856872
0,0,1.5382248e-05
0,0,3.8896233e-06
0,0,2.0551488e-05
0,1,0.74885714
0,0,1.3424455e-05
0,0,1.2848631e-05
0,0,1.4110745e-05
0,0,1.9384028e-05
0,0,4.4689245e-06
0,0,0.0036761332
0,0,1.2753192e-05
0,0,4.072253e-06
0,0,0.00028286723
0,0,0.0036860208
0,1,0.6063084
0,0,1.86924e-05
0,0,8.639628e-06
0,0,6.3285115e-05
0,0,0.0007174682
0,0,6.583005e-05
0,0,3.8222403e-05
0,0,0.0011390288
0,0,0.00018650385
0,0,0.0004883015
0,1,0.9815756
0,0,0.00014642124
0,0,1.7861825e-05
0,0,6.6640354e-07
0,0,1.18099015e-05
0,0,0.0011096116
0,0,0.024585646
0,0,0.0012366736
0,1,0.9733155
0,0,3.350081e-05
0,0,2.284311e-05
0,0,0.057179734
0,0,0.068331726
0,0,8.577865e-06
0,0,8.035548e-06
0,0,0.0005154465
0,0,2.5635939e-06
0,0,0.109105244
0,0,3.571847e-06
0,0,3.2108084e-05
0,0,0.0045873793
0,0,0.0011983238
0,0,0.00059383106
0,0,1.9051053e-05
0,0,0.00013874365
0,0,1.5150127e-05
0,0,1.0747584e-05
0,0,0.00011656346
0,0,0.000113362184
0,0,1.0980022e-05
0,0,0.00018799756
0,0,9.562841e-06
0,0,0.0001401594
0,0,0.03312542
0,0,2.5503978e-05
0,0,2.6023412e-05
0,0,0.055606358
0,1,0.68336827
0,0,0.0007625276
0,0,1.7986513e-06
0,0,9.792808e-06
0,0,1.8984856e-05
0,0,0.00045923196
0,0,7.448787e-05
0,0,0.01506398
0,0,0.0019538892
0,0,0.0006498834
0,0,0.23146325
0,0,3.0651242e-06
0,0,0.0003449408
0,0,8.581579e-06
0,0,0.008421303
0,0,0.0014568515
0,0,1.6791448e-05
0,0,8.663422e-06
0,0,2.1308504e-05
0,0,0.027936706
0,0,0.00033277113
0,0,7.1472015e-05
0,0,1.8340057e-06
0,0,6.492048e-05
0,0,3.4820278e-05
0,0,0.00042421988
0,1,0.7033204
0,0,2.0271538e-05
0,0,5.972948e-06
0,0,0.0125693455
0,1,0.7980676
0,0,1.2039843e-05
0,0,0.0002913473
0,0,0.00040572733
0,0,0.035298057
0,0,3.5036069e-06
0,0,1.9806284e-05
0,0,3.2891494e-05
0,0,2.079108e-06
0,0,5.9872065e-07
0,0,6.572073e-05
0,0,1.8377226e-06
0,0,4.071026e-06
0,0,6.218616e-06
0,0,0.00029971494
0,0,3.1289277e-05
0,0,6.11714e-06
0,0,0.009967051
0,0,1.6992561e-06
0,0,6.166916e-06
0,0,0.094341315
0,0,0.00031041956
0,0,0.00090220553
0,0,0.003771379
0,0,0.0019731468
0,0,0.0020395517
0,0,3.4900793e-05
0,0,1.8270268e-05
0,0,9.447169e-06
0,0,0.001357808
0,0,1.1128154e-05
0,0,2.2719773e-06
0,0,1.2876864e-06
0,0,0.015626088
0,0,0.0005242765
0,1,0.9490126
0,0,0.0001615974
0,0,1.5347769e-05
0,0,2.3479219e-05
0,0,0.009336751
0,0,4.7280747e-07
0,0,0.00014416374
0,0,3.591565e-05
0,0,7.944893e-06
0,0,5.652224e-05
0,0,4.6731075e-06
0,0,0.000104178354
0,0,8.358009e-05
0,0,0.22421938
0,0,0.004513502
0,0,0.00048961677
0,0,0.004421734
0,0,2.702053e-05
0,0,2.0082477e-06
0,0,0.00036640052
0,0,0.00067571766
0,1,0.98904514
0,0,4.7036232e-05
0,0,7.878873e-05
0,0,0.005491954
0,0,0.00026116494
0,0,2.4693636e-06
0,1,0.8945837
0,0,9.8229335e-05
0,0,2.0564994e-06
0,0,0.089235954
0,0,1.2208245e-05
0,0,0.00010497313
0,0,0.0027505308
0,0,3.4889512e-05
0,0,0.028547775
0,0,7.00386e-05
0,0,4.3155513e-05
0,0,1.7662018e-05
0,0,0.20469527
0,0,0.0035734097
0,0,4.56575e-05
0,0,2.369251e-06
0,0,3.2224805e-05
0,0,0.010756092
0,0,2.8396851e-05
0,0,3.4449822e-05
0,0,0.002776644
0,1,0.7650374
0,0,3.326685e-05
0,0,5.7625043e-06
0,0,8.383189e-06
0,0,0.0002408373
0,0,0.00010047678
0,0,3.825627e-06
0,0,0.00030721308
0,0,1.24593125e-05
0,0,0.00020167725
0,0,8.254941e-05
0,0,4.7186877e-06
0,1,0.9513344
0,0,3.362384e-07
0,0,0.3264615
0,0,2.3809345e-05
0,0,1.6519117e-06
0,0,2.1797393e-07
0,0,6.8110145e-05
0,0,1.1532236e-05
0,0,0.000108316846
0,0,2.9571838e-05
0,0,4.0584593e-05
0,0,0.00026579
0,0,7.034712e-05
0,0,0.37959567
0,0,3.92817e-05
0,0,0.0046759066
0,0,1.5546864e-05
0,0,0.00039133235
0,0,2.8777917e-05
0,0,3.987373e-05
0,0,5.628729e-05
0,0,0.0007511109
0,0,0.0005058267
0,0,0.00074454397
0,0,3.4435794e-05
0,0,0.00021417918
0,0,0.00016185602
0,0,0.2636332
0,0,1.1238433e-06
0,0,6.273042e-05
0,0,0.001880268
0,0,0.00011943994
0,0,0.0025263892
0,0,1.0999767e-06
0,0,0.000217527
0,0,4.1912463e-05
0,0,0.003387252
0,0,1.5828647e-06
0,1,0.59208935
0,0,0.00013211062
0,0,3.019559e-06
0,0,8.7669876e-05
0,0,0.014766118
0,0,6.3884494e-05
0,0,0.0045376695
0,0,1.284743e-05
0,0,2.201879e-06
0,0,3.980439e-05
0,0,6.953636e-05
0,0,8.754338e-07
0,0,0.000113155045
0,0,6.665123e-05
0,0,3.8939215e-06
0,0,8.429807e-06
0,0,2.085409e-06
0,0,1.5769089e-06
0,1,0.99971694
0,0,1.838775e-05
0,0,0.00062434893
0,0,0.0015867203
0,0,0.0006347522
0,0,0.013952547
0,0,0.00093855994
0,0,0.013551239
0,0,0.0034536414
0,0,0.001984623
0,0,3.451875e-06
0,0,0.010373722
0,0,9.2263515e-05
0,0,2.5446582e-06
0,1,0.56129503
0,0,5.5573864e-06
0,0,0.0006170554
0,0,8.599698e-07
0,0,4.654093e-05
0,0,0.0018789424
0,0,0.0009641659
0,0,0.0017995413
0,0,0.3002793
0,0,1.0877447e-05
0,0,0.0007139535
0,0,0.0024424666
0,0,6.975568e-06
0,0,0.010567776
0,0,0.02369657
0,0,3.0970798e-05
0,0,8.324141e-05
0,0,0.0004118954
0,0,0.0007960011
0,0,0.00040116007
0,0,5.48102e-06
0,0,0.00034354848
0,0,5.6951183e-05
0,0,0.00038797772
0,0,0.00020273552
0,0,0.06725211
0,0,7.6241104e-06
0,1,0.7466697
0,0,0.0003980089
0,0,0.005620666
0,0,1.51552e-05
0,0,7.249121e-05
0,0,2.5049701e-05
0,0,2.4036617e-05
0,0,1.1503217e-05
0,0,0.0013044012
0,0,0.0003917814
0,0,4.494783e-06
0,0,6.661386e-05
0,0,0.009850815
0,0,0.09392061
0,0,0.0024778717
0,0,0.00042749263
0,0,6.7273686e-05
0,0,0.04863069
0,0,0.00037152568
0,0,0.00080176693
0,0,0.0016375625
0,0,8.971132e-05
0,0,0.00025769667
0,0,1.0922174e-05
0,0,0.00076385733
0,0,7.24005e-05
0,0,2.087054e-06
0,0,1.0351185e-05
0,1,0.9275602
0,0,0.0014965642
0,0,0.099577256
0,0,0.008164589
0,0,5.164789e-06
0,0,3.382638e-06
0,0,0.0014936337
0,0,0.33327672
0,0,1.686162e-05
0,0,1.0930041e-05
0,0,0.0020888727
0,0,3.2855438e-05
0,0,0.0001521981
0,0,7.5875956e-05
0,0,0.0012914368
0,0,3.122912e-05
0,0,4.299744e-06
0,0,0.0008573193
0,0,3.934186e-06
0,0,9.777905e-06
0,0,1.6279058e-05
0,0,0.0057604653
0,0,2.1505652e-05
0,0,3.6364397e-06
0,0,6.487345e-05
0,0,0.00020556514
0,0,0.00011556241
0,0,0.0007862011
0,0,0.03838101
0,0,0.0012664951
0,0,3.6333965e-06
0,0,0.00024774775
0,0,5.4478816e-05
0,0,0.0006199255
0,0,3.8750208e-05
0,0,8.4099025e-05
0,0,0.00016248057
0,0,1.6352236e-05
0,0,0.033553045
0,0,0.0072473506
0,0,3.391212e-05
0,0,2.676093e-06
0,0,0.0075638713
0,0,1.4269152e-05
0,0,6.4621534e-05
0,0,1.2860841e-05
0,0,1.7476071e-06
0,0,0.059774023
0,0,2.9051811e-05
0,0,2.7410511e-05
0,0,0.00023795314
0,0,0.0020947992
0,0,0.00036146253
0,0,0.044441413
0,0,3.8895007e-05
0,0,0.008350644
0,0,1.792232e-06
0,0,2.5657422e-05
0,0,1.0797921e-06
0,0,3.1627324e-06
0,0,0.0032909468
0,0,8.251191e-06
0,0,0.00041387306
0,0,7.466843e-06
0,0,0.00059412024
0,0,6.554584e-05
0,0,0.0021533547
0,0,2.1677026e-05
0,0,7.963412e-05
0,0,0.0008602398
0,0,1.5212843e-06
0,0,3.8008109e-06
0,0,2.3966302e-05
0,0,8.045999e-06
0,0,0.03520585
0,0,0.00057221623
0,0,1.6445976e-05
0,0,0.00029916054
0,0,0.002008419
0,0,0.25520742
0,0,3.0421124e-05
0,0,1.5743688e-05
0,0,0.0007476442
0,0,2.548622e-06
0,0,3.1470117e-05
0,0,6.3882467e-06
0,0,9.164252e-06
0,0,1.3004995e-05
0,0,1.2871124e-05
0,0,2.2588552e-05
0,0,9.067277e-05
0,0,0.0037334494
0,0,5.282886e-05
0,0,0.070869975
0,0,0.0013023863
0,0,2.557139e-05
0,0,4.485221e-06
0,0,0.0018781277
0,1,0.8104025
0,0,1.16560395e-05
0,0,9.5555115e-06
0,1,0.74365485
0,0,0.0006035028
0,0,0.03810333
0,0,6.630901e-05
0,0,2.0402465e-06
0,0,1.8959361e-05
0,0,0.012641216
0,0,6.7049914e-05
0,0,0.0038542137
0,0,1.5244009e-06
0,0,0.0015548506
0,0,0.00024657304
0,0,0.0016211848
0,0,0.00082209526
0,0,2.9391372e-06
0,0,7.922541e-05
0,0,0.01900045
0,0,0.00020343048
0,0,0.0010957583
0,0,0.0003223357
0,0,6.3458037e-06
0,0,1.8909563e-05
0,0,0.00040109872
0,0,5.6575404e-06
0,0,1.3804815e-05
0,0,9.824432e-05
0,0,2.645155e-06
0,0,0.000177278
0,0,1.6880202e-05
0,0,3.7115126e-06
0,0,7.999527e-06
0,0,0.00029137783
0,0,0.00010246719
0,0,8.859424e-07
0,0,6.9115947e-07
0,0,6.534781e-05
0,0,0.044716164
0,0,1.5091725e-05
0,0,0.0057409685
0,0,0.03362634
0,0,2.0315741e-05
0,0,0.0007052046
0,0,1.4258514e-05
0,0,4.0367624e-05
0,0,0.00016216528
0,0,0.00038351605
0,0,0.006153701
0,0,2.8023982e-05
0,0,3.9982633e-06
0,0,0.009160673
0,0,0.00027139054
0,0,1.7881924e-06
0,0,3.8959228e-05
0,0,0.0004353885
0,0,9.263236e-05
0,0,0.00011533498
0,0,0.012713757
0,0,0.00057148666
0,0,2.3754299e-06
0,0,0.0012142916
0,0,3.821781e-05
0,0,0.0015653513
0,0,4.7851995e-06
0,0,0.00010249202
0,0,0.052404895
0,1,0.97717005
0,0,0.01300103
0,0,3.0391698e-06
0,0,2.8923596e-06
0,0,4.7878425e-06
0,0,8.2046055e-05
0,0,2.5183886e-05
0,0,2.5671193e-06
0,0,0.00069116626
0,0,7.3266307e-07
0,0,0.0062928447
0,1,0.85066444
0,0,9.231368e-05
0,0,7.629049e-06
0,0,0.030714761
0,0,0.00092787814
0,0,1.3862719e-05
0,0,0.02004933
0,0,1.0166944e-05
0,0,0.0004896694
0,0,0.00012210496
0,0,0.0014806922
0,0,0.00041076087
0,0,0.00018274765
0,0,0.010091977
0,0,0.03906654
0,0,1.963838e-05
0,0,5.602104e-05
0,0,0.00018419018
0,0,0.0021355983
0,0,0.005880812
0,0,0.00036292552
0,0,2.1822343e-05
0,0,1.3654738e-05
0,0,6.452597e-05
0,0,1.5515241e-05
0,0,4.880133e-06
0,0,2.1561464e-06
0,0,0.00048115323
0,0,6.9185586e-07
0,0,5.0267005e-05
0,1,0.8575084
0,0,0.0020327535
0,0,0.1342333
0,0,1.222396e-06
0,0,8.461571e-05
0,0,0.0022234377
0,0,0.02360168
0,0,6.482257e-07
0,0,7.855681e-06
0,0,6.6918105e-06
0,0,0.001678519
0,0,2.144994e-05
0,0,0.0002512347
0,0,2.3374372e-05
0,0,0.00027943144
0,0,1.3051813e-05
0,0,0.0005479133
0,0,1.0933741e-06
0,0,0.00067701814
0,0,2.844135e-05
0,0,2.3057291e-05
0,0,0.004549751
0,0,2.2014715e-06
0,1,0.94922364
0,0,0.004828895
0,0,0.00025290865
0,0,0.003931071
0,0,0.0013924589
0,0,1.8614218e-06
0,0,0.1141487
0,0,0.0103868535
0,0,0.00019809995
0,0,3.900332e-06
0,0,1.2968311e-05
0,0,3.9479884e-05
0,0,1.1990262e-05
0,0,0.0005791062
0,0,0.38108647
0,0,6.831172e-05
0,0,3.4779464e-06
0,0,0.0008668363
0,0,0.12992144
0,0,5.73876e-05
0,0,0.00017345815
0,0,0.00065314263
0,0,1.747474e-05
0,0,0.00076153124
0,0,0.0003385396
0,0,3.4095723e-05
0,0,0.0011839083
0,0,0.005223576
0,1,0.9766212
0,0,0.018249677
0,0,0.0006930289
0,0,0.0005992017
0,0,0.0066146124
0,0,4.117049e-05
0,0,0.13676442
0,0,1.3207978e-06
0,0,9.1827715e-05
0,0,0.00011040148
0,0,0.0003189794
0,0,0.0047121393
0,0,0.009075303
0,0,0.00427579
0,1,0.81502855
0,0,2.5358693e-06
0,0,0.0005839026
0,0,8.99017e-05
0,0,0.20800887
0,0,0.0012657004
0,0,8.0497106e-05
0,0,8.069744e-06
0,0,7.238206e-05
0,0,0.0024271428
0,0,3.0174144e-06
0,0,0.00010686625
0,0,0.0011843789
0,0,8.187463e-06
0,0,0.00066002784
0,0,0.048737958
0,0,2.7498061e-05
0,0,5.0060003e-06
0,0,3.2849312e-06
0,0,2.290373e-05
0,0,4.998212e-05
0,0,0.003293233
0,0,0.08946569
0,0,0.34096596
0,0,0.014599047
0,0,3.4605898e-06
0,0,2.2984117e-05
0,0,0.00020371893
0,0,0.0062455432
0,0,1.8567855e-05
0,0,0.2126788
0,0,0.44340807
0,0,0.03351301
0,0,0.00022135118
0,0,0.00022408177
0,0,0.017976025
0,0,3.1197687e-05
0,0,0.0011941754
0,0,7.726207e-05
0,0,1.3505587e-06
0,0,3.0378687e-06
0,1,0.9936373
0,0,3.3655197e-06
0,0,0.009033576
0,0,0.00040042517
0,0,0.0009862079
0,0,2.8957684e-05
0,0,4.3007116e-05
0,0,4.951743e-06
0,0,7.4309337e-06
0,0,4.4468475e-06
0,0,7.665588e-06
0,0,3.5124658e-06
0,0,5.356576e-06
0,0,5.4670963e-05
0,0,0.010837326
0,0,0.00042199748
0,0,0.0006020336
0,0,0.00014558871
0,0,0.00040531525
0,0,3.491078e-05
0,0,2.9201028e-05
0,0,0.009940989
0,0,0.054449357
0,0,0.001256806
0,0,5.495256e-06
0,0,7.3129663e-06
0,0,0.0012222357
0,0,0.048893154
0,0,0.00204782
0,0,1.5568405e-05
0,0,3.4715104e-05
0,0,0.0011142361
0,0,1.6463144e-05
0,1,0.50717646
0,0,0.0002275852
0,0,0.00012554541
0,0,2.2787822e-06
0,0,0.049621236
0,0,0.00013116257
0,0,2.2714012e-05
0,0,9.033212e-06
0,0,4.4121734e-05
0,0,5.7687835e-06
0,0,0.004304811
0,0,0.032311622
0,0,7.500857e-05
0,0,0.013475588
0,0,5.6486406e-05
0,0,1.4845516e-05
0,0,1.8110068e-05
0,0,3.2736293e-06
0,0,3.1069865e-06
0,0,6.5096533e-06
0,0,0.01175993
0,0,0.31392214
0,0,2.3387105e-05
0,0,0.0007952195
0,0,0.008404533
0,0,5.1347815e-06
0,0,5.524466e-06
0,1,0.86436874
0,0,0.070276275
0,0,6.4819014e-06
0,0,0.0134359645
0,0,7.2708663e-06
0,0,0.00040260458
0,1,0.8967508
0,0,2.851669e-05
0,0,0.0018462816
0,0,0.10613314
0,0,5.464141e-06
0,0,0.04042011
0,0,0.00037013297
0,0,0.00021048954
0,0,0.00050170795
0,0,0.0006182816
0,0,7.781699e-05
0,0,0.0013720474
0,0,0.00016093605
0,0,4.1340998e-05
0,0,3.9508017e-05
0,0,0.0003523768
0,0,0.005019259
0,0,0.00043368727
0,0,0.0024665054
0,0,4.4983386e-05
0,0,0.16532242
0,0,2.4251185e-05
0,0,0.06533798
0,0,8.6337684e-07
0,1,0.7400633
0,0,0.015201927
0,0,1.4832349e-06
0,0,9.666941e-05
0,0,4.042379e-05
0,0,0.0005707089
0,0,0.00036166815
0,0,0.0005111427
0,0,1.5943795e-05
0,0,0.00035998723
0,0,9.803732e-06
0,1,0.8740739
0,0,2.2682194e-05
0,0,0.05617579
0,0,5.382711e-05
0,0,0.27857307
0,0,2.407886e-06
0,0,6.0160673e-05
0,0,9.8115874e-05
0,1,0.99767536
0,0,0.005439791
0,0,0.0026038266
0,0,0.010304987
0,0,0.0041926196
0,0,2.9843273e-05
0,0,0.0002479576
0,0,2.5329946e-05
0,0,0.00013284314
0,0,6.432845e-06
0,1,0.7238359
0,0,2.8215181e-05
0,0,0.30136448
0,0,0.016652215
0,0,5.158931e-06
0,0,3.1340973e-05
0,0,0.018986605
0,0,6.0519622e-05
0,0,5.3692514e-07
0,0,8.772442e-06
0,0,3.1869818e-06
0,0,0.0004893662
0,0,4.0868617e-05
0,0,0.00024876295
0,0,0.31283072
0,0,0.00057007524
0,0,1.3762035e-06
0,0,8.076213e-05
0,0,0.0003588288
0,0,0.0016675625
0,0,0.00044938977
0,0,0.0010203195
0,0,0.0037672317
0,0,0.009383858
0,0,2.7870441e-05
0,0,3.3931806e-06
0,0,9.797637e-05
0,0,0.0018735612
0,0,7.467804e-06
0,0,1.9550145e-05
0,0,8.982458e-05
0,0,4.053423e-05
0,0,5.7556237e-05
0,0,1.7060653e-05
0,0,2.270076e-05
0,0,1.4589572e-05
0,0,0.18064137
0,0,0.0012843454
0,0,0.0067003365
0,1,0.97736835
0,0,2.1988903e-05
0,0,0.0057817977
0,0,2.8110007e-05
0,0,0.00057977944
0,0,6.984565e-05
0,0,8.019446e-05
0,1,0.951313
0,0,1.3495994e-05
0,0,0.007623898
0,0,2.1434726e-05
0,0,2.1508151e-06
0,0,7.53466e-07
0,0,1.6611422e-05
0,0,9.967109e-05
0,0,0.00015586223
0,1,0.5764111
0,0,0.16584538
0,0,5.6838876e-06
0,0,4.6805385e-06
0,0,8.879413e-06
0,0,0.0010854583
0,0,0.00014097313
0,0,0.00022422476
0,0,3.3256827e-05
0,0,2.181275e-06
0,0,2.205197e-06
0,0,0.0044894167
0,0,3.3856393e-06
0,0,0.00040870847
0,0,0.00018684204
0,0,4.9902947e-06
0,0,0.000195129
0,0,2.0027624e-06
0,0,5.7123734e-06
0,0,0.00014992617
0,0,5.083391e-05
0,0,3.5867695e-05
0,0,2.1849644e-05
0,0,0.00020048644
0,0,0.0001844116
0,0,8.4672365e-07
0,0,7.810598e-06
0,0,1.2485294e-06
0,0,0.0047127255
0,0,2.4790968e-06
0,0,0.00649498
0,0,0.00010416802
0,0,7.52968e-05
0,0,0.0003571027
0,0,8.601015e-06
0,0,0.0019303784
0,0,0.09532088
0,0,1.7952265e-05
0,0,0.00090737286
0,0,0.0061125117
0,0,0.00040732438
0,0,3.1674343e-05
0,0,0.0343696
0,0,0.01499048
0,0,2.050845e-06
0,0,0.13114114
0,0,3.3849698e-05
0,0,1.1829054e-05
0,0,0.0013206135
0,0,8.303946e-06
0,0,0.00051023654
0,0,0.0005543996
0,0,2.5303483e-05
0,0,0.012363465
0,0,0.0004896631
0,0,0.0044931043
0,0,0.00015944435
0,0,3.8237304e-06
0,0,0.0035960164
0,0,7.4596835e-05
0,0,1.1857786e-05
0,0,6.9688904e-05
0,0,0.07383868
0,0,0.029144373
0,0,7.00293e-06
0,0,4.760723e-05
0,0,1.6792428e-06
0,0,3.3387336e-05
0,0,0.21340266
0,0,3.5662274e-06
0,0,3.829165e-05
0,0,2.7899401e-05
0,0,7.19436e-06
0,0,0.00015410557
0,0,0.00021415549
0,0,4.362798e-05
0,0,0.022708321
0,0,6.552429e-05
0,0,0.006706115
0,0,3.9609376e-06
0,0,0.16178341
0,0,1.4006664e-05
0,0,0.014160126
0,0,0.033380415
0,0,0.0007169952
0,0,0.041292604
0,0,0.00026670485
0,0,3.7186019e-06
0,0,5.3756834e-05
0,0,4.596716e-05
0,0,2.0172914e-05
0,0,0.0006064707
0,0,0.00050187635
0,0,2.165275e-05
0,0,3.0287474e-05
0,0,7.1609084e-06
0,0,0.34046745
0,0,0.0022172094
0,0,0.00023064656
0,0,0.00043229014
0,0,0.00013711334
0,0,0.00014570315
0,0,0.0003526142
0,0,1.7051787e-05
0,0,1.281776e-06
0,0,6.134085e-05
0,0,0.0012578013
0,0,3.0380077e-06
0,0,0.0011022557
0,0,8.360127e-07
0,0,1.3874054e-05
0,0,4.102634e-06
0,0,0.00024536107
0,0,0.0008742261
0,0,4.748862e-06
0,0,4.682897e-05
0,0,8.995112e-07
0,0,0.00025586662
0,0,8.323731e-07
0,0,1.568548e-05
0,0,0.0746213
0,1,0.7015536
0,0,0.000723092
0,0,3.286639e-06
0,0,0.010854718
0,0,0.047571655
0,0,2.4000705e-05
0,0,0.041255727
0,0,0.000120107834
0,0,4.1238385e-05
0,0,2.9685341e-05
0,1,0.995233
0,0,4.359557e-06
0,0,0.0008681108
0,0,0.0045366613
0,0,6.012191e-05
0,0,0.00016457478
0,0,0.001317614
0,0,4.032126e-05
0,0,0.069925964
0,0,1.9331488e-05
0,0,0.0014485912
0,0,2.4325664e-06
0,0,1.5531483e-06
0,0,1.0812813e-06
0,0,0.00018655795
0,0,0.00010461777
0,1,0.8238813
0,0,0.00016508639
0,0,6.6641565e-05
0,0,8.418055e-05
0,0,0.0017712311
0,0,0.057386506
0,0,0.0004951356
0,0,0.0003424175
0,0,1.395828e-06
0,0,1.1779621e-05
0,0,4.6793033e-05
0,0,7.1446666e-06
0,0,7.009999e-06
0,1,0.85275716
0,0,0.0009814552
0,0,1.0185382e-05
0,0,1.7478424e-05
0,0,0.033563662
0,0,7.546336e-05
0,0,7.878182e-05
0,0,0.0008069721
0,0,1.996404e-05
0,0,0.00020311613
0,0,4.5857698e-05
0,0,3.50005e-06
0,1,0.86818135
0,0,3.1473177e-05
0,0,0.017658968
0,0,1.1172752e-06
0,0,0.1321018
0,0,2.8541694e-05
0,0,0.00012171099
0,0,5.190227e-06
0,0,7.299027e-07
0,0,0.00046984013
0,0,1.5134589e-05
0,0,0.05711745
0,0,0.021377245
0,0,0.011950986
0,0,9.381718e-06
0,0,4.5771892e-05
0,0,7.1410905e-06
0,0,0.00385691
0,0,6.2375752e-06
0,0,4.559606e-05
0,0,2.2199144e-06
0,0,0.007834834
0,0,3.2236207e-05
0,0,0.008147488
0,0,0.006710996
0,0,8.168819e-05
0,0,1.0238887e-05
0,0,0.00021782315
0,0,4.301087e-07
0,0,1.7182653e-06
0,0,1.5498721e-05
0,0,0.006231933
0,0,0.012289854
0,0,5.544861e-06
0,0,9.742875e-05
0,0,1.052788e-06
0,0,1.9006306e-05
0,0,0.002692646
0,0,0.005074071
0,0,9.936032e-07
0,0,9.835006e-05
0,0,0.00012863714
0,0,0.00021196135
0,0,0.061072424
0,0,0.0018749769
0,0,8.25565e-05
0,0,6.1391497e-06
0,0,0.0007158551
0,0,1.32503055e-05
0,0,0.00035209017
0,0,1.08541735e-05
0,0,1.3004893e-06
0,0,2.0418138e-05
0,0,1.7304526e-05
0,0,0.13645263
0,0,0.00029678136
0,0,1.0972087e-06
0,0,0.0010335594
0,0,1.8352987e-06
0,0,9.0367877e-07
0,0,0.00086058903
0,0,7.374312e-07
0,0,1.0431553e-05
0,0,4.619048e-06
0,0,1.8434539e-05
0,0,6.2216284e-05
0,0,0.00012855485
0,0,0.024923006
0,0,7.7564655e-05
0,0,0.00023343369
0,0,1.5469012e-06
0,0,0.012592511
0,0,5.012722e-06
0,0,6.272633e-06
0,0,0.0018480266
0,0,0.0014100483
0,0,4.0084105e-05
0,0,3.3424258e-06
0,0,3.9223647e-05
0,0,8.449081e-05
0,0,0.009232835
0,0,3.0134317e-05
0,0,0.00010670141
0,0,5.906909e-06
0,0,0.0025373236
0,0,0.0034505317
0,0,2.359403e-05
0,0,2.7715885e-06
0,0,5.2522796e-06
0,0,8.027128e-05
0,0,0.005643672
0,0,5.8708938e-05
0,0,8.8195964e-05
0,0,0.015519494
0,0,0.000116745556
0,0,0.00016801296
0,0,0.00022444614
0,0,3.8905688e-05
0,0,0.013649155
0,0,0.0031173537
0,0,0.0023491303
0,0,0.0027235912
0,0,0.0023766037
0,0,0.004193653
0,0,0.00010616765
0,0,1.3720397e-05
0,0,6.9937396e-06
0,0,0.049564287
0,0,3.0114123e-05
0,0,2.3282125e-06
0,0,1.4775657e-05
0,0,0.00022257694
0,0,0.00014975957
0,1,0.5836964
0,0,1.8183739e-05
0,0,0.02173945
0,0,6.84666e-05
0,0,1.6666502e-06
0,0,1.49649595e-05
0,0,1.8310944e-05
0,0,6.278907e-05
0,0,0.011948268
0,0,4.032538e-05
0,1,0.66368794
0,0,0.0002484162
0,0,6.845871e-05
0,0,0.0008105302
0,0,9.428573e-06
0,0,0.012870362
0,0,0.05351221
0,0,0.003187022
0,0,0.0024422505
0,0,0.010817346
0,0,1.3956529e-05
0,0,4.8614853e-05
0,0,0.0005039443
0,0,0.11702128
0,0,0.030331613
0,0,7.415059e-05
0,0,0.0065574055
0,0,0.0010741681
0,0,1.4364384e-06
0,0,0.03198062
0,0,2.3522362e-05
0,0,0.014298364
0,0,6.699724e-05
0,0,0.03534091
0,0,0.00023023722
0,0,0.22250369
0,0,3.1120248e-06
0,0,0.018354371
0,0,9.275443e-06
0,1,0.98699015
0,0,0.011107664
0,0,1.5832113e-05
0,0,6.31937e-06
0,0,1.6693588e-05
0,0,0.000130739
0,0,0.0002989162
0,0,2.5705172e-06
0,0,0.06402115
0,0,0.0012963766
0,0,9.659368e-05
0,0,0.00022266165
0,0,2.1391925e-05
0,0,3.7054167e-05
0,0,5.3016583e-06
0,0,0.008996441
0,0,6.438177e-05
0,1,0.99923265
0,0,3.0901015e-06
0,0,0.00024044175
0,0,0.0013781263
0,0,0.0055651492
0,0,0.00095501915
0,0,0.0009443433
0,0,4.936509e-06
0,0,4.4028642e-05
0,0,5.8685044e-05
0,0,0.44660273
0,0,0.00016805144
0,0,0.00321394
0,0,0.005614587
0,0,6.893558e-06
0,0,0.0017325083
0,0,0.00024251592
0,0,0.24762997
0,0,0.0007227773
0,0,0.00066638464
0,0,2.9557488e-05
0,0,4.4437697e-06
0,0,9.976595e-06
0,0,0.018366948
0,0,0.024489911
0,0,2.3296885e-05
0,0,0.0014706721
0,0,0.00014133129
0,0,0.00045551802
0,0,3.971737e-05
0,0,6.433035e-06
0,0,0.00015485164
0,0,5.2076368e-05
0,0,0.0008770742
0,0,2.3037537e-06
0,0,0.00068379723
0,0,8.695418e-05
0,0,3.4155594e-06
0,0,2.1494088e-05
0,0,0.021190122
0,0,0.00016676706
0,0,0.06837018
0,0,8.967166e-06
0,0,5.0276594e-05
0,0,0.00026218183
0,0,0.00026796144
0,0,0.021140946
0,0,2.857865e-05
0,0,6.555203e-05
0,0,2.8812096e-06
0,0,1.2464826e-05
0,0,1.2306118e-05
0,0,0.001745477
0,0,2.6829105e-06
0,0,0.16393529
0,0,1.0072481e-05
0,0,0.00606473
0,0,4.350254e-06
0,0,2.1558753e-05
0,1,0.97521895
0,0,0.00048449685
0,0,0.0009610957
0,0,0.0020059587
0,0,1.4461865e-05
0,0,0.08388147
0,0,2.7456555e-05
0,0,1.8324794e-06
0,0,0.013629294
0,0,2.168505e-05
0,0,0.00014726038
0,0,8.6144855e-06
0,0,0.00023569832
0,0,1.1879652e-05
0,0,1.3454691e-05
0,0,2.8548446e-05
0,0,0.051658873
0,0,2.4386089e-05
0,0,0.011038685
0,0,7.767508e-05
0,0,0.06616246
0,0,3.3771412e-05
0,0,8.2491226e-07
0,0,9.717757e-05
0,0,0.119929135
0,0,0.005360898
0,0,0.0024392642
0,0,1.2840908e-06
0,0,0.00010908149
0,0,7.5731737e-06
0,0,7.5812313e-06
0,0,0.08644441
0,0,9.647618e-06
0,0,8.859704e-05
0,0,3.0027117e-05
0,0,4.007742e-06
0,0,0.014376085
0,0,1.0093472e-05
0,0,0.0025880556
0,0,5.6660774e-05
0,0,7.381984e-05
0,0,8.6075215e-06
0,0,5.4837896e-05
0,0,0.0007534064
0,0,2.5292707e-06
0,0,6.246874e-06
0,0,0.0025121886
0,0,0.00017557105
0,0,0.018216616
0,0,0.0008928771
0,0,2.9492252e-05
0,0,0.00011533871
0,0,0.00027895844
0,0,0.0003118315
0,0,0.00020101643
0,0,0.0024530175
0,0,7.910367e-06
0,0,2.6457353e-06
0,0,0.0003598068
0,0,2.5125619e-06
0,0,0.00030180812
0,1,0.83715796
0,0,1.04346e-06
0,0,0.0005882275
0,0,0.0033340948
0,0,0.0010500392
0,0,0.010047738
0,0,0.01231906
0,0,0.00016179138
0,0,0.00017505485
0,0,0.00038764757
0,0,3.637973e-06
0,0,4.483133e-07
0,0,0.0036161437
0,0,0.00022043457
0,0,0.00053944625
0,0,0.00024987877
0,0,0.0028052267
0,0,5.890972e-06
0,0,0.0016172305
0,0,0.0014389957
0,0,0.01382524
0,0,1.512074e-05
0,0,0.00063415547
0,0,2.2988086e-05
0,0,8.2050436e-05
0,0,0.0002335657
0,0,0.033211987
0,0,3.8919648e-06
0,0,0.21462092
0,0,6.191614e-06
0,0,3.1489693e-05
0,0,0.0002776622
0,0,1.6302297e-06
0,0,0.003028559
0,0,0.014485339
0,0,0.30314538
0,0,0.13863496
0,0,1.934611e-06
0,0,0.00010628374
0,0,0.0048669786
0,0,0.0004037153
0,0,0.00015903363
0,0,0.0013263292
0,0,3.1364474e-05
0,0,0.14643292
0,0,0.00020085782
0,0,1.1886339e-05
0,0,0.4834096
0,0,0.0015259716
0,0,0.0016872976
0,0,0.04453435
0,0,8.894133e-06
0,0,0.01278944
0,0,6.995027e-06
0,0,1.1958196e-05
0,0,0.004273355
0,0,3.408552e-05
0,0,1.3739802e-05
0,0,5.011771e-06
0,0,0.0015384036
0,0,0.11841926
0,0,0.0010588499
0,0,1.0030362e-05
0,0,0.21559222
0,0,0.005309546
0,0,4.626021e-05
0,0,9.890107e-05
0,0,3.7945956e-05
0,0,1.2736783e-05
0,0,1.0103575e-05
0,0,0.016844317
0,0,0.0155721
0,0,5.9902606e-05
0,0,6.7470864e-06
0,0,3.2534048e-05
0,0,4.467378e-06
0,0,0.0002096385
0,0,2.913616e-05
0,0,0.0003636102
0,0,1.1897431e-05
0,0,0.00087098504
0,0,5.3615026e-06
0,0,0.086732
0,0,0.0073084324
0,0,0.00012679289
0,0,0.25947863
0,0,0.0007780905
0,0,1.5241831e-05
0,0,0.00027268447
0,0,1.1680314e-06
0,0,1.0268429e-06
0,0,0.00030936752
0,0,7.67629e-05
0,0,9.4497847e-07
0,0,3.0363624e-06
0,0,0.0010070413
0,0,6.929639e-07
0,0,0.15545219
0,0,3.6794936e-05
0,0,0.027133297
0,0,2.054412e-05
0,0,0.0012967075
0,0,1.5757482e-06
0,0,5.0492905e-05
0,0,8.711999e-06
0,0,1.8756558e-05
0,0,0.020390902
0,0,0.0004596077
0,0,0.0046914318
0,0,3.814317e-05
0,0,0.22070883
0,0,2.4785535e-05
0,0,0.021037607
0,0,0.010840976
0,0,0.0024850483
0,0,0.007600462
0,0,1.6983173e-05
0,0,8.0396225e-05
0,0,0.00012688033
0,0,5.627731e-05
0,0,0.17868297
0,0,1.4817765e-05
0,0,1.3730685e-05
0,0,1.3566182e-06
0,0,0.006711866
0,0,0.003329269
0,0,7.753985e-06
0,0,0.052253373
0,0,0.0013267046
0,0,0.00018897612
0,0,0.00016532408
0,0,1.1638134e-05
0,0,0.0005953066
0,0,4.787186e-05
0,0,0.00012617235
0,0,4.2638927e-05
0,0,0.1587471
0,0,1.1962368e-06
0,0,0.00032632813
0,0,0.00094498537
0,0,3.299988e-05
0,0,0.0003700862
0,0,1.7770246e-05
0,0,3.375003e-05
0,0,0.0038292606
0,0,0.0006052188
0,0,5.3567495e-05
0,0,3.8722173e-05
0,0,4.2602583e-06
0,0,4.9027116e-05
0,0,0.00019073042
0,0,0.00043172677
0,0,4.0001103e-07
0,0,4.1279072e-05
0,0,4.1043795e-06
0,0,0.000419333
0,0,6.767836e-07
0,0,3.986141e-05
0,0,0.00017330355
0,0,1.4807876e-05
0,0,0.0026677232
0,0,7.58565e-05
0,0,4.8128568e-05
0,0,6.322499e-06
0,0,0.0011841531
0,0,0.0011219537
0,0,0.0009926221
0,0,0.0012380936
0,0,7.95082e-06
0,0,1.638977e-05
0,0,2.9273438e-06
0,0,0.009420222
0,0,0.024509907
0,0,0.0042177825
0,0,8.3691566e-07
0,0,9.571682e-06
0,0,4.4356344e-05
0,0,0.24302097
0,0,0.00028235588
0,0,0.011464684
0,0,3.206585e-05
0,0,0.004941877
0,0,1.8141425e-05
0,0,5.7122315e-06
0,0,0.0005059969
0,0,2.8989596e-06
0,0,0.00012873468
0,0,1.9173438e-06
0,0,5.5935896e-05
0,0,3.069745e-05
0,0,0.0004130219
0,0,4.300084e-05
0,0,0.00059389835
0,0,0.00016819107
0,0,0.00014167602
0,1,0.5261278
0,0,1.3925617e-05
0,0,1.1478222e-05
0,0,0.005183508
0,0,1.3579178e-06
0,0,3.7511752e-05
0,0,0.00179732
0,0,2.3627572e-06
0,0,0.003257465
0,0,6.896494e-05
0,0,0.0046381596
0,0,1.8200617e-05
0,0,0.0026917846
0,0,0.0010314712
0,0,0.00010468604
0,0,4.909181e-06
0,0,0.00031368912
0,0,0.10291868
0,0,1.0913782e-05
0,0,0.08465633
0,0,3.175023e-06
0,0,0.00065133715
0,0,3.5835114e-05
0,0,0.00022665362
0,0,0.00032109843
0,0,0.0009582247
0,0,4.407897e-06
0,0,0.0005034373
0,0,0.000105725754
0,0,4.8268853e-06
0,0,6.0448736e-05
0,0,6.1665785e-05
0,0,1.3306528e-05
0,0,8.289824e-07
0,0,9.7207776e-05
0,0,0.00013895125
0,0,9.153222e-05
0,0,0.30551898
0,0,5.202401e-05
0,0,0.1943324
0,0,6.9984e-05
0,0,0.00018451412
0,0,0.0007908553
0,0,8.9771584e-07
0,0,3.9453676e-06
0,0,0.001386289
0,0,0.0002470441
0,0,8.452434e-05
0,0,0.0041853692
0,0,0.0017311184
0,0,4.9092414e-06
0,0,8.510699e-06
0,0,0.107603945
0,0,0.00018661094
0,0,0.16824925
0,0,3.0197147e-05
0,0,9.629202e-07
0,0,0.00016347154
0,0,9.236994e-05
0,0,9.962428e-07
0,0,3.606103e-05
0,0,1.1546289e-05
0,0,0.01816254
0,0,1.9377872e-05
0,0,0.020043043
0,0,4.730384e-05
0,0,4.0911782e-05
0,0,0.049445502
0,0,0.035284527
0,0,0.00042715395
0,0,9.935868e-05
0,0,0.18770574
0,0,0.032491345
0,0,5.0533686e-07
0,0,0.045656387
0,0,0.038617738
0,0,0.00016499999
0,0,0.0016957942
0,0,5.6701687e-05
0,0,1.4674439e-05
0,0,1.05754225e-05
0,0,8.21653e-05
0,0,0.00022860453
0,0,4.4212893e-06
0,0,0.0011748105
0,0,0.00048135416
0,0,4.038156e-05
0,0,0.00064081367
0,0,0.00050558837
0,0,0.00023692175
0,0,3.4241957e-06
0,0,0.14647903
0,0,0.23176247
0,0,8.1068237e-07
0,0,0.013018652
0,0,0.00058152276
0,0,9.171246e-06
0,0,7.4547397e-06
0,0,2.1455826e-06
0,0,3.5198493e-06
0,0,0.0013287696
0,0,0.00096023805
0,0,6.9290785e-05
0,0,3.029591e-05
0,0,2.8443574e-05
0,0,8.165607e-06
0,0,1.8329989e-05
0,0,0.0035415408
0,0,3.7503667e-06
0,0,0.0010465643
0,0,0.00022120516
0,0,0.00063458463
0,1,0.88813156
0,0,0.0003035065
0,0,4.5254317e-05
0,0,1.4191917e-06
0,0,2.8091865e-05
0,0,1.762083e-05
0,0,4.5887964e-06
0,0,5.162383e-07
0,0,0.122174986
0,0,1.4367755e-06
0,0,2.0004218e-06
0,0,4.1320895e-05
0,0,0.00087224
0,0,0.00025843186
0,0,0.04408212
0,0,3.374412e-06
0,0,0.00018851127
0,0,0.0011264312
0,0,0.001038539
0,0,2.5565482e-06
0,1,0.6365181
0,0,9.083635e-05
0,0,1.018412e-05
0,0,0.0017330577
0,0,0.00032172166
0,0,0.11269759
0,0,4.0324167e-06
0,0,3.6429832e-05
0,0,0.0012762139
0,0,0.00019878338
0,0,9.505485e-05
0,0,0.00011414741
0,0,0.00013531833
0,0,0.000347986
0,0,1.038721e-06
0,0,0.39087954
0,0,0.0002693772
0,0,3.2931996e-06
0,0,0.0001038966
0,0,2.2099943e-05
0,0,0.00022400038
0,0,2.4966614e-05
0,0,0.0068370104
0,0,0.025845597
0,0,0.0005279717
0,0,0.00046747777
0,0,0.0018946212
0,0,2.6785165e-05
0,0,0.00013598472
0,0,5.802572e-05
0,0,0.0025389944
0,0,1.02279955e-05
0,0,5.904448e-06
0,0,4.407691e-06
0,0,0.0003074343
0,0,6.190978e-05
0,0,0.0036886449
0,0,0.00400853
0,1,0.6131526
0,0,0.00013258602
0,0,2.1377607e-05
0,1,0.9669958
0,0,0.0077946563
0,0,0.00023287615
0,0,7.790171e-06
0,0,2.139406e-06
0,0,0.0001305331
0,0,8.322021e-06
0,0,0.00056063064
0,0,1.692132e-05
0,0,2.5152849e-05
0,0,1.7555887e-05
0,0,5.044493e-06
0,0,8.112338e-06
0,0,6.167116e-06
0,0,5.272609e-05
0,0,1.8074006e-05
0,0,7.076102e-05
0,0,0.00027656867
0,0,0.024445811
0,0,9.851517e-05
0,0,0.0001878696
0,0,0.0007863191
0,0,6.0535817e-06
0,0,8.984299e-05
0,0,3.612054e-05
0,0,6.6349545e-05
0,0,0.033909664
0,0,0.004371826
0,0,3.4756983e-06
0,0,0.00023624481
0,0,3.0605373e-05
0,0,3.6584654e-06
0,0,0.0003784286
0,0,1.6986857e-06
0,0,0.00047456264
0,0,0.00024100314
0,0,5.9378654e-06
0,0,2.5492004e-06
0,0,0.0013705557
0,0,3.749991e-06
0,0,3.119108e-06
0,0,3.0639138e-05
0,0,4.0542196e-05
0,0,0.0026650603
0,0,3.7109057e-05
0,0,0.0027976632
0,0,0.0014140194
0,0,3.820848e-05
0,0,2.3894714e-05
0,0,1.5788013e-05
0,0,4.9296115e-05
0,0,2.2975637e-05
0,0,0.00058283505
0,0,4.4616045e-06
0,0,0.0017750291
0,0,2.9888526e-05
0,0,7.572453e-05
0,0,9.644587e-05
0,0,0.00010395944
0,0,0.00040172052
0,0,3.9235147e-06
0,0,2.708415e-05
0,0,5.3533022e-05
0,0,0.0039191213
0,0,3.9713814e-05
0,0,3.5550594e-05
0,0,0.06726173
0,0,8.375784e-05
0,0,0.0031564136
0,0,7.319452e-05
0,0,0.00016917105
0,0,6.016838e-06
0,0,0.0028704188
0,0,0.18048616
0,0,2.223313e-06
0,0,0.000112108624
0,0,0.00046519405
0,0,0.00044448057
0,0,0.0009710583
0,0,8.967645e-06
0,0,1.5550187e-06
0,0,8.840638e-06
0,0,5.302004e-05
0,0,2.4061071e-06
0,0,4.4728336e-06
0,0,3.302101e-05
0,0,4.495174e-05
0,0,2.7218483e-05
0,0,2.8348447e-06
0,0,0.0026182465
0,0,0.0015093682
0,0,5.6073903e-05
0,0,7.935364e-05
0,0,1.6006547e-05
0,0,3.9260262e-06
0,0,1.0954167e-06
0,0,7.871662e-06
0,0,2.487974e-05
0,0,1.4518438e-05
0,0,0.000119208504
0,0,5.1099963e-05
0,0,0.0037140131
0,0,0.0010025388
0,0,0.09625086
0,0,0.0009352183
0,0,1.7181227e-06
0,0,4.8738235e-05
0,0,0.00013692494
0,0,8.553888e-06
0,0,0.00079540664
0,0,3.0399113e-05
0,0,5.9047004e-05
0,0,1.913453e-06
0,0,6.030021e-06
0,0,5.2941024e-05
0,0,0.00822499
0,0,1.796607e-05
0,0,0.010317426
0,0,9.828642e-06
0,0,6.663103e-06
0,0,0.00024141087
0,0,0.004798188
0,0,0.029122248
0,0,5.6134624e-05
0,0,0.00066151837
0,0,3.193803e-06
0,0,0.014216565
0,0,0.28037313
0,0,0.022441588
0,0,7.0681335e-06
0,1,0.5817755
0,0,0.0010974109
0,0,0.00034584783
0,0,5.559375e-05
0,0,4.4079305e-05
0,0,3.4106684e-05
0,0,0.0018650877
0,0,1.3101781e-05
0,0,0.0030933204
0,0,0.051464304
0,0,0.0003932831
0,0,0.00015736617
0,0,0.0008571478
0,0,4.134612e-05
0,0,2.2007443e-05
0,1,0.7634455
0,0,0.0021196979
0,0,2.9690307e-06
0,0,0.023636855
0,0,0.20173596
0,0,5.0568662e-05
0,0,0.021616265
0,0,1.929971e-06
0,0,0.00011913566
0,0,0.0009772442
0,0,2.0973998e-06
0,0,6.341912e-05
0,0,1.1137519e-05
0,0,0.0004439902
0,0,0.057198744
0,0,0.00053294154
0,0,2.8702436e-05
0,0,8.2967126e-05
0,0,0.0006287739
0,0,0.00015832734
0,0,0.32633525
0,0,0.05418865
0,0,1.2308666e-06
0,0,5.6104385e-05
0,0,1.5295564e-05
0,1,0.9779634
0,0,4.0766867e-05
0,0,1.8903413e-05
0,0,0.0005196015
0,0,6.6523906e-05
0,0,3.9342023e-05
0,0,3.9806553e-05
0,0,2.5240033e-06
0,0,2.5152303e-06
0,0,0.0022486036
0,0,0.00037941348
0,0,1.08005e-05
0,0,9.6642136e-05
0,0,9.422889e-05
0,0,0.00017501815
0,0,0.00037393728
0,0,1.5239502e-06
0,0,1.8228358e-05
0,0,0.00018224686
0,0,0.00014661305
0,0,0.0075747175
0,0,0.0011978637
0,0,0.0003233471
0,0,1.4828085e-05
0,0,7.356749e-05
0,0,2.7779082e-05
0,0,0.00010336556
0,0,3.6221463e-05
0,0,3.373375e-05
0,0,1.0928082e-05
0,0,1.2873794e-06
0,0,5.2966498e-06
0,0,0.00052416354
0,0,4.5041156e-06
0,0,2.6289972e-06
0,0,0.005020693
0,0,0.014938741
0,0,0.00017147389
0,0,3.3225282e-05
0,0,5.416619e-05
0,0,0.000115641575
0,0,1.8567376e-05
0,1,0.68358344
0,0,0.000710563
0,0,0.00072317815
0,0,7.4846016e-06
0,0,0.00016047618
0,0,0.00032578103
0,0,0.16904885
0,0,0.007987587
0,0,0.18245576
0,0,0.00030514665
0,0,0.00010407112
0,0,3.1441982e-06
0,0,1.016074e-05
0,0,0.0009956046
0,0,2.488636e-05
0,0,1.1756715e-05
0,0,1.6856637e-05
0,0,0.00019653689
0,0,8.81096e-06
0,0,8.830678e-06
0,0,0.00073723146
0,0,3.0869745e-05
0,0,3.046775e-05
0,0,4.923204e-06
0,0,0.00020909532
0,0,5.639722e-05
0,0,5.371073e-06
0,0,0.000102238904
0,0,0.000118837714
0,0,0.0047189877
0,0,0.039407928
0,0,2.0482578e-07
0,0,5.032673e-06
0,0,0.017921222
0,0,0.0022230134
0,0,4.141854e-05
0,0,1.1866835e-05
0,0,0.009725822
0,0,0.03480687
0,0,0.0027376711
0,0,1.0996307e-05
0,0,6.6140456e-05
0,0,0.000389707
0,0,2.9969724e-06
0,0,1.9412662e-06
0,0,9.945456e-06
0,0,2.3011407e-06
0,0,0.00015518512
0,0,0.00302732
0,0,0.00014179724
0,0,1.7288608e-05
0,0,4.1467647e-06
0,0,4.4279292e-07
0,0,2.4391531e-05
0,0,0.0005362955
0,0,0.0022285765
0,0,0.0010571831
0,0,0.05384158
0,1,0.9995894
0,0,0.0035865922
0,0,0.02946882
0,1,0.8610173
0,0,0.004762024
0,0,0.00069762307
0,0,0.0058389753
0,0,2.3973118e-06
0,0,6.2968356e-05
0,0,0.00040907273
0,0,1.2760394e-05
0,0,0.0011600307
0,0,0.0014911125
0,0,0.031683296
0,0,0.002339804
0,0,4.0759205e-06
0,0,7.517369e-05
0,0,4.34143e-06
0,0,0.001230738
0,0,0.00021346053
0,0,0.0021538464
0,0,0.00010817781
0,0,0.00022877743
0,0,9.0112844e-05
0,0,2.958076e-06
0,0,0.00020214969
0,1,0.82653195
0,0,2.150069e-05
0,0,1.2364302e-06
0,0,6.180706e-05
0,0,1.252419e-05
0,0,0.010581616
0,1,0.5439187
0,0,0.0012547533
0,0,3.0000412e-05
0,0,2.6033686e-06
0,0,2.183781e-05
0,0,3.232215e-06
0,0,1.426503e-05
0,0,7.4536524e-06
0,0,0.0012218085
0,0,0.19451204
0,1,0.6306364
0,0,0.00012246736
0,0,2.5705172e-06
0,0,2.9207962e-05
0,0,4.3806745e-06
0,0,1.4806521e-05
0,0,0.00010851452
0,0,2.4137971e-06
0,0,0.00012899052
0,0,0.00023350249
0,0,6.183478e-05
0,0,1.3304741e-06
0,1,0.77732366
0,0,0.39865902
0,0,0.000117586824
0,0,6.325451e-07
0,0,1.8225121e-06
0,0,4.605606e-05
0,0,0.0004926501
0,0,0.0010096548
0,0,0.00019224291
0,0,2.3497016e-06
0,0,0.0001776977
0,0,0.16082935
0,0,0.18837765
0,0,8.403275e-07
0,0,9.538613e-06
0,0,6.6246306e-05
0,0,6.9280536e-06
0,0,0.0015749393
0,1,0.9597486
0,1,0.95669913
0,0,0.0062461765
0,0,0.0027223302
0,0,0.00052274385
0,0,0.0020729348
0,0,1.05916615e-05
0,0,0.00051238004
0,0,1.3001198e-06
0,0,1.3298778e-06
0,0,0.36584195
0,0,3.907924e-06
0,0,0.0023737215
0,0,0.09563676
0,0,0.0037112986
0,0,1.058795e-06
0,0,9.731454e-05
0,0,0.0014712512
0,0,1.2847033e-06
0,0,2.7913984e-07
0,0,0.003015989
0,0,0.00031220927
0,0,4.2634365e-06
0,0,0.00051788025
0,0,0.014873554
0,0,5.4232292e-05
0,0,0.041970924
0,0,1.2767897e-06
0,0,1.0069975e-06
0,0,2.5938003e-05
0,0,1.2311271e-05
0,0,0.0004675027
0,0,5.176525e-06
0,0,0.004062828
0,0,0.0003962946
0,0,0.0001883442
0,0,0.00017111376
0,0,7.2473426e-06
0,0,0.0118417395
0,0,0.000140826
0,0,6.7220517e-06
0,0,0.015827555
0,0,7.2517882e-06
0,0,8.397594e-05
0,0,1.5026841e-05
0,0,1.52014e-06
0,0,2.7543583e-06
0,0,1.0767817e-05
0,0,0.15374833
0,0,2.9500077e-06
0,0,5.631648e-06
0,0,5.8478337e-05
0,0,8.8145855e-05
0,0,0.00048671264
0,0,1.9083112e-05
0,1,0.756086
0,0,6.8181994e-06
0,0,0.013106973
0,0,5.7514803e-06
0,0,5.6449776e-06
0,0,0.020700272
0,0,5.063686e-06
0,0,0.00015491455
0,0,0.002194429
0,0,0.00070015213
0,0,0.009884494
0,0,8.301311e-05
0,0,0.00090366986
0,0,0.06068956
0,0,0.00058763043
0,0,0.011109491
0,0,5.638505e-06
0,0,0.00015068088
0,0,0.00209893
0,0,2.8035316e-05
0,0,0.000116660194
0,0,0.00038926955
0,1,0.61624527
0,0,0.0010297765
0,0,0.00031402186
0,0,0.006333359
0,0,3.6023819e-06
0,0,0.0022551175
0,0,3.4527836e-06
0,0,0.000120526376
0,0,0.00013930946
0,0,0.00012185696
0,0,3.8926846e-06
0,0,1.7096696e-05
0,0,1.4933809e-05
0,0,0.01774361
0,0,1.8121314e-05
0,0,8.762525e-06
0,1,0.8515157
0,0,3.2618856e-05
0,0,0.02172221
0,0,0.0006501613
0,0,4.7317826e-06
0,0,0.0008526438
0,0,0.001431499
0,0,2.648285e-06
0,0,0.00044591285
0,0,1.7817014e-05
0,0,0.0014871816
0,0,0.00030536237
0,0,0.00010631476
0,0,7.666809e-05
0,0,0.001227238
0,0,5.9790746e-05
0,0,0.00039987927
0,0,4.015677e-06
0,0,5.780006e-05
0,0,0.00042955618
0,0,4.583462e-05
0,0,2.6286712e-06
0,0,0.0060090274
0,0,0.000134992
0,0,0.00018251501
0,0,1.9026324e-05
0,0,0.00021970585
0,0,2.4446827e-06
0,0,0.007485677
0,0,0.018743489
0,0,2.1587308e-05
0,0,3.734051e-05
0,0,1.0608114e-06
0,0,2.5511275e-05
0,0,8.346788e-06
0,0,6.19038e-06
0,0,6.4121728e-06
0,0,1.7197035e-05
0,0,0.012195316
0,0,6.4038024e-05
0,1,0.5022558
0,0,1.2011674e-06
0,0,0.0032305236
0,0,0.0054355226
0,0,3.4771572e-06
0,0,6.4335936e-06
0,0,0.0015129268
0,0,4.0795453e-06
0,0,1.156712e-05
0,0,0.005258642
0,0,1.9165565e-05
0,0,0.008318241
0,0,7.346946e-06
0,0,6.722109e-06
0,0,0.00038394768
0,0,4.459219e-05
0,0,0.13349356
0,0,3.063751e-06
0,0,0.012620314
0,0,0.0005566101
0,0,2.2085094e-06
0,0,0.00014293936
0,0,6.713853e-05
0,1,0.8900612
0,0,0.002140463
0,0,0.00034158837
0,0,9.3327755e-05
0,0,1.3185777e-05
0,0,0.01852861
0,0,3.7801087e-06
0,0,3.6506557e-05
0,0,2.2669587e-05
0,0,3.5830888e-06
0,0,0.00051315664
0,0,0.021052686
0,0,7.069312e-05
0,0,0.00010840189
0,0,0.00056276814
0,0,0.003712431
0,0,0.12295177
0,0,7.5420744e-06
0,0,1.1293094e-05
0,0,7.243273e-05
0,0,7.837647e-06
0,0,9.078155e-06
0,0,0.00015380654
0,0,0.00019965108
0,0,0.011098894
0,0,0.038581736
0,0,0.0011450208
0,0,0.002808772
0,0,0.023469344
0,0,0.0027554387
0,0,0.11075539
0,0,0.00017847048
0,0,3.6347003e-05
0,0,0.0017268024
0,0,1.8343083e-06
0,0,0.000368909
0,0,1.2074487e-05
0,0,3.880645e-05
0,0,0.0152731305
0,0,9.927288e-05
0,0,1.13575525e-05
0,0,0.002793253
0,0,3.0148603e-05
0,0,5.584934e-06
0,0,7.1481285e-05
0,0,6.026472e-05
0,0,0.017284043
0,0,0.019084545
0,0,0.23756677
0,0,0.0037559886
0,0,1.4872964e-05
0,0,4.1694242e-05
0,0,4.217541e-06
0,0,6.0120132e-05
0,0,3.2641823e-05
0,0,3.1752126e-05
0,0,0.34170184
0,0,0.00041268088
0,0,5.3787103e-06
0,0,0.00034716225
0,0,0.055967
0,0,0.00040430145
0,0,0.06121696
0,0,0.00012904636
0,0,2.7857816e-06
0,0,7.970102e-06
0,0,0.038244918
0,0,1.0318639e-05
0,0,0.00018704242
0,0,0.039898273
0,0,2.7621694e-05
0,0,0.025818592
0,0,5.0304123e-05
0,0,4.1605825e-05
0,0,4.0007526e-05
0,0,0.007589888
0,0,0.0008990969
0,0,0.029976118
0,0,0.00010579111
0,0,3.1253254e-05
0,0,1.3326062e-06
0,0,0.005017947
0,0,0.00011456572
0,0,4.761478e-06
0,0,0.05391708
0,0,0.00012731735
0,0,0.00063163403
0,0,0.00043152107
0,0,0.06461859
0,0,1.1598248e-05
0,0,0.000103600905
0,0,0.15767044
0,0,0.00063010084
0,0,7.134693e-05
0,0,0.0001310178
0,0,6.8550617e-07
0,0,2.1557269e-06
0,0,0.00012270654
0,0,2.5597294e-06
0,0,1.1577023e-06
0,1,0.6107408
0,0,3.7714773e-05
0,0,7.55326e-06
0,0,0.00026023158
0,0,0.00042867236
0,1,0.7268348
0,0,0.0002756061
0,0,0.00040989558
0,0,1.4356989e-06
0,0,0.00025572124
0,0,1.0109676e-05
0,0,0.053771272
0,0,8.8888584e-07
0,0,4.9734613e-06
0,0,6.0729467e-06
0,0,1.2470677e-05
0,0,0.0008418414
0,0,1.5463937e-05
0,0,1.93045e-05
0,0,0.0029847512
0,0,0.09362007
0,0,0.00011990918
0,0,3.3661767e-05
0,0,2.2226006e-06
0,0,2.5180188e-05
0,0,8.4548206e-05
0,0,6.2748763e-06
0,0,0.0009403148
0,0,5.9173777e-05
0,0,2.090189e-05
0,1,0.99270576
0,0,0.006321412
0,0,5.7992525e-05
0,0,2.74353e-05
0,0,0.00023834938
0,0,2.6090976e-05
0,0,0.009874913
0,0,0.0060873176
0,0,8.8304745e-07
0,0,0.0001252749
0,0,4.6423862e-05
0,0,2.0650701e-05
0,0,7.5946546e-06
0,0,1.0755634e-05
0,0,0.0011076661
0,0,1.6291884e-06
0,0,3.7546358e-06
0,0,0.0001442831
0,0,1.250624e-05
0,1,0.5637756
0,0,0.0010056995
0,0,0.0071211657
0,0,3.8281923e-06
0,0,0.0019203257
0,0,0.0051683243
0,0,0.0005939001
0,0,0.00048677647
0,0,9.11492e-07
0,1,0.99942327
0,0,9.5219207e-07
0,0,1.1524705e-05
0,0,0.0015039006
0,0,1.0950157e-05
0,0,1.6743317e-05
0,0,4.561937e-05
0,0,0.00016499685
0,0,3.532316e-05
0,0,0.36232114
0,0,5.8940677e-05
0,0,0.0010181449
0,0,0.0003705729
0,1,0.98948014
0,0,0.034114383
0,1,0.9426963
0,0,0.046567257
0,0,4.8628208e-05
0,0,1.6513777e-06
0,0,1.1296972e-05
0,0,0.04557542
0,0,1.6601953e-05
0,0,0.0007571245
0,0,0.018474799
0,0,0.0046165613
0,0,0.00018223989
0,0,0.0027949663
0,0,0.002297805
0,0,0.0016428854
0,0,2.2982106e-06
0,0,0.0006854123
0,0,0.0001215113
0,0,8.546321e-06
0,0,0.0004417813
0,0,0.0039857896
0,0,0.0039291093
0,0,0.0023707245
0,0,4.75115e-06
0,0,0.22507143
0,0,0.14563411
0,0,4.841619e-05
0,0,3.0975132e-06
0,0,6.627348e-06
0,0,7.448082e-06
0,0,0.0011887194
0,0,4.98423e-06
0,0,4.1782718e-05
0,0,0.0060259863
0,0,7.673816e-05
0,0,5.7306147e-06
0,0,1.0644098e-06
0,0,0.0044970857
0,0,8.054325e-05
0,0,0.0001393917
0,0,0.0002075575
0,0,4.469595e-05
0,0,0.00045341733
0,0,3.905722e-06
0,0,3.8817707e-06
0,0,0.008378204
0,0,2.112769e-05
0,0,0.0012561538
0,0,0.00051911385
0,0,9.4768416e-07
0,0,0.3252202
0,0,0.001207395
0,0,0.0001852383
0,0,0.00037039493
0,0,6.945584e-06
0,0,4.814785e-06
0,0,0.3610345
0,0,5.05978e-05
0,0,0.0065304395
0,0,0.04837232
0,0,8.7076705e-06
0,0,0.00013252738
0,0,0.11744104
0,0,0.00047174626
0,0,0.0012901563
0,0,1.545537e-05
0,0,8.4670427e-07
0,0,0.001457998
0,0,0.007886943
0,0,0.009329036
0,0,7.1692516e-06
0,0,3.252266e-05
0,0,1.2854011e-05
0,0,7.577379e-05
0,0,0.003768703
0,0,0.14096221
0,0,0.014665281
0,0,0.0008943753
0,0,8.096525e-05
0,0,5.7891416e-06
0,0,3.3042793e-06
0,0,9.74718e-06
0,0,0.004830336
0,0,0.018245963
0,0,4.1051744e-06
0,0,4.4944186e-06
0,0,0.009259852
0,0,0.00087595254
0,0,1.8833327e-05
0,0,1.4173008e-06
0,0,0.0018433443
0,0,1.8623168e-05
0,0,0.00011103303
0,0,6.127941e-05
0,0,5.1459338e-05
0,0,0.008026359
0,0,0.00021794386
0,0,2.4148418e-05
0,0,0.46683124
0,0,1.8714267e-05
0,0,0.01084781
0,0,0.00017866252
0,0,7.0030364e-06
0,0,6.34371e-06
0,0,6.182038e-06
0,0,0.0031967624
0,0,1.142789e-05
0,0,0.0008521086
0,0,8.188939e-06
0,0,4.2816296e-06
0,0,4.7002827e-06
0,0,2.0228974e-05
0,0,1.3302177e-06
0,0,0.0024132645
0,0,3.2006087e-06
0,1,0.7586176
0,0,5.294986e-05
0,0,5.567901e-05
0,1,0.6408825
0,0,1.2819697e-05
0,0,0.0005671078
0,1,0.737748
0,0,8.8008655e-06
0,0,0.0025229154
0,0,0.001176032
0,0,0.008316188
0,1,0.9587333
0,0,8.802045e-05
0,0,9.1792346e-05
0,0,0.00025023043
0,0,0.009150507
0,0,0.0019776276
0,0,8.702585e-05
0,1,0.9973201
0,0,0.012157668
0,0,0.0060757683
0,0,1.424036e-05
0,1,0.70567846
0,0,9.213585e-05
0,0,8.159543e-06
0,0,0.48428825
0,0,2.9021741e-05
0,0,1.1621897e-05
0,0,0.00032957122
0,0,3.3908596e-05
0,0,0.00019177332
0,0,2.2674927e-05
0,0,9.5398045e-06
0,0,0.031233232
0,0,5.3672215e-05
0,0,1.4717395e-05
0,0,1.0964641e-05
0,1,0.701827
0,0,7.0251103e-06
0,0,3.5827394e-05
0,0,5.711791e-06
0,0,0.000102058904
0,0,3.91035e-05
0,0,5.7567984e-05
0,0,0.00028048948
0,0,2.2035545e-05
0,0,3.5438414e-05
0,0,1.934239e-05
0,0,4.284926e-06
0,0,0.0014331958
0,0,2.7139762e-05
0,0,0.02701585
0,0,0.26821175
0,0,1.4532914e-05
0,0,2.3556682e-05
0,0,2.299791e-05
0,0,0.00012455237
0,0,3.0930303e-05
0,0,5.116041e-06
0,0,0.0007366978
0,0,5.403118e-05
0,0,0.00081628293
0,0,0.25754285
0,0,1.10996125e-05
0,0,1.435124e-05
0,0,0.0004298337
0,0,0.0033079612
0,0,0.00012178911
0,0,3.9996853e-06
0,0,0.00016004479
0,0,0.0066706873
0,0,1.0010066e-06
0,0,6.389374e-06
0,0,2.5383095e-05
0,0,1.3194858e-05
0,0,7.649997e-05
0,0,1.5162038e-05
0,0,0.0032078382
0,0,1.1757933e-06
0,0,0.0008097861
0,0,0.033856634
0,0,0.00011825431
0,0,0.0043601645
0,0,0.45267186
0,0,0.0003197592
0,0,1.3615651e-05
0,0,4.555293e-06
0,0,0.0002679083
0,0,0.00020536728
0,0,2.3650033e-05
0,0,0.0030160232
0,0,8.776392e-06
0,0,4.482389e-07
0,0,3.2840478e-06
0,0,1.2501183e-05
0,0,0.0053624567
0,0,7.843433e-07
0,0,0.0005689432
0,0,4.833818e-06
0,0,0.00074077875
0,0,1.7914144e-05
0,0,0.0007293698
0,0,0.005300017
0,0,8.1247566e-07
0,1,0.9345162
0,0,0.12897822
0,0,4.032242e-05
0,0,0.0002612855
0,0,8.808583e-06
0,0,2.0305952e-06
0,0,0.0002906329
0,0,3.7375416e-05
0,0,7.576208e-05
0,0,0.0023691133
0,0,6.545878e-05
0,0,0.0003463411
0,0,0.018802162
0,0,0.0052420506
0,1,0.96480656
0,0,9.70472e-06
0,0,0.014342247
0,0,0.0083696265
0,0,2.6972953e-05
0,0,0.00023000487
0,1,0.5097636
0,0,0.00044044966
0,0,4.7616822e-07
0,0,3.4819146e-05
0,0,1.3120701e-05
0,0,3.188093e-05
0,0,3.443583e-05
0,1,0.9998628
0,0,0.0033876172
0,0,5.961846e-05
0,0,0.00010734423
0,0,3.6377717e-06
0,0,0.021938777
0,0,0.09579494
0,0,6.5837406e-07
0,0,2.7597858e-07
0,0,0.09742016
0,0,0.007970987
0,0,0.00035960172
0,0,0.00013942718
0,0,1.5234462e-05
0,0,0.00022241594
0,0,2.8008593e-05
0,0,0.056446087
0,0,3.6532288e-06
0,0,2.0662462e-06
0,0,0.003035081
0,0,5.197008e-06
0,0,0.00025931126
0,0,1.9220312e-05
0,0,4.6543413e-05
0,0,5.1185703e-05
0,0,0.0005524958
0,0,4.5966193e-05
0,0,0.10307875
0,0,1.8239971e-06
0,0,0.0011764825
0,0,0.00022109678
0,0,6.548164e-06
0,0,0.00017680989
0,0,1.344634e-05
0,0,6.927492e-06
0,0,1.590034e-05
0,0,5.4141765e-05
0,0,2.6613607e-05
0,0,0.00023501054
0,0,0.00014241475
0,0,6.826409e-07
0,0,7.03402e-06
0,0,3.4730274e-05
0,0,6.298181e-05
0,0,0.0024682917
0,0,0.00040895614
0,0,5.4861293e-06
0,0,0.006414179
0,0,4.6132016e-05
0,0,0.074094355
0,0,0.00026538005
0,0,0.0039234087
0,0,2.8557686e-06
0,0,3.5766293e-06
0,1,0.9915849
0,0,0.000113682065
0,0,8.9324894e-05
0,0,0.0004979629
0,0,0.00020836413
0,0,0.00030111434
0,0,6.392509e-05
0,0,4.170443e-07
0,0,0.0001613352
0,0,0.0004004553
0,0,3.6921334e-05
0,0,3.5483422e-06
0,0,2.686324e-05
0,0,9.207739e-06
0,0,0.00019643686
0,0,3.2078275e-05
0,0,4.5323045e-06
0,0,3.9152505e-06
0,0,0.010870914
0,0,0.00020675814
0,0,1.1432592e-06
0,0,0.0063399975
0,0,0.00023960235
0,0,6.987519e-06
0,1,0.5021184
0,0,6.222365e-05
0,0,1.895123e-05
0,0,5.4632088e-05
0,0,1.0073182e-06
0,0,0.002717636
0,0,0.00013735164
0,0,0.0001405124
0,0,0.00013170851
0,0,0.023574932
0,0,8.490715e-06
0,0,1.5265077e-05
0,0,0.00016157275
0,0,4.7720926e-07
0,0,0.00017507606
0,0,0.00012278213
0,0,1.0062851e-05
0,0,0.0003294202
0,0,2.6407608e-05
0,0,9.0417896e-05
0,0,2.1845226e-05
0,0,1.0664355e-05
0,0,7.354735e-05
0,0,0.08088411
0,0,2.6415291e-05
0,0,0.08415729
0,0,3.6529298e-05
0,0,0.00012106198
0,0,4.4849776e-06
0,0,0.00015462827
0,0,0.0007662005
0,0,0.0110256905
0,0,1.2406681e-05
0,0,0.00018257853
0,0,0.00478326
0,0,2.0762805e-06
0,0,5.952655e-05
0,0,1.5361695e-05
0,0,0.00021397322
0,0,4.5406937e-06
0,0,1.2732587e-06
0,0,0.000374534
0,0,0.009733852
0,0,1.3219521e-05
0,0,2.9741348e-06
0,0,0.004894376
0,0,0.0019837532
0,0,0.0054282974
0,0,0.00011692402
0,0,9.432792e-06
0,0,0.004940381
0,0,4.8541013e-05
0,0,1.0177731e-05
0,0,1.2738775e-05
0,0,0.00086108514
0,0,3.7264843e-05
0,0,4.9292926e-06
0,0,0.0001332968
0,0,0.00026160307
0,0,0.001445455
0,0,0.4949515
0,0,4.853811e-06
0,0,1.1973009e-05
0,0,2.1366063e-06
0,0,0.00043857534
0,0,3.819945e-05
0,0,0.021068668
0,0,0.38583034
0,0,4.2828096e-06
0,0,4.9603304e-06
0,0,1.4223652e-05
0,0,6.168847e-05
0,0,1.869882e-06
0,0,0.00018079471
0,0,0.112437606
0,0,0.00066250423
0,0,5.3708663e-05
0,0,3.4852666e-05
0,1,0.78141433
0,0,2.1065704e-05
0,0,0.00010649639
0,0,0.008474804
0,0,0.0971623
0,0,4.8567786e-06
0,0,0.00016304657
0,0,0.00021038199
0,0,1.3623054e-05
0,0,0.00012599381
0,0,3.3015895e-06
0,0,0.0038454437
0,0,0.00014521589
0,0,0.00051829015
0,1,0.999974
0,0,5.205455e-06
0,0,3.86321e-06
0,0,0.00014384872
0,0,0.065912165
0,0,4.1243184e-05
0,0,5.722144e-06
0,0,0.042179603
0,0,1.334193e-05
0,0,4.762707e-05
0,0,0.000316535
0,0,2.1200996e-05
0,0,0.12071376
0,0,0.00080990343
0,0,0.0001903097
0,0,0.46314013
0,0,1.220928e-06
0,0,8.167012e-05
0,1,0.8943229
0,0,0.015750928
0,0,0.00029690273
0,0,0.0064631924
0,0,1.7987706e-05
0,0,0.00026802887
0,0,1.6226903e-05
0,0,0.045036335
0,0,4.900242e-06
0,0,0.021890305
0,0,2.1804035e-05
0,0,1.3344106e-05
0,0,6.131672e-06
0,0,3.7809307e-06
0,0,0.000923621
0,0,1.2944883e-05
0,0,0.009079266
0,0,0.000101007834
0,0,0.004698714
0,0,0.47951344
0,0,2.0197024e-06
0,0,0.0023902
0,0,1.5558637e-05
0,0,0.0001119185
0,0,0.00378085
0,0,5.796273e-05
0,0,5.96911e-06
0,0,0.00046468212
0,0,0.002131355
0,0,3.08595e-05
0,0,4.0413423e-05
0,0,0.024814956
0,0,0.0074782264
0,0,0.0006990326
0,0,7.630905e-06
0,0,1.59474e-05
0,0,0.0006478436
0,0,0.008441706
0,0,3.1864936e-05
0,0,1.7233247e-06
0,0,0.00028606318
0,0,0.025843779
0,0,2.804671e-05
0,0,0.021864131
0,0,0.002428033
0,0,0.0021045604
0,0,2.4848892e-05
0,0,5.006936e-06
0,0,1.8485043e-06
0,0,3.2287983e-06
0,0,0.00028315082
0,0,0.0021187821
0,0,7.342262e-05
0,0,2.6735863e-05
0,0,1.6174629e-06
0,0,7.5218006e-05
0,0,0.00050432637
0,0,0.47648576
0,0,2.027884e-06
0,0,6.1920805e-06
0,0,0.0003575326
0,0,2.1363097e-05
0,0,2.520035e-06
0,0,0.01005768
0,0,4.5379773e-05
0,0,1.9132194e-06
0,0,1.7014752e-05
0,0,2.9941154e-06
0,0,0.37480175
0,1,0.9999441
0,0,2.8448214e-05
0,0,0.0012606491
0,0,3.6800266e-05
0,0,0.00323672
0,0,2.715605e-06
0,0,2.3381406e-06
0,0,0.0020717022
0,0,0.0005971535
0,0,1.4398672e-05
0,0,0.0051429505
0,0,0.000732871
0,0,5.0270028e-06
0,0,0.00064685126
0,0,9.0359805e-05
0,0,0.023215614
0,0,5.1096355e-05
0,0,0.000513905
0,0,0.11813993
0,0,2.82865e-06
0,0,0.07704001
0,0,0.00035378567
0,0,1.7001995e-06
0,0,2.3093247e-05
0,0,6.936893e-05
0,0,0.00014184607
0,0,1.4285994e-06
0,0,9.301421e-05
0,0,2.309473e-06
0,0,2.5572463e-05
0,0,9.302329e-06
0,0,0.017584618
0,0,1.5540032e-05
0,0,2.2277773e-05
0,0,0.0036803866
0,0,0.12761125
0,0,0.41639417
0,0,0.0008821784
0,0,0.00034450507
0,0,0.0005689581
0,0,8.522971e-05
0,0,2.706099e-05
0,1,0.8521434
0,0,0.13942
0,0,5.8831956e-05
0,0,2.0707005e-06
0,0,1.157072e-06
0,0,5.7192552e-05
0,0,0.0009881026
0,0,7.712627e-06
0,0,0.008976593
0,0,0.075648166
0,0,0.00013360818
0,0,1.4406817e-05
0,0,2.7472848e-05
0,0,2.5140787e-05
0,0,7.937592e-06
0,0,0.0006007469
0,0,0.0035008278
0,0,2.3810162e-06
0,0,3.1467236e-05
0,0,1.1915462e-05
0,0,0.00011332749
0,0,2.6453105e-05
0,0,2.254549e-05
0,0,4.423326e-06
0,0,5.106175e-06
0,0,9.158975e-06
0,0,0.00017769939
0,0,0.0007616688
0,0,1.8003666e-05
0,0,1.3233307e-05
0,1,0.5977545
0,0,0.00025880215
0,0,3.832413e-05
0,0,0.020324359
0,0,0.008099417
0,0,0.0013624752
0,0,0.02829643
0,0,0.00010364043
0,0,0.016000709
0,0,0.045962665
0,0,0.0043689464
0,0,0.00011589923
0,0,0.09925349
0,0,3.4594875e-06
0,0,0.0009126012
0,0,9.5003015e-06
0,0,9.561865e-06
0,0,0.09070557
0,0,7.366998e-05
0,0,0.0021276486
0,0,9.5371535e-05
0,0,0.037882138
0,0,0.0033070995
0,0,0.0005929069
0,0,0.00023693981
0,0,0.0006057872
0,0,0.07019858
0,0,0.46636236
0,0,1.0273101e-05
0,0,1.0055159e-06
0,0,3.3682616e-06
0,0,3.5059165e-06
0,0,2.6881227e-05
0,0,1.6356853e-05
0,0,5.3142926e-06
0,0,1.17726695e-05
0,0,0.034044497
0,0,1.6316097e-05
0,0,0.013882311
0,0,8.648372e-06
0,0,0.06674729
0,0,0.03654556
0,0,1.8507923e-06
0,0,3.615148e-05
0,0,0.004670473
0,0,0.00036113226
0,0,3.1384282e-06
0,0,6.7863216e-06
0,0,0.00020904468
0,0,1.6567914e-05
0,1,0.8000274
0,0,0.012482862
0,0,3.447815e-05
0,0,0.00019543586
0,0,1.7743358e-06
0,0,0.011366563
0,0,0.00015088331
0,0,0.1124838
0,0,0.0010168039
0,0,0.032202967
0,0,0.022022363
0,0,0.0006126574
0,0,3.597646e-05
0,0,2.7725066e-05
0,0,4.9915034e-06
0,0,0.00026712503
0,0,0.26196
0,0,0.02379989
0,0,0.042898703
0,0,7.240234e-06
0,0,5.471309e-07
0,0,0.0069075143
0,0,0.00013531356
0,0,5.166535e-07
0,0,0.00364268
0,0,0.00092756614
0,0,0.0033863604
0,0,0.0007251982
0,0,0.010618984
0,0,0.006697069
0,0,0.0044277455
0,0,5.57427e-05
0,0,6.647166e-06
0,0,0.0010906925
0,0,4.4338158e-05
0,0,0.0048501585
0,0,0.0025703032
0,0,7.136565e-05
0,0,0.00027663965
0,0,1.2170557e-06
0,0,1.1912256e-06
0,0,6.983163e-07
0,0,0.0035451404
0,0,0.00871412
0,0,5.513366e-06
0,0,8.82286e-05
0,0,0.00923697
0,0,0.00069648254
0,0,1.0401943e-06
0,0,3.0031295e-06
0,0,0.00078210805
0,0,0.007859346
0,0,7.641362e-06
0,0,0.020251762
0,1,0.57935935
0,0,0.0019787948
0,0,2.4156373e-06
0,0,0.0012131297
0,0,4.8731663e-06
0,0,1.0994137e-05
0,0,0.01625788
0,0,9.721874e-06
0,0,8.074132e-06
0,0,1.4126184e-06
0,0,0.00019611759
0,0,9.0067516e-07
0,0,0.0006082107
0,0,1.4828609e-05
0,0,8.53833e-06
0,0,0.22048289
0,0,0.0032713262
0,0,1.1220397e-05
0,0,0.004360297
0,0,9.880538e-06
0,0,0.0024347133
0,0,2.5920475e-05
0,0,4.682638e-05
0,0,0.00015040154
0,1,0.9767894
0,0,0.0019803247
0,0,0.0004621089
0,0,3.6907284e-05
0,0,0.0005858794
0,0,5.4201064e-05
0,0,0.0032274965
0,0,0.4565952
0,0,0.0002304083
0,0,1.6219534e-06
0,0,9.426411e-05
0,0,0.0034312732
0,0,4.476047e-06
0,0,5.540808e-05
0,0,0.00045365727
0,0,2.007481e-05
0,0,0.0043789637
0,1,0.9289927
0,0,1.9395604e-05
0,0,3.8007518e-05
0,0,0.007995366
0,0,1.8514243e-05
0,0,0.0005394737
0,0,9.886072e-05
0,0,0.015975105
0,0,0.019784307
0,0,1.1368109e-06
0,0,4.8832985e-06
0,0,0.0024615852
0,1,0.76087093
0,0,5.9107955e-05
0,0,0.0027977459
0,0,0.00022839844
0,0,0.030745825
0,0,0.00018581339
0,0,0.00012264663
0,0,7.0035577e-07
0,0,0.04241836
0,0,0.002569069
0,0,3.3494456e-05
0,0,0.00029601186
0,1,0.70490444
0,0,0.00021973286
0,0,0.0044089104
0,0,1.7217186e-05
0,0,2.0051589e-06
0,0,0.00037383608
0,0,0.0013262738
0,1,0.6478756
0,0,0.0012979506
0,0,0.00069460727
0,0,4.068301e-06
0,0,0.0111053735
0,0,8.010947e-05
0,0,3.4802822e-06
0,0,2.5466586e-06
0,0,6.2281404e-05
0,0,0.0020050465
0,0,0.00040176723
0,1,0.8950008
0,0,0.0007019643
0,0,1.9997957e-05
0,0,0.036384005
0,0,0.00030868576
0,0,0.0001561017
0,0,5.60831e-05
0,0,0.00023750798
0,0,0.00020656445
0,0,0.0008589068
0,0,9.700481e-06
0,0,0.110613175
0,0,0.0064090146
0,0,8.144443e-05
0,0,0.00072929414
0,0,0.00035682623
0,0,0.00022346346
0,0,6.6592766e-05
0,0,0.010455382
0,0,8.030506e-06
0,0,1.1605672e-05
0,0,9.882933e-05
0,0,1.674051e-06
0,0,0.164091
0,0,1.0310516e-05
0,0,3.106225e-06
0,0,1.9992121e-05
0,0,3.0984153e-05
0,0,2.4838039e-06
0,0,0.00046447068
0,0,0.014329041
0,0,0.0003638836
0,0,0.00017931363
0,0,2.011882e-06
0,1,0.997038
0,0,2.086875e-05
0,0,3.0388974e-06
0,0,4.127718e-05
0,0,1.2067005e-05
0,0,1.3719913e-05
0,0,5.086426e-05
0,0,2.629505e-05
0,0,0.002049922
0,0,6.395611e-05
0,0,0.062113896
0,0,1.1739121e-06
0,0,0.00087123405
0,0,9.962979e-06
0,0,1.0946909e-05
0,0,6.128695e-05
0,0,1.9510103e-06
0,0,0.00021265526
0,0,0.002348172
0,0,0.014274599
0,0,8.022989e-07
0,0,0.00051978225
0,0,6.5106774e-06
0,0,1.6477155e-05
0,0,0.0015514962
0,0,8.546843e-06
0,0,0.00017335694
0,0,0.00022515494
0,0,0.0055909697
0,0,2.611037e-06
0,0,0.0003906715
0,0,4.6132145e-06
0,0,2.0024467e-05
0,0,3.101971e-06
0,0,0.00012369463
0,0,0.032641567
0,0,7.764177e-05
0,0,8.890597e-06
0,0,0.0060644425
0,0,3.5984779e-06
0,0,0.00032851816
0,0,2.0745565e-05
0,0,1.299618e-05
0,0,3.3976543e-05
0,0,3.6680514e-05
0,0,7.883397e-06
0,0,4.9541563e-06
0,1,0.9763825
0,0,4.8140828e-05
0,0,0.0039856136
0,0,1.0718403e-05
0,0,3.55103e-05
0,0,0.00012760516
0,0,8.58582e-06
0,0,0.00057566917
0,0,2.5113517e-05
0,0,1.7163642e-05
0,0,0.00046412856
0,0,1.5331076e-05
0,0,0.018569093
0,0,6.7542837e-06
0,0,0.018937819
0,0,0.0001290615
0,0,0.10359987
0,0,1.127807e-05
0,0,0.0001365963
0,0,3.154798e-06
0,0,1.0635682e-05
0,0,0.0013920586
0,0,0.0021689248
0,0,8.615804e-07
0,0,0.01393579
0,0,0.04008139
0,0,6.095855e-05
0,0,0.0001315639
0,0,0.018689658
0,0,1.0728882e-06
0,0,8.456774e-06
0,0,2.0865686e-05
0,0,0.003839001
0,0,0.0015120642
0,0,1.4040552e-05
0,0,0.00010356356
0,0,0.02872699
0,0,0.00014176253
0,0,0.000165934
0,0,8.851022e-06
0,0,1.8264904e-05
0,0,0.0007163545
0,0,3.852724e-06
0,0,8.336534e-06
0,0,0.037025847
0,0,1.1606944e-05
0,0,0.00012907555
0,0,3.7503808e-06
0,0,2.9480103e-05
0,0,0.0039729737
0,0,1.6185113e-05
0,0,0.020079229
0,0,2.2499222e-05
0,0,9.240378e-05
0,0,0.0009062834
0,0,0.021617584
0,0,4.5557053e-06
0,0,4.558218e-06
0,0,2.5111485e-06
0,0,1.5687543e-05
0,0,6.2072695e-06
0,0,0.004909602
0,0,0.007643208
0,0,5.9088794e-05
0,0,0.00033365202
0,0,4.181409e-05
0,0,1.3469996e-06
0,0,5.276931e-06
0,0,1.7549658e-06
0,0,2.0122112e-05
0,0,2.431568e-05
0,0,6.941651e-06
0,0,2.0195821e-05
0,0,1.1942219e-05
0,0,8.485097e-06
0,0,0.00043456897
0,0,0.0015729985
0,0,3.9320103e-06
0,0,0.0002751634
0,1,0.924022
0,0,1.1345169e-05
0,0,4.5686687e-05
0,0,0.00040035872
0,0,0.0017143991
0,0,0.0033599522
0,0,0.00011241372
0,0,2.030113e-06
0,0,5.506283e-06
0,0,0.000103523766
0,0,3.6794556e-06
0,0,8.892251e-06
0,0,0.017186001
0,0,0.0009090989
0,1,0.93116814
0,0,0.005932669
0,0,1.7864924e-05
0,0,5.3574342e-05
0,0,5.865225e-07
0,0,0.0010043418
0,0,0.00059925194
0,0,3.6891455e-05
0,0,1.36640265e-05
0,0,0.019426333
0,0,9.527057e-06
0,0,7.7324126e-05
0,0,0.0041823634
0,1,0.85687244
0,0,2.0612331e-05
0,0,3.750492e-05
0,0,1.4253674e-05
0,0,0.00021849442
0,0,1.4197619e-05
0,0,6.6676264e-05
0,0,0.0010849942
0,0,0.0001297112
0,0,0.199892
0,0,4.7257086e-05
0,0,1.3683932e-06
0,0,2.9546216e-05
0,1,0.5901536
0,0,1.9712536e-05
0,0,3.9481576e-05
0,0,1.9019983e-06
0,0,7.761992e-06
0,0,0.00055905705
0,0,0.00067632424
0,0,2.8579687e-05
0,0,5.353726e-06
0,0,0.00011335581
0,0,0.00018003042
0,0,0.06551584
0,0,8.096841e-05
0,0,2.6137572e-05
0,0,2.183602e-05
0,0,0.0003065671
0,0,1.5850952e-05
0,0,0.0002826101
0,0,0.00013780252
0,0,7.400693e-06
0,0,0.00020003715
0,0,4.3175765e-05
0,0,0.00036662133
0,0,7.689821e-06
0,0,2.8069884e-05
0,0,9.996538e-06
0,0,0.00020520715
0,1,0.99965966
0,0,1.5433235e-06
0,0,0.02807069
0,0,8.211869e-05
0,0,2.3543942e-06
0,0,9.588054e-05
0,0,8.074111e-05
0,1,0.985247
0,0,0.001669928
0,0,2.4292883e-06
0,0,0.00011015384
0,0,5.7748275e-06
0,0,0.00064374635
0,0,0.00015423083
0,0,0.00029330488
0,0,0.00017026985
0,0,0.20888564
0,0,1.631798e-05
0,0,7.131333e-05
0,0,2.3114135e-05
0,0,0.0052563925
0,0,0.00019813057
0,0,3.489861e-06
0,0,7.349833e-06
0,1,0.5372627
0,0,4.532309e-06
0,0,0.017792854
0,1,0.50025886
0,0,1.1026981e-05
0,0,0.0003049341
0,0,0.0007166595
0,0,0.0002943088
0,0,0.0341585
0,0,0.29579997
0,0,0.0002888165
0,0,0.0021381169
0,0,0.00032060719
0,0,0.009735994
0,0,0.006041761
0,0,6.334787e-06
0,0,0.0059973304
0,0,0.09452606
0,0,9.526955e-05
0,0,0.00012573302
0,0,9.021796e-06
0,0,0.00013680643
0,0,0.00015388266
0,0,3.864146e-05
0,0,0.00018456992
0,0,0.013991006
0,0,6.5312247e-06
0,0,0.0010619083
0,0,1.24429025e-05
0,0,0.040133268
0,1,0.7292082
0,0,0.00015357704
0,0,0.013044607
0,0,0.0001886409
0,0,6.034767e-06
0,0,0.0013365117
0,0,1.503117e-05
0,0,0.0012895751
0,0,1.1021451e-05
0,0,0.00040270522
0,0,0.0010229817
0,0,0.00301909
0,0,0.050286014
0,0,3.2546675e-05
0,0,3.7762102e-06
0,0,0.0030245231
0,0,7.982587e-05
0,0,0.0031654888
0,0,6.376281e-06
0,0,6.6216875e-05
0,0,2.0293512e-05
0,0,1.9960464e-05
0,0,0.0002534039
0,0,1.3860663e-06
0,0,2.7625223e-05
0,0,0.0012533822
0,0,8.88439e-05
0,0,5.7203244e-05
0,0,2.778902e-05
0,0,0.00021172604
0,0,0.00012742022
0,0,0.009655679
0,0,2.987975e-05
0,0,0.000754812
0,1,0.83800757
0,0,8.280602e-06
0,0,2.105329e-05
0,0,6.152193e-05
0,0,1.4498942e-05
0,0,0.0006125704
0,0,0.0005926442
0,0,2.7699036e-05
0,0,5.1330193e-05
0,0,0.0015738525
0,0,0.00024298832
0,0,0.00026893066
0,0,1.5299458e-05
0,0,0.0001691688
0,0,0.00025536603
0,0,0.00016698235
0,0,3.9468955e-06
0,0,3.1004696e-05
0,0,6.5124536e-06
0,0,2.3468496e-05
0,0,0.00057851424
0,0,0.008666571
0,0,0.045665678
0,0,0.00015547557
0,0,1.0921549e-05
0,0,0.00060901465
0,0,4.2984237e-05
0,0,8.988682e-06
0,1,0.95609486
0,0,0.0071907653
0,0,9.826681e-05
0,0,2.258592e-06
0,0,0.00010673958
0,0,3.1023214e-05
0,0,0.00024678896
0,0,0.00040995597
0,0,5.317618e-06
0,0,6.779436e-05
0,0,0.014630622
0,0,0.006147178
0,0,8.579178e-07
0,0,1.7586735e-06
0,0,7.1845216e-06
0,0,0.0013295632
0,0,1.9115389e-05
0,0,0.001155357
0,0,9.011658e-06
0,0,0.015064476
0,0,1.2799199e-05
0,0,4.733895e-05
0,0,0.014571866
0,0,4.19721e-06
0,0,2.5966838e-05
0,0,3.4041175e-05
0,0,1.3175594e-05
0,0,0.06062055
0,0,0.00018090283
0,0,0.0006298219
0,0,0.00027958973
0,0,0.000255284
0,0,3.1172112e-05
0,0,2.5546578e-05
0,0,7.966698e-06
0,0,0.00041402335
0,0,0.0393202
0,0,0.00012575988
0,0,2.1572e-05
0,0,0.0025533598
0,0,9.829889e-06
0,0,0.00029195845
0,0,1.4308655e-06
0,0,3.2687003e-06
0,0,0.00017700369
0,0,6.269735e-05
0,0,0.00023244738
0,0,1.8362091e-06
0,0,1.0032018e-06
0,0,0.0018968515
0,0,9.179323e-06
0,0,0.02763558
0,0,4.283668e-05
0,0,0.00039011287
0,0,0.003022945
0,0,9.200266e-05
0,0,0.01300141
0,0,0.020401046
0,0,0.00145144
0,0,0.0016204709
0,0,0.1403707
0,0,0.000113661794
0,0,1.5544965e-05
0,0,1.2898845e-05
0,0,0.0034511776
0,0,2.085747e-05
0,0,0.00012495935
0,0,0.0004711412
0,0,5.5716242e-05
0,0,1.9136598e-05
0,0,2.8784258e-05
0,0,5.000167e-05
0,0,7.601333e-05
0,0,5.885541e-05
0,1,0.99894553
0,0,3.7082893e-06
0,0,0.0055671073
0,0,0.00080470066
0,0,0.0021421197
0,0,0.0026628736
0,0,1.0205128e-05
0,0,0.0004970337
0,0,0.009668747
0,1,0.80509686
0,0,7.523206e-05
0,0,7.462846e-07
0,0,1.0264502e-05
0,0,0.0010200784
0,0,2.3636887e-05
0,0,1.8299262e-06
0,0,8.7687935e-05
0,0,0.000174774
0,0,0.00014536465
0,0,0.116120994
0,0,1.3626073e-06
0,0,0.00015329132
0,0,0.00088052027
0,0,6.62597e-05
0,0,8.271669e-07
0,0,3.3572235e-06
0,0,0.0001578656
0,0,0.09763057
0,0,0.0015372818
0,0,0.08230942
0,0,0.19337744
0,0,0.0076550376
0,0,3.6468448e-06
0,0,2.2127133e-06
0,0,0.0024119976
0,0,0.00049833924
0,0,1.0865624e-06
0,0,0.00021264494
0,0,2.110152e-06
0,0,3.6559613e-06
0,0,1.022233e-06
0,0,1.6225818e-05
0,0,2.7334792e-07
0,0,2.016753e-05
0,0,0.000101464066
0,1,0.9921463
0,0,0.00021870327
0,0,7.061139e-05
0,0,0.0033266621
0,0,0.0028341545
0,0,0.019081179
0,0,9.371702e-06
0,0,6.3877105e-06
0,0,0.00033850406
0,0,3.3668166e-06
0,0,0.002031742
0,0,0.00012964926
0,0,6.7508765e-05
0,0,1.0830474e-05
0,0,0.032200728
0,0,1.058947e-05
0,0,0.008097012
0,0,1.8736251e-06
0,0,0.004248694
0,0,2.3884166e-05
0,0,1.3129688e-05
0,0,8.6537415e-07
0,0,0.0023030227
0,0,0.20153199
0,0,0.0051240185
0,0,9.648644e-07
0,0,3.004364e-06
0,0,3.9206254e-05
0,0,3.5380563e-06
0,0,3.8332705e-06
0,0,3.7274604e-06
0,0,4.8852704e-05
0,0,0.00020728853
0,0,0.000798671
0,0,1.572592e-05
0,0,0.23099121
0,0,0.0009677279
0,0,0.0012526959
0,0,0.04095806
0,0,6.746333e-05
0,0,0.00016650776
0,0,7.388211e-06
0,0,7.3806264e-06
0,0,3.3439613e-07
0,0,1.3914865e-05
0,0,3.6323647e-05
0,0,5.683286e-06
0,0,0.00044521206
0,0,0.0017972488
0,0,0.00013384726
0,0,0.0009242702
0,0,8.0187194e-05
0,0,0.018698882
0,0,5.7374227e-06
0,0,7.17198e-06
0,0,0.007855048
0,0,7.830078e-06
0,1,0.89286304
0,0,0.0020151646
0,0,0.0002200698
0,0,0.33265212
0,0,1.5871001e-06
0,0,0.2352176
0,0,0.0037798476
0,0,0.00030366023
0,0,0.0012791436
0,0,0.00063691626
0,0,1.1216824e-05
0,0,4.485401e-06
0,0,0.021545177
0,0,0.004061501
0,0,0.00054409134
0,0,0.013524442
0,0,3.5419765e-05
0,0,6.5117645e-05
0,0,0.00016742398
0,0,0.00052455685
0,0,2.3909577e-06
0,0,5.5907738e-05
0,0,2.5000254e-05
0,0,0.03727372
0,0,0.00016832615
0,0,0.0019015318
0,0,3.5063379e-06
0,0,2.9721414e-06
0,1,0.59069157
0,0,3.1262436e-05
0,0,0.013168738
0,0,0.00014086388
0,0,2.7300607e-06
0,0,1.16763995e-05
0,0,0.13147715
0,0,0.014619448
0,0,9.913203e-05
0,0,7.6226415e-06
0,0,0.00807763
0,0,3.617161e-06
0,0,0.00024855713
0,0,8.219916e-06
0,0,0.00017126898
0,0,0.39506435
0,0,0.0024588152
0,0,7.781209e-05
0,0,0.0038369973
0,0,7.686045e-07
0,0,8.663181e-05
0,0,3.922963e-05
0,0,9.6325e-05
0,0,5.2977943e-05
0,0,9.827808e-06
0,0,7.243383e-06
0,1,0.9205159
0,0,8.053706e-06
0,0,3.3071292e-06
0,0,5.5323708e-05
0,0,0.00031583023
0,0,0.104502246
0,0,0.00012005163
0,0,8.671613e-06
0,0,7.3027804e-05
0,0,3.7690792e-05
0,0,0.003147245
0,0,9.897344e-05
0,0,0.14029926
0,0,0.0018620259
0,0,7.2651483e-06
0,0,6.205345e-05
0,0,0.0017819995
0,0,0.00057464873
0,0,0.00015363621
0,0,0.0003019405
0,0,0.09893832
0,0,0.016677784
0,0,9.294011e-06
0,0,9.2041665e-07
0,0,8.972981e-05
0,0,7.878257e-05
0,0,0.00011113102
0,0,0.01426378
0,0,0.0004205594
0,0,6.437869e-05
0,0,0.026582396
0,0,3.3757028e-06
0,0,0.0079403445
0,0,0.000101375575
0,0,3.989278e-05
0,0,0.0017934839
0,0,0.00011669213
0,0,1.7727067e-05
0,0,3.16938e-05
0,0,5.4923723e-05
0,0,7.627489e-05
0,1,0.5791306
0,0,0.21028332
0,0,0.00021751164
0,0,0.00010320501
0,0,0.010989048
0,0,2.5295958e-05
0,0,4.2470154e-05
0,0,3.746249e-05
0,0,0.0024117474
0,0,0.001281023
0,0,0.0019385279
0,0,5.563044e-06
0,0,0.0023979363
0,0,1.8820703e-05
0,0,7.982039e-05
0,0,8.909532e-06
0,0,0.0010199003
0,1,0.9797283
0,0,0.017359046
0,0,0.00016791432
0,0,0.000112453396
0,0,9.474471e-06
0,0,5.011393e-06
0,0,1.3119599e-05
0,0,0.000944498
0,0,0.2265983
0,0,0.020191183
0,0,0.0011165667
0,0,0.032251254
0,0,4.0386512e-06
0,0,0.02994732
0,0,2.6617565e-05
0,0,0.00013910104
0,0,2.7900041e-05
0,0,9.96087e-06
0,0,3.7747228e-05
0,0,7.967003e-06
0,0,0.00017678391
0,0,0.00021165679
0,0,0.00041678105
0,0,3.0295361e-05
0,0,1.6792648e-05
0,0,2.2912252e-05
0,0,0.00035769472
0,0,3.5722616e-05
0,1,0.9992933
0,1,0.54943335
0,1,0.53637284
0,0,0.0011062035
0,0,0.017677074
0,0,0.023693101
0,0,0.015809985
0,0,0.00080803013
0,0,0.003016772
0,0,0.0010941676
0,0,0.034828752
0,0,3.0333378e-05
0,0,0.0003006121
0,0,0.0021010563
0,0,0.00094709377
0,0,9.118085e-06
0,0,0.0008840098
0,0,0.057627063
0,0,0.33731064
0,0,1.23052605e-05
0,0,7.8672997e-07
0,0,0.0045801126
0,0,0.0004036803
0,0,0.0001442541
0,0,0.00014590709
0,0,1.680266e-05
0,0,0.08131231
0,0,5.259803e-05
0,0,5.0630774e-06
0,0,2.3188915e-05
0,0,1.120596e-06
0,0,0.0007124474
0,0,0.00046782725
0,0,0.00017794949
0,0,3.942983e-06
0,0,2.04144e-05
0,0,2.753921e-05
0,0,0.036067262
0,0,0.0042908275
0,0,2.914858e-05
0,0,0.00015687925
0,0,7.051268e-07
0,0,2.2013448e-05
0,0,3.49798e-05
0,0,9.896512e-06
0,0,2.1666052e-05
0,0,4.5437024e-05
0,0,6.0095714e-05
0,0,9.842454e-05
0,0,5.0489245e-05
0,0,1.5393489e-06
0,0,0.057660267
0,0,0.0032024214
0,0,1.8941206e-06
0,0,6.6681755e-06
0,0,1.4407901e-05
0,0,0.00037768006
0,0,0.4202616
0,0,1.2280794e-05
0,0,4.0390765e-05
0,0,0.00019689514
0,0,0.00043599447
0,0,0.0016333394
0,0,0.05806702
0,0,5.6170127e-05
0,0,0.00031922277
0,0,0.20116057
0,0,1.9362245e-05
0,0,0.036426585
0,0,0.0007706464
0,0,1.1965464e-05
0,0,3.6059807e-06
0,0,5.141558e-06
0,0,1.1725074e-05
0,0,8.025767e-07
0,0,1.4679953e-05
0,0,0.0022806767
0,0,0.0046154223
0,0,3.114071e-05
0,0,9.247479e-06
0,0,0.038554028
0,0,1.1336894e-05
0,0,0.00026512943
0,0,0.000104953404
0,0,0.00015794659
0,1,0.562417
0,0,0.0002128638
0,0,2.357452e-06
0,0,8.697297e-06
0,0,0.25952634
0,0,9.350922e-05
0,0,5.0779613e-06
0,0,0.0035063312
0,0,0.005473711
0,0,9.859411e-05
0,0,0.00031697255
0,0,3.7873506e-06
0,0,4.8863444e-06
0,0,0.00012748111
0,0,1.8508222e-06
0,0,6.0748822e-05
0,0,9.588464e-06
0,0,0.018782392
0,0,0.0009867591
0,0,0.00023755511
0,0,1.7758662e-06
0,0,0.00066194
0,0,7.8053176e-07
0,0,0.000104011
0,0,2.182482e-06
0,0,0.0013503954
0,0,7.3860833e-06
0,0,0.0005043369
0,0,0.011419911
0,0,0.37529522
0,0,0.00024046855
0,0,6.1538854e-06
0,0,1.3562995e-05
0,0,1.3665264e-05
0,0,6.194939e-06
0,0,0.00022155492
0,0,0.00096272695
0,0,2.0271265e-05
0,0,0.007207969
0,0,0.008238782
0,0,0.00044677738
0,0,0.20767264
0,1,0.93872696
0,0,8.526929e-06
0,0,0.00042588357
0,0,0.23520622
0,1,0.96702105
0,0,5.402922e-05
0,0,0.004714188
0,0,8.5407527e-07
0,0,5.4483435e-06
0,0,0.00011460233
0,0,9.612626e-06
0,0,0.0008074282
0,0,0.00046453354
0,0,1.6495723e-06
0,0,5.7956924e-05
0,0,0.00038140677
0,0,0.0013095833
0,0,9.051987e-05
0,0,0.00041535197
0,0,0.00028622575
0,0,4.1036164e-06
0,0,0.029926647
0,0,7.8417776e-05
0,0,0.00016531353
0,0,3.1267507e-05
0,0,1.5536489e-05
0,0,0.03535111
0,0,0.00024505856
0,1,0.9259768
0,1,0.6155009
0,0,3.3107583e-06
0,0,0.0404692
0,0,0.003029949
0,0,0.00016675086
0,0,6.352873e-05
0,0,0.000105201805
0,0,8.099814e-06
0,0,0.010366977
0,0,8.497519e-06
0,0,7.750253e-06
0,0,0.09289007
0,0,0.00020071001
0,0,0.040712822
0,0,0.31344
0,0,0.023321232
0,0,0.001336825
0,0,5.330994e-05
0,0,0.009638818
0,0,2.4572497e-05
0,0,0.00037459345
0,0,1.6761609e-05
0,0,0.30426964
0,0,0.11769746
0,0,0.0034562917
0,0,6.6417037e-06
0,0,0.00015884737
0,0,1.049906e-05
0,0,5.3643976e-06
0,0,8.67997e-06
0,0,0.00012104662
0,0,9.9311255e-06
0,0,0.04972264
0,0,0.0017288283
0,0,0.028157987
0,0,0.026032561
0,0,4.3174696e-05
0,0,0.00075892033
0,0,7.5410145e-07
0,0,0.00010162645
0,0,0.00019842018
0,0,0.00017200282
0,0,0.00013240914
0,0,1.590944e-05
0,0,5.802583e-05
0,0,0.0040638708
0,0,0.027989496
0,0,3.535072e-05
0,0,0.024305832
0,0,3.213651e-05
0,0,6.051649e-07
0,0,0.00069378095
0,0,0.0112731615
0,0,0.0024979562
0,0,9.1390924e-05
0,0,0.00047903918
0,0,0.054694362
0,0,2.2324479e-05
0,0,0.00014670227
0,0,1.5575388e-06
0,0,0.00045113883
0,0,1.817314e-06
0,0,0.49466634
0,0,1.3064623e-06
0,0,6.525273e-05
0,0,0.00011463588
0,0,3.405465e-05
0,0,4.744353e-06
0,0,2.1040967e-05
0,0,0.004449774
0,0,0.0010568328
0,0,0.00022925477
0,0,0.00023089828
0,0,7.760312e-05
0,0,1.5418393e-05
0,0,1.8029818e-05
0,0,3.5469893e-05
0,0,3.771625e-06
0,0,0.0004671804
0,0,4.5088007e-05
0,0,0.0054336544
0,0,0.0134859765
0,0,4.1747797e-05
0,0,5.728185e-05
0,0,0.0060498193
0,0,0.00046476297
0,0,9.179042e-05
0,0,0.075021565
0,0,0.00015699163
0,0,0.00020366648
0,0,2.8412378e-06
0,0,0.0022694818
0,0,4.4096755e-06
0,0,8.636406e-06
0,0,5.8276037e-05
0,0,0.016299764
0,0,2.4887002e-05
0,0,3.9509825e-05
0,0,0.0031807036
0,0,0.00044204903
0,0,6.329002e-06
0,0,0.037481785
0,0,0.000107220454
0,0,0.0005411119
0,0,6.9961875e-06
0,0,0.22824793
0,0,0.001357501
0,0,0.00080320565
0,0,0.004545861
0,0,1.2154921e-05
0,0,0.011560558
0,0,0.0010760373
0,0,5.0389248e-05
0,0,0.0005551134
0,0,2.5533012e-05
0,0,5.604717e-05
0,0,5.383445e-05
0,0,4.197734e-06
0,0,6.16863e-05
0,0,0.00026874538
0,0,1.4203739e-05
0,0,0.00012337929
0,0,8.290889e-06
0,0,0.0038383447
0,0,8.90512e-05
0,0,0.00022092546
0,1,0.70939815
0,0,0.00016337681
0,0,9.5178926e-05
0,0,1.9906664e-05
0,0,0.0019546659
0,0,4.3398013e-05
0,0,1.2531622e-05
0,0,1.175541e-06
0,0,1.2474507e-05
0,0,0.030873217
0,0,7.831398e-05
0,0,0.0017186119
0,0,5.8306e-05
0,0,0.007019509
0,0,0.0016317416
0,0,9.915594e-05
0,0,0.005737311
0,0,7.2026673e-06
0,0,2.7073253e-05
0,0,0.0034263853
0,0,0.0008816989
0,0,0.052847307
0,0,6.934333e-06
0,0,2.2704069e-06
0,0,6.4649896e-05
0,0,1.8682134e-05
0,0,0.0190313
0,0,2.5036068e-06
0,0,0.010463042
0,0,9.01808e-06
0,0,4.0584284e-05
0,0,0.2959461
0,0,1.6388112e-05
0,0,2.2071425e-05
0,0,6.6796165e-05
0,0,0.0001802812
0,0,6.4773158e-06
0,0,0.0062924298
0,0,0.0028066826
0,0,0.13677858
0,0,0.00021097496
0,0,0.00057398423
0,0,0.22663768
0,0,0.0010759528
0,0,0.00023587052
0,0,3.8276526e-06
0,0,0.2044994
0,0,2.6585143e-05
0,0,0.055411026
0,0,4.3441414e-05
0,0,0.00031593686
0,0,2.2381555e-06
0,0,0.000113602524
0,0,4.4290653e-05
0,0,0.003463519
0,0,0.0006411949
0,0,0.2332156
0,0,4.4126748e-05
0,0,0.00018426713
0,0,0.0006622769
0,0,0.00018479762
0,0,0.0001825747
0,0,0.002261267
0,0,1.1536339e-05
0,0,0.00028582462
0,0,7.802371e-05
0,0,2.0350197e-05
0,0,1.5051739e-05
0,0,2.9479518e-06
0,0,0.000104781815
0,0,0.00044056322
0,0,0.02283876
0,0,1.5307935e-06
0,0,5.4002383e-05
0,0,0.0013381902
0,0,1.4851711e-06
0,0,1.563611e-06
0,0,0.016979693
0,0,0.012133764
0,0,1.7545492e-05
0,0,2.2941376e-06
0,0,0.13048552
0,0,0.0003111897
0,0,4.699808e-05
0,0,7.0715787e-06
0,0,5.7708527e-05
0,0,1.0174548e-05
0,0,0.00031945325
0,0,0.00036358766
0,0,7.22844e-05
0,0,0.0012830746
0,0,0.0006436353
0,0,0.020936562
0,0,0.0006286082
0,0,0.010482264
0,0,0.008009751
0,0,3.0114006e-05
0,0,2.7732496e-05
0,0,3.2400843e-05
0,0,2.3975379e-05
0,0,2.0158435e-05
0,0,1.4199514e-05
0,0,0.0007588234
0,0,0.0044437028
0,0,0.0008053297
0,0,1.9045358e-06
0,0,2.6373193e-06
0,0,0.082785144
0,0,2.6938276e-05
0,0,5.2745413e-06
0,0,9.4901414e-05
0,0,0.00034533025
0,0,0.18492967
0,0,0.0023845094
0,0,3.6620117e-06
0,0,0.00031866968
0,0,0.00018935977
0,0,0.0060123894
0,0,0.35055777
0,0,0.00020695005
0,0,3.642452e-05
0,0,0.00087218516
0,0,0.00013985849
0,0,0.0009569164
0,0,4.6733767e-05
0,0,1.013318e-05
0,0,0.00010903084
0,0,4.5008353e-05
0,0,2.1806095e-06
0,0,1.1939778e-06
0,0,0.0036387155
0,0,4.312235e-05
0,0,0.0014897359
0,0,0.0014067582
0,0,0.00016199313
0,0,0.0007059002
0,0,6.519215e-06
0,0,2.7609236e-05
0,0,5.532951e-05
0,0,2.6916063e-05
0,0,0.00025647893
0,0,8.8219764e-05
0,0,6.429944e-06
0,0,0.00073455536
0,0,0.02182267
0,0,1.5146546e-05
0,0,0.000109428205
0,0,0.0064400733
0,0,9.207104e-05
0,0,1.7999839e-05
0,0,0.074092895
0,0,7.5867933e-06
0,0,1.1168086e-05
0,0,1.0780229e-05
0,0,4.75589e-05
0,0,4.6706573e-06
0,0,3.658678e-05
0,0,0.00016541555
0,0,0.00024103854
0,0,1.0142122e-06
0,0,0.00016318486
0,0,5.2662626e-06
0,0,0.00022203899
0,0,3.1218195e-05
0,0,3.2598e-06
0,0,0.09179488
0,0,0.0001446937
0,0,0.13184378
0,0,0.007247053
0,0,0.00327169
0,0,3.5206854e-06
0,0,0.008466361
0,0,7.188949e-06
0,0,7.76639e-06
0,0,1.7769162e-05
0,0,0.0007456679
0,0,5.590407e-06
0,0,1.0246135e-05
0,0,0.00055139576
0,0,0.0018478823
0,0,0.0001365351
0,0,0.0036721637
0,0,0.016587328
0,0,1.3169515e-06
0,0,9.86382e-05
0,0,0.0051093455
0,0,8.174996e-06
0,0,0.12806904
0,0,0.0002560438
0,0,0.0023308871
0,0,2.7528695e-06
0,0,5.813507e-06
0,0,3.984496e-06
0,0,1.3446431e-06
0,0,0.0002783158
0,0,0.00048991735
0,0,8.2113285e-05
0,0,4.1401756e-05
0,0,2.91824e-05
0,0,7.1461523e-06
0,0,0.00023927791
0,0,3.4205867e-05
0,0,8.268867e-06
0,0,0.00010541912
0,0,0.00012604416
0,0,8.078615e-06
0,0,8.909949e-06
0,0,0.007339334
0,0,1.1761604e-05
0,0,5.4054683e-05
0,1,0.85070574
0,0,0.0009222795
0,0,4.394138e-06
0,0,0.015801208
0,0,0.18087076
0,0,0.00097585516
0,0,0.00023206537
0,0,2.13499e-05
0,0,1.9960367e-05
0,0,0.013438556
0,0,1.061334e-05
0,0,0.002493799
0,0,0.00075259333
0,0,9.140303e-07
0,0,0.00013712289
0,0,4.0668587e-05
0,0,3.507806e-06
0,0,0.02499064
0,0,9.795402e-07
0,0,4.306117e-06
0,0,0.0022053418
0,0,0.00051388744
0,0,0.00027030258
0,0,2.5663041e-06
0,0,5.6710446e-06
0,0,0.00023518024
0,0,1.00500765e-05
0,0,0.0010849021
0,0,0.0002144256
0,0,5.0437425e-06
0,0,3.741308e-05
0,0,7.373611e-05
0,0,3.5943296e-05
0,0,0.0009889964
0,0,1.8316896e-06
0,0,7.827845e-06
0,0,3.347354e-06
0,0,2.2594816e-06
0,0,0.0001152312
0,0,0.0002487167
0,0,0.0010212425
0,0,0.0015578863
0,0,3.7534584e-05
0,1,0.8509947
0,1,0.67450297
0,0,0.0024596446
0,0,0.00021399587
0,0,8.986905e-05
0,0,4.022937e-06
0,0,0.00049839146
0,0,3.012294e-06
0,0,1.7420261e-06
0,0,0.0059233285
0,0,0.00017460277
0,0,0.0005198358
0,0,5.7212383e-06
0,0,0.00045619934
0,0,0.056530304
0,0,3.2768216e-06
0,0,0.00019112053
0,0,0.00056538434
0,0,0.0005062567
0,0,3.4034325e-05
0,0,4.4051987e-05
0,0,7.0956944e-06
0,0,1.134133e-06
0,0,0.0005791562
0,0,8.1073495e-06
0,0,1.5093506e-06
0,0,0.002871014
0,0,2.1643047e-05
0,0,0.27362165
0,0,0.00037163228
0,0,3.3116023e-05
0,0,7.5911644e-06
0,0,0.0027457257
0,0,1.4787491e-06
0,0,8.765016e-06
0,0,8.598587e-06
0,0,6.226713e-07
0,0,0.0006360385
0,0,0.044072554
0,0,0.00014553303
0,0,7.883427e-05
0,0,1.1948371e-05
0,0,0.004227643
0,0,7.1408664e-05
0,0,7.600371e-06
0,0,0.00023561451
0,0,8.002831e-05
0,0,1.5683855e-06
0,0,0.0007974504
0,0,5.220171e-06
0,0,0.0043605333
0,0,2.0966174e-05
0,0,3.2367247e-05
0,0,0.003774214
0,0,0.03488867
0,0,5.9560156e-05
0,0,0.00081460376
0,0,0.012188799
0,1,0.54817694
0,0,1.4762262e-05
0,0,0.00080720516
0,0,2.2654065e-06
0,0,0.0001941069
0,0,0.00047828478
0,0,2.837585e-06
0,0,5.551216e-05
0,0,0.00011482931
0,0,1.09895755e-05
0,0,9.061747e-05
0,0,0.0030303723
0,0,2.2441622e-05
0,0,1.552495e-05
0,0,0.0010611517
0,0,0.00015631037
0,0,2.2644737e-05
0,0,5.9320696e-06
0,0,0.0020351957
0,0,0.01543565
0,0,2.5483644e-06
0,0,1.1378695e-06
0,0,0.00944644
0,1,0.99795204
0,0,6.878997e-05
0,0,0.00011084494
0,0,0.0014872858
0,0,3.2254345e-06
0,0,0.00022360584
0,0,5.467774e-05
0,0,0.00022870461
0,0,1.7684331e-05
0,0,0.0022181948
0,0,2.127044e-05
0,0,0.20324989
0,0,0.011906503
0,0,0.0005096572
0,0,0.0026083516
0,0,0.1374146
0,0,1.7821634e-05
0,0,4.376429e-05
0,0,0.0010568415
0,0,1.0366596e-05
0,0,2.9691328e-06
0,0,0.00040664032
0,0,5.5921137e-06
0,0,0.0011852337
0,0,0.217936
0,0,0.00024071171
0,0,3.0496325e-05
0,0,0.0009374549
0,0,0.00044419317
0,0,0.039951935
0,0,5.6939938e-05
0,0,4.5565725e-05
0,0,2.5147963e-06
0,0,3.0896947e-06
0,0,8.449728e-06
0,0,1.6867656e-06
0,0,0.0001477353
0,0,0.000395971
0,0,8.284038e-06
0,0,0.00035258126
0,0,0.0045984974
0,0,0.000115757415
0,1,0.65379477
0,0,0.00022872206
0,0,0.00016754199
0,0,3.165309e-06
0,0,0.00011144716
0,0,3.9374867e-05
0,0,0.0052932766
0,1,0.62130016
0,0,0.00013891324
0,0,0.00010512239
0,0,6.201228e-06
0,0,0.0025011708
0,0,0.000108500964
0,0,0.0004637332
0,0,2.4837758e-05
0,0,9.107804e-06
0,0,7.233032e-05
0,0,0.00027934965
0,0,0.002676749
0,0,1.5015868e-05
0,0,1.988526e-05
0,0,1.8453642e-05
0,0,0.017453922
0,0,0.0003773734
0,0,8.10595e-07
0,0,0.00014433458
0,0,4.230678e-06
0,0,5.6414974e-05
0,0,0.094489664
0,0,0.0006076525
0,0,0.00014595593
0,0,0.003031335
0,0,0.01662826
0,0,9.063864e-06
0,0,0.00032605822
0,0,0.0006040841
0,0,4.753556e-06
0,0,5.967659e-05
0,0,0.0051938603
0,0,0.0019251499
0,0,1.274191e-05
0,0,0.00015857133
0,0,7.0609786e-07
0,0,1.940232e-05
0,0,1.2074476e-05
0,0,2.3219252e-05
0,0,0.0025845917
0,0,0.007139186
0,0,0.13932689
0,0,3.5813013e-05
0,0,1.2343048e-06
0,0,0.005872238
0,0,5.42436e-06
0,0,1.2978704e-05
0,0,5.425402e-05
0,0,1.3319719e-05
0,0,0.0037345919
0,0,0.00033286886
0,0,0.00053993415
0,0,0.0011406315
0,0,0.0042246813
0,0,2.0676556e-05
0,0,9.247673e-06
0,0,0.00092495215
0,0,0.095777854
0,0,0.007829157
0,0,0.0016260543
0,1,0.73666906
0,0,0.00033560378
0,0,1.0410675e-06
0,0,8.742877e-05
0,0,7.378543e-06
0,0,5.8759575e-05
0,0,4.483773e-05
0,0,0.003041578
0,0,1.2930197e-06
0,0,0.000241614
0,0,0.21636806
0,0,0.002529501
0,0,7.05527e-06
0,0,9.707106e-05
0,0,0.00012996266
0,0,3.2268992e-05
0,0,0.0004150809
0,0,0.13175969
0,0,7.3817805e-06
0,0,1.1548805e-06
0,0,6.6748694e-06
0,0,2.475504e-05
0,0,8.4565545e-05
0,0,3.056857e-05
0,0,8.104837e-05
0,0,0.00018048778
0,0,1.0310083e-05
0,0,0.0012169878
0,0,1.2245336e-05
0,0,2.5756268e-05
0,0,8.313486e-06
0,0,0.037965633
0,0,1.5221348e-06
0,0,7.194436e-06
0,0,0.001529753
0,0,0.11678114
0,0,0.37197548
0,0,0.012014745
0,0,0.00021157609
0,0,1.2376863e-05
0,0,2.1610875e-05
0,0,9.8547294e-05
0,0,1.572913e-05
0,0,5.9624085e-07
0,0,2.6065136e-05
0,0,8.817584e-06
0,0,8.774467e-06
0,0,4.1306077e-05
0,0,2.9893088e-05
0,0,5.8633736e-06
0,0,0.0011989493
0,0,8.124733e-06
0,0,4.060863e-06
0,0,0.0040616267
0,0,1.8887633e-06
0,0,0.094937354
0,0,0.00031080307
0,0,0.0003166557
0,0,0.00016317194
0,0,0.08751147
0,0,0.032030825
0,0,5.1608687e-05
0,0,0.00010867471
0,0,0.044003274
0,0,2.8889308e-05
0,0,0.1583348
0,0,0.025446516
0,0,0.0022522125
0,0,0.44528052
0,0,0.00013315273
0,0,0.0012869146
0,0,0.008454617
0,0,0.00039936675
0,0,0.00035344416
0,0,1.8372215e-06
0,0,0.073684484
0,0,0.00012364275
0,0,0.018873572
0,0,1.5860962e-05
0,0,0.0012087673
0,0,0.00047407142
0,0,0.00094145635
0,0,0.00031624356
0,0,0.00011858482
0,0,3.3009503e-06
0,0,7.6448414e-05
0,0,2.604938e-05
0,0,6.554915e-05
0,0,0.0007042328
0,0,0.00077375607
0,0,7.588306e-06
0,0,0.16868728
0,0,0.006795359
0,0,0.0005338287
0,0,0.0011015376
0,0,6.525323e-06
0,0,0.004026988
0,0,1.132503e-05
0,0,8.208447e-05
0,0,4.919853e-06
0,0,0.00012601282
0,0,0.0008578627
0,0,1.4326803e-06
0,0,0.0005306362
0,0,8.5403866e-07
0,0,2.0395524e-05
0,0,1.4033256e-05
0,0,6.05687e-05
0,0,0.11121998
0,0,2.1146981e-05
0,0,6.0747193e-06
0,0,0.00067685166
0,0,3.5711896e-06
0,0,4.2186544e-05
0,0,0.0032828457
0,0,3.9739192e-05
0,0,0.1687911
0,0,0.0010258695
0,0,1.241853e-05
0,0,0.00037169998
0,0,1.1300097e-05
0,0,0.0020394102
0,0,0.00010558934
0,0,0.01981871
0,0,0.00053396355
0,0,1.2263273e-05
0,0,0.0021753844
0,0,0.0004364182
0,0,0.00020290319
0,0,3.7565704e-05
0,0,8.955602e-06
0,0,2.9093708e-05
0,0,0.0001178305
0,0,0.0069158277
0,1,0.79904866
0,0,2.691293e-05
0,0,1.5336896e-05
0,0,6.872546e-07
0,0,0.00054467854
0,0,1.9556785e-05
0,0,0.011260094
0,0,0.002991657
0,0,0.00012889178
0,0,2.8148424e-05
0,0,0.0005930915
0,0,0.00014811094
0,0,6.079032e-05
0,0,0.00012404531
0,0,4.2905198e-05
0,0,0.00068356295
0,0,0.3695367
0,0,6.2912586e-06
0,0,0.0005167237
0,0,0.00029296364
0,0,0.03577757
0,0,0.00017893958
0,0,8.733727e-06
0,0,5.60219e-07
0,0,0.11440893
0,0,0.050283086
0,0,0.0011163525
0,0,0.00012185591
0,0,1.1961859e-05
0,0,0.0007039734
0,0,0.0001785275
0,0,0.1277198
0,0,9.1427614e-07
0,0,2.28226e-05
0,0,5.353389e-06
0,0,0.0001093139
0,0,1.6629382e-06
0,0,2.9678036e-05
0,0,0.00021492464
0,0,8.4853265e-05
0,0,5.1204047e-06
0,1,0.9964001
0,0,9.395918e-05
0,0,0.0012654751
0,0,0.0012119332
0,0,1.2139827e-05
0,0,1.0404558e-05
0,0,1.5594185e-05
0,0,9.808099e-06
0,0,0.1615235
0,0,6.95958e-05
0,0,0.0032524713
0,0,5.430878e-05
0,0,0.00022168996
0,0,0.002491219
0,0,6.7503424e-05
0,0,0.00022033288
0,0,3.7287866e-06
0,0,1.3997891e-05
0,0,3.7698483e-06
0,0,9.100379e-06
0,0,0.0005089799
0,0,1.8479106e-05
0,0,1.910205e-05
0,0,8.71691e-06
0,0,1.774234e-05
0,0,0.0027229711
0,0,0.0002163575
0,0,0.059824415
0,0,1.4089874e-05
0,0,3.638663e-07
0,0,0.00039031377
0,0,0.00092141825
0,0,8.260245e-06
0,0,0.00087720074
0,0,5.0707546e-05
0,0,5.952172e-05
0,0,1.7733291e-05
0,0,0.0001133743
0,0,0.00014062901
0,0,3.1871427e-06
0,0,2.859201e-05
0,0,0.00433493
0,0,1.4570383e-05
0,0,0.0123178605
0,0,0.00017602985
0,0,0.00010878804
0,1,0.74083656
0,0,0.0062657604
0,0,7.010173e-06
0,0,0.00018763116
0,0,0.0019624375
0,0,0.015920984
0,0,9.849798e-05
0,0,0.0050091348
0,0,2.2198594e-06
0,0,3.9986744e-06
0,0,0.00012076382
0,0,2.364764e-05
0,0,0.0028646593
0,0,1.0244416e-05
0,0,0.010313026
0,0,0.0006634874
0,0,0.0006318147
0,0,0.007594824
0,0,2.2700237e-06
0,0,0.0001407617
0,0,0.0015402446
0,1,0.591955
0,0,8.996314e-06
0,0,0.0054926127
0,1,0.89763075
0,0,0.001068694
0,0,0.00014329184
0,0,6.487816e-05
0,0,3.8861413e-05
0,0,0.0023901
0,0,0.000120169934
0,0,0.00046212188
0,0,0.04019836
0,0,7.83983e-06
0,0,5.6434005e-06
0,0,7.0089125e-05
0,0,1.5696942e-05
0,0,0.0002057887
0,0,1.3334781e-05
0,1,0.75101924
0,0,8.103963e-06
0,0,0.00011772999
0,0,0.010194075
0,0,8.52076e-06
0,0,2.2094e-05
0,0,1.2547048e-05
0,0,0.0010049677
0,0,0.00028892938
0,0,4.4088632e-05
0,0,9.925792e-05
0,0,0.0006374054
0,0,7.406122e-06
0,0,0.0024334237
0,0,8.095691e-05
0,0,0.00019850647
0,0,0.0014517675
0,0,0.027803509
0,0,1.4278448e-06
0,0,3.715199e-06
0,0,0.002103598
0,0,9.551292e-06
0,0,0.00036723263
0,0,8.249168e-06
0,0,0.00045121106
0,0,7.033445e-05
0,0,4.5265584e-05
0,0,0.025925878
0,0,1.13679225e-05
0,0,1.6403043e-06
0,0,0.0039565084
0,0,0.00010354174
0,0,1.1745761e-06
0,0,0.00025487857
0,0,0.0001440828
0,0,1.8832428e-05
0,0,0.00013661598
0,0,5.842191e-06
0,0,0.114005804
0,0,1.875987e-05
0,0,0.0022756509
0,0,1.1448128e-06
0,1,0.82768166
0,0,2.369737e-06
0,0,0.00068195444
0,0,1.6497312e-05
0,0,3.1312234e-06
0,0,0.011091558
0,0,4.856481e-05
0,0,7.968582e-06
0,0,0.045195013
0,0,0.000501042
0,0,3.159687e-05
0,0,0.00043110782
0,0,3.5945882e-06
0,0,0.423606
0,0,9.8551616e-05
0,0,3.5986461e-06
0,0,0.024349771
0,0,0.0021599978
0,0,0.019360667
0,0,0.00031946175
0,0,3.1374796e-06
0,0,0.00023773
0,0,0.00056665286
0,0,0.000121524616
0,0,0.099076316
0,0,2.9308156e-05
0,0,9.78984e-05
0,0,0.00040946814
0,0,0.00041199065
0,0,0.00019883002
0,0,1.996149e-05
0,0,1.4541564e-05
0,0,0.0020560857
0,0,1.3709174e-05
0,0,4.6285586e-05
0,0,0.007870602
0,0,3.963413e-06
0,0,0.0008855416
0,0,6.851233e-06
0,0,0.06778986
0,0,0.00019236613
0,0,0.065185204
0,0,1.7075165e-06
0,0,0.045126848
0,0,1.1040796e-05
0,0,7.370891e-06
0,0,4.140349e-07
0,0,6.419013e-06
0,0,2.972357e-06
0,0,0.005511383
0,0,0.00025400403
0,0,2.0361611e-05
0,0,5.4718377e-05
0,0,0.00011010027
0,0,2.9623548e-05
0,0,0.007782767
0,0,0.0041764947
0,0,1.4243837e-05
0,0,1.8775978e-05
0,0,5.5301447e-05
0,0,7.947485e-06
0,0,0.02201904
0,0,6.097256e-06
0,0,1.130221e-05
0,0,0.002506338
0,0,5.6741173e-05
0,0,9.785909e-06
0,0,0.0011086953
0,0,1.4341264e-05
0,0,0.0005260048
0,0,1.5813432e-05
0,0,3.1748583e-05
0,0,0.0004205594
0,0,4.7130566e-06
0,0,8.250833e-05
0,0,3.1886932e-06
0,0,1.07275555e-05
0,0,6.605731e-05
0,0,0.0012512328
0,0,3.643939e-05
0,0,0.00014246051
0,0,0.0131427515
0,0,0.25682983
0,0,7.450243e-05
0,0,2.5208185e-06
0,0,0.0036262653
0,0,0.0008970842
0,0,6.2183844e-06
0,0,4.6307174e-05
0,0,0.00015399951
0,0,0.00037924497
0,0,1.6245514e-05
0,0,0.033507388
0,0,3.8095132e-07
0,0,0.00015330069
0,0,1.6889726e-06
0,0,7.975443e-05
0,0,0.0005783692
0,0,0.0017689512
0,0,1.9970512e-05
0,0,1.9949975e-05
0,0,1.223322e-06
0,0,9.7994685e-05
0,0,0.00013359965
0,0,1.2617712e-05
0,0,4.2476818e-06
0,0,2.2948485e-05
0,0,0.026594909
0,1,0.85872024
0,0,1.0226494e-06
0,0,1.970541e-06
0,0,3.7492007e-06
0,0,0.030538099
0,0,0.051564712
0,0,0.009956662
0,0,0.0016289132
0,0,1.9996692e-07
0,0,1.2019798e-06
0,0,0.00082631665
0,0,2.3252138e-05
0,0,5.663214e-05
0,0,0.026503945
0,0,7.2713174e-06
0,0,0.00021046464
0,0,7.885713e-06
0,0,3.5798737e-05
0,0,0.00032827587
0,0,2.9984936e-05
0,0,1.2588396e-05
0,0,8.2772874e-07
0,0,0.007633828
0,0,0.0014748515
0,0,0.00010835941
0,0,0.030666657
0,0,7.2385355e-06
0,0,9.529174e-06
0,0,0.00016452852
0,0,5.6824836e-05
0,0,3.1549393e-06
0,0,2.9628321e-05
0,0,0.005863537
0,0,9.074977e-05
0,0,1.8816201e-05
0,0,1.9601355e-06
0,0,3.7023303e-05
0,0,1.42287945e-05
0,0,7.376861e-05
0,0,1.9527859e-05
0,0,0.008125803
0,0,3.4993107e-05
0,0,0.00023334689
0,0,0.00028124114
0,0,3.8344037e-06
0,0,5.8486814e-05
0,0,1.714017e-05
0,0,0.00033714334
0,0,5.5983975e-05
0,1,0.83506453
0,0,6.315442e-06
0,0,0.064681225
0,0,0.0003655963
0,0,2.5798281e-05
0,0,0.05593121
0,0,3.6333488e-05
0,0,7.215182e-05
0,0,0.0011096791
0,0,1.5154328e-06
0,0,5.737283e-05
0,0,4.019129e-06
0,0,6.586973e-05
0,0,1.4928769e-05
0,0,0.0004231161
0,0,0.00010739451
0,0,1.6888728e-06
0,0,2.0432806e-05
0,0,0.013914771
0,0,0.00019047418
0,0,1.7742475e-05
0,0,0.0005488652
0,0,5.189722e-06
0,0,0.0001259106
0,0,2.651673e-05
0,0,3.622726e-06
0,0,4.0423984e-05
0,0,2.2460123e-05
0,0,0.013177635
0,0,0.0006990787
0,0,0.00032731894
0,0,1.0877467e-05
0,0,0.00027298776
0,0,0.007131557
0,0,0.00038431628
0,0,6.425211e-05
0,0,0.00015577368
0,0,0.02738035
0,0,0.00013954582
0,0,0.45574751
0,0,2.8962822e-05
0,0,7.58607e-05
0,0,0.24695246
0,0,0.0004549645
0,0,2.8411537e-06
0,0,0.000680531
0,0,3.7496982e-05
0,0,0.0017553169
0,0,0.0004928166
0,0,0.023140829
0,0,5.309913e-05
0,0,1.9076817e-05
0,0,9.441009e-06
0,0,1.1384923e-05
0,0,2.1350857e-05
0,0,0.08759595
0,0,0.018017761
0,0,0.14027485
0,0,6.1365404e-07
0,0,6.4358824e-06
0,0,1.9722877e-06
0,0,1.1689302e-05
0,0,0.00039758685
0,0,0.006971859
0,0,9.6415606e-05
0,0,0.00024474144
0,0,0.03277204
0,0,0.027662843
0,0,4.549651e-05
0,0,4.1945455e-06
0,0,8.856349e-07
0,0,0.008645029
0,0,0.00036170142
0,1,0.68747133
0,0,0.00017174307
0,0,0.008326041
0,0,8.816237e-07
0,0,0.0010662845
0,0,0.010030953
0,0,0.00041525776
0,0,0.00016154104
0,0,4.402612e-05
0,0,0.008232757
0,0,0.03755833
0,0,6.158876e-06
0,0,6.5906046e-05
0,0,0.213655
0,0,0.05875692
0,0,2.3659907e-06
0,0,7.0869914e-06
0,0,5.163292e-06
0,0,0.0005154047
0,0,0.0003060128
0,0,2.2262737e-05
0,0,0.089212984
0,0,0.00015918729
0,0,0.0006880229
0,0,2.7070051e-05
0,0,1.8930895e-06
0,0,3.137402e-05
0,0,6.4171713e-06
0,0,0.0002515139
0,0,1.2959014e-05
0,0,3.8642862e-05
0,0,4.722469e-05
0,0,1.4971912e-05
0,0,3.406529e-06
0,0,0.00032215536
0,0,1.544304e-06
0,0,8.6703796e-05
0,0,0.00085760443
0,0,3.8020247e-05
0,0,0.00022866142
0,0,6.256028e-05
0,0,0.0002614943
0,0,0.00021895654
0,1,0.9871207
0,0,0.00942235
0,0,0.1318398
0,0,1.0675909e-06
0,0,7.831878e-06
0,0,1.1239686e-05
0,0,2.096116e-06
0,0,5.2031323e-06
0,0,0.38204795
0,0,6.0765674e-06
0,0,0.02153918
0,0,0.00016881686
0,0,3.0333349e-05
0,0,0.00034183852
0,0,0.012860903
0,0,0.019516474
0,0,9.5280575e-06
0,0,1.5784128e-05
0,0,1.9789234e-06
0,0,4.3239806e-06
0,0,0.0013754712
0,0,2.589764e-06
0,0,0.0180768
0,0,0.00013038753
0,0,1.2774592e-05
0,0,0.00057845644
0,0,0.00029858437
0,0,0.012786715
0,0,0.0007331113
0,0,0.00015077631
0,0,0.00010092194
0,0,3.2594426e-06
0,0,4.1039607e-06
0,0,0.0040678247
0,0,2.0907255e-05
0,0,0.004225239
0,0,0.00212522
0,0,0.00013568488
0,0,0.0006690975
0,0,0.001582
0,0,0.0010629183
0,0,9.001502e-05
0,1,0.9018676
0,0,0.00074389036
0,0,0.0005733262
0,0,0.21511208
0,0,4.045289e-06
0,0,3.5338649e-06
0,0,0.3470579
0,0,0.0040430557
0,0,1.5736243e-05
0,0,2.0067726e-05
0,0,0.00015205056
0,0,0.0007424764
0,0,2.7670828e-06
0,0,0.00079277484
0,0,4.9488295e-05
0,0,0.00011733964
0,0,6.519222e-05
0,0,5.3998727e-05
0,0,2.8218653e-06
0,0,8.946332e-06
0,0,4.7066073e-06
0,0,1.964509e-05
0,0,6.680215e-05
0,0,5.5078926e-05
0,0,0.0006474041
0,0,0.00010214097
0,0,5.582187e-06
0,0,6.00527e-06
0,1,0.7875342
0,0,5.2980064e-05
0,0,5.4052744e-06
0,0,2.764288e-05
0,0,0.0003129588
0,0,0.021368116
0,0,0.014921524
0,0,1.4652764e-05
0,0,1.4328607e-05
0,0,0.010014418
0,0,4.8578627e-06
0,0,9.625521e-05
0,0,6.833341e-05
0,0,3.4097415e-05
0,0,0.00045092107
0,0,0.00028816244
0,0,0.00020611155
0,1,0.69795626
0,0,1.3598652e-05
0,0,1.9084895e-05
0,0,0.01822089
0,0,3.5109956e-06
0,1,0.55080473
0,0,0.23934564
0,0,2.081844e-05
0,0,1.0377101e-05
0,0,0.00017952321
0,0,0.0020157592
0,0,5.164036e-06
0,0,0.00020030852
0,0,2.3926934e-05
0,0,0.0036402475
0,0,4.565506e-05
0,0,0.00480573
0,0,8.673656e-06
0,0,5.639195e-05
0,0,1.6085351e-06
0,1,0.80917484
0,0,6.7791836e-05
0,0,7.4815116e-06
0,0,1.717019e-05
0,0,9.327339e-05
0,0,5.7386596e-06
0,0,3.3970773e-05
0,0,3.3937017e-06
0,0,1.6208034e-05
0,0,2.0292052e-06
0,0,3.9578113e-06
0,0,0.001253535
0,0,1.3385733e-05
0,0,0.00022027176
0,0,0.0019672213
0,0,0.0014187808
0,0,0.00087963894
0,0,9.452432e-06
0,0,1.8570352e-05
0,0,9.3133145e-05
0,0,1.9862782e-05
0,0,1.3238736e-06
0,0,5.421961e-06
0,0,1.1554774e-06
0,0,2.6465772e-05
0,0,0.05509178
0,0,0.0010110389
0,0,0.0077214814
0,0,0.00027995303
0,0,2.9986763e-06
0,0,4.0929266e-05
0,0,1.9580522e-05
0,0,3.467477e-05
0,0,0.00040850686
0,0,0.042636476
0,0,0.00010287674
0,0,5.416777e-06
0,0,0.000109908215
0,0,0.00010847747
0,0,1.3755528e-06
0,0,5.5915534e-06
0,0,9.78436e-06
0,0,2.673599e-05
0,0,0.0019759312
0,0,3.756753e-05
0,0,1.1452529e-06
0,0,3.542767e-05
0,0,0.00090326695
0,0,0.00013039114
0,0,1.5636647e-06
0,0,6.2474755e-06
0,0,0.02656861
0,0,1.0614818e-05
0,0,0.015990809
0,0,2.2924798e-06
0,0,5.6905203e-05
0,0,7.01182e-05
0,0,0.00031802864
0,0,4.664374e-05
0,0,0.000113849026
0,0,8.090767e-05
0,0,3.1425967e-05
0,0,1.3997444e-06
0,0,2.0735082e-05
0,0,0.0002271889
0,0,0.00025626726
0,0,0.00016168958
0,0,8.281449e-05
0,0,3.2741493e-05
0,0,2.119761e-06
0,0,0.00010009884
0,0,2.535382e-05
0,0,2.5994541e-05
0,0,0.00075861294
0,0,7.4249197e-06
0,0,2.380049e-05
0,0,4.914283e-05
0,0,0.00083799975
0,0,3.3093358e-05
0,0,3.8716524e-05
0,0,3.2867036e-05
0,0,2.5549869e-05
0,0,0.43099678
0,0,1.0900459e-05
0,0,0.0016996558
0,0,6.077576e-06
0,0,6.840056e-05
0,0,3.3707573e-05
0,0,0.013488164
0,0,0.00809352
0,0,3.728911e-06
0,0,0.080701046
0,0,3.1032294e-05
0,0,0.0015624773
0,0,0.0021136648
0,0,0.00028574967
0,0,4.0808445e-06
0,0,0.0063564074
0,0,5.4318727e-05
0,0,0.025407394
0,0,8.3461464e-07
0,0,5.4136785e-06
0,0,0.2877245
0,0,0.00016268427
0,0,2.9066194e-05
0,0,4.237724e-06
0,0,0.00026941983
0,0,0.0002441104
0,0,1.4407174e-05
0,0,0.017811863
0,0,0.050797153
0,0,0.1328206
0,0,2.1435608e-07
0,0,1.7718667e-05
0,0,0.02726512
0,0,0.00033629974
0,0,0.047006264
0,0,2.7033753e-05
0,0,0.00019424094
0,0,6.892694e-05
0,0,6.4895744e-07
0,0,1.7488125e-06
0,0,5.8177593e-05
0,0,1.1957193e-05
0,0,5.0546e-05
0,0,0.001485493
0,0,0.009728209
0,0,0.0048886575
0,0,6.3444284e-05
0,0,3.1066663e-06
0,0,0.0007381974
0,0,7.5013924e-07
0,0,0.0002033126
0,0,6.69501e-05
0,1,0.8003371
0,0,0.0022025916
0,0,2.1080172e-05
0,0,0.00021861945
0,0,6.9731677e-06
0,0,0.0015061822
0,0,0.00093496667
0,0,1.77138e-05
0,0,5.0607396e-05
0,0,1.9910934e-05
0,0,9.808809e-05
0,0,0.10262528
0,0,4.4162957e-06
0,0,0.010890667
0,0,1.41743485e-05
0,0,0.007436323
0,0,1.6503574e-06
0,0,5.0524362e-05
0,0,2.5118501e-05
0,0,0.00013469704
0,0,7.5016883e-06
0,0,0.2934534
0,0,0.0049842233
0,0,3.922503e-05
0,0,0.00034412576
0,0,0.09355056
0,0,0.00023520914
0,0,0.00024274309
0,1,0.6962093
0,0,0.0001902168
0,0,8.1340106e-05
0,0,3.9861566e-06
0,0,6.323415e-05
0,0,0.034633152
0,0,1.2007896e-05
0,0,2.2057163e-06
0,0,0.23882726
0,0,2.2402248e-06
0,0,1.621026e-05
0,0,3.3187574e-05
0,0,0.0003240989
0,0,4.0503397e-05
0,0,0.28669953
0,0,3.8626353e-05
0,0,0.0003248345
0,1,0.528504
0,0,0.00041732215
0,0,0.004665212
0,0,0.021755248
0,0,0.004135404
0,0,0.005603409
0,1,0.92287254
0,0,0.0010989215
0,0,0.005397556
0,0,0.00032116976
0,0,0.00010534274
0,0,0.00048113853
0,0,0.0007720386
0,0,2.8265302e-05
0,0,0.007754414
0,0,6.6199696e-06
0,0,0.0004033814
0,0,0.008244999
0,0,0.014873583
0,0,0.003294606
0,0,0.00020816772
0,0,0.00031868913
0,0,6.882014e-05
0,0,6.8329628e-06
0,0,0.0028168585
0,0,6.900079e-05
0,0,0.0026352487
0,0,7.701028e-05
0,0,0.01074961
0,0,0.001092525
0,0,4.682159e-06
0,0,0.051035054
0,0,5.041631e-06
0,0,6.6743e-05
0,0,0.0011482681
0,0,0.0035023983
0,0,6.8261893e-06
0,0,0.0066820495
0,0,5.0264275e-06
0,0,0.062102925
0,0,5.4287384e-06
0,0,0.21716955
0,0,7.958998e-06
0,0,5.9967766e-05
0,0,0.004178647
0,0,6.185247e-05
0,0,8.2234055e-06
0,0,0.0020909004
0,0,0.0013617825
0,0,0.0022910743
0,0,7.140913e-06
0,1,0.71082366
0,0,2.0296193e-06
0,0,0.03932946
0,0,0.0052381433
0,0,3.4671536e-06
0,0,0.0011023071
0,0,0.00022214444
0,0,1.2698645e-06
0,0,0.0010290728
0,0,0.28919837
0,0,0.0708186
0,0,8.87346e-05
0,0,8.3656136e-07
0,0,7.675777e-05
0,0,0.2250777
0,0,1.3047628e-06
0,0,0.0007276772
0,0,0.00088722655
0,0,7.79359e-06
0,0,1.9752636e-06
0,0,0.00013351877
0,0,0.00044846008
0,0,0.00028889716
0,0,0.00046161358
0,0,0.0003691859
0,0,0.00012982346
0,0,6.9509383e-07
0,0,0.00017581564
0,0,8.367917e-06
0,0,3.8270515e-05
0,0,5.7590256e-07
0,0,8.040883e-06
0,0,0.00027683144
0,0,0.06529042
0,0,3.7933083e-07
0,0,0.09442387
0,0,0.00067252363
0,0,0.010122851
0,0,0.4234282
0,0,1.6978736e-05
0,0,9.18836e-05
0,0,0.000105185565
0,0,1.3299716e-05
0,0,0.0016114074
0,0,2.2611327e-06
0,0,1.9135687e-05
0,0,0.00040435547
0,0,0.008414353
0,0,0.00012464255
0,0,1.045388e-05
0,0,1.5289653e-06
0,0,1.5865508e-06
0,0,0.012235501
0,0,3.8726976e-06
0,0,8.0366786e-05
0,0,1.7191094e-06
0,0,0.0018983093
0,0,5.7149887e-06
0,0,0.0028575095
0,0,0.4164481
0,0,0.0004894978
0,0,3.636117e-06
0,1,0.74917144
0,0,0.001026799
0,0,5.21274e-05
0,0,2.2074497e-05
0,0,0.00078363105
0,0,0.00078005856
0,0,1.2497933e-06
0,0,9.8165845e-05
0,0,0.0029957243
0,0,2.8525286e-05
0,0,2.544155e-05
0,0,5.0905337e-06
0,0,0.0006524754
0,0,2.3422874e-06
0,0,0.0005825024
0,0,0.0020412412
0,0,3.5975652e-06
0,0,1.8005494e-06
0,0,9.900939e-06
0,1,0.59695566
0,0,9.427985e-05
0,0,2.292001e-06
0,1,0.557994
0,0,5.151055e-05
0,0,5.026835e-05
0,0,6.645574e-07
0,0,2.7093192e-05
0,0,0.060433287
0,0,4.227744e-05
0,0,6.294746e-05
0,0,0.002481179
0,1,0.6483942
0,0,0.049228117
0,0,0.00070303684
0,0,0.0008269294
0,0,2.6713868e-05
0,0,0.0023081275
0,1,0.5834981
0,0,0.017202197
0,0,1.3738047e-05
0,0,0.00045380087
0,0,0.00055529276
0,0,6.5144544e-05
0,0,0.08595469
0,0,1.952987e-05
0,0,5.327904e-05
0,0,8.025574e-05
0,0,1.1751806e-05
0,0,0.0042405627
0,0,0.000104343795
0,0,0.000110904264
0,0,6.5312e-06
0,0,0.0068975054
0,0,7.360348e-06
0,0,3.1221407e-06
0,0,6.8605556e-07
0,0,0.00017688001
0,0,0.014032968
0,0,4.1942167e-05
0,0,0.00075140334
0,0,0.105336435
0,0,1.9986308e-05
0,0,0.00010763739
0,0,5.8571994e-05
0,0,0.00019732665
0,0,6.808604e-05
0,0,0.11749087
0,0,1.1851577e-06
0,0,1.3452381e-05
0,0,5.666996e-05
0,0,0.0003264545
0,1,0.6039558
0,0,4.945442e-05
0,0,5.2258088e-06
0,0,1.4186519e-05
0,0,7.683731e-06
0,0,0.0014615997
0,0,0.0012201151
0,0,4.5762104e-06
0,0,4.1338335e-06
0,0,0.0001969943
0,0,0.00023000223
0,0,0.002034537
0,0,0.0058649466
0,0,5.1012544e-06
0,0,1.0440789e-05
0,0,0.0002817457
0,0,0.000628424
0,0,0.00010619925
0,0,1.1550964e-06
0,0,0.00017123634
0,0,0.00012433759
0,0,0.00011735519
0,0,7.032707e-05
0,0,0.00011402057
0,0,3.95203e-05
0,0,2.2255137e-05
0,0,2.217646e-06
0,0,0.0074170786
0,0,0.000101855396
0,0,0.0018728283
0,0,5.122662e-05
0,0,5.1232433e-05
0,0,1.9280653e-05
0,0,6.835101e-05
0,0,0.0005143785
0,0,0.00011826198
0,0,3.225982e-06
0,0,0.0006706023
0,0,3.22906e-06
0,0,0.00024793684
0,0,0.0028718808
0,0,9.788858e-06
0,0,0.002231316
0,0,0.00010351134
0,0,7.694876e-06
0,0,3.513924e-05
0,0,0.024053017
0,0,0.004055474
0,0,1.2328014e-05
0,0,0.00015505716
0,0,0.00073536014
0,0,1.40786e-06
0,0,0.00038493358
0,0,1.6738702e-05
0,0,0.00010464132
0,0,0.0398951
0,0,0.051004846
0,0,1.8743953e-05
0,0,5.3816248e-06
0,0,0.058854595
0,0,2.828129e-05
0,0,7.588942e-05
0,0,0.056096055
0,0,3.0981334e-06
0,0,1.0949759e-06
0,0,0.0018984645
0,0,1.4124702e-06
0,0,0.0003689389
0,1,0.6935543
0,0,0.266436
0,0,3.673912e-05
0,0,0.0020852876
0,0,0.0014473516
0,0,0.00014107357
0,0,0.011025262
0,0,0.00016767863
0,0,3.6821973e-06
0,0,4.319427e-06
0,0,4.621757e-05
0,0,8.914295e-05
0,0,4.5781806e-05
0,0,2.990363e-06
0,0,1.8063856e-05
0,0,1.8905721e-05
0,1,0.8069299
0,0,0.00012364381
0,0,0.0395123
0,0,1.8342629e-06
0,0,2.185081e-05
0,0,2.887281e-05
0,0,0.00055954745
0,0,6.7154084e-05
0,0,0.00026884224
0,0,0.004082421
0,0,0.0026967006
0,0,3.4971927e-05
0,0,0.0006981951
0,0,0.014272002
0,0,4.7959134e-06
0,0,5.9966394e-05
0,0,0.00022096233
0,0,2.8938692e-05
0,0,0.00020069988
0,1,0.78253406
0,0,0.00087495113
1,1,0.9999902
1,1,0.9900682
1,1,0.9999931
1,1,0.9965879
1,1,0.9999988
1,1,0.99999404
1,1,0.99997306
1,1,0.9999232
1,1,0.99995923
1,1,0.9999975
1,1,0.99999356
1,1,0.9945157
1,1,0.9999988
1,1,0.9412743
1,1,0.99984646
1,1,0.99966395
1,1,0.93486345
1,1,0.99985754
1,1,0.5884956
1,1,0.54025596
1,1,0.9999958
1,1,0.996684
1,1,0.99999225
1,1,0.9999924
1,1,0.99999607
1,1,0.99990535
1,1,0.8862791
1,1,0.99998343
1,1,0.9999118
1,1,0.9996531
1,1,0.99999833
1,1,0.9969478
1,1,0.99999976
1,1,0.9999765
1,1,0.99999905
1,1,0.99988484
1,0,0.40674704
1,1,0.99999976
1,1,0.9999999
1,1,0.9999999
1,1,0.99984384
1,1,0.99996257
1,1,0.9999579
1,1,0.99999976
1,1,0.9999391
1,1,0.9998311
1,1,0.99998546
1,1,0.99012333
1,1,0.9999974
1,1,0.9999956
1,1,0.9993413
1,1,0.9999994
1,1,0.9999826
1,1,0.99998033
1,1,0.9999975
1,1,0.9999943
1,1,0.9999783
1,1,0.99999964
1,1,0.99999666
1,1,0.99999964
1,1,0.99996376
1,1,0.9999236
1,1,0.99999666
1,1,0.9999993
1,1,0.9999995
1,1,0.9999044
1,1,0.98994094
1,1,0.9997291
1,1,0.9999536
1,1,0.9999956
1,1,0.99972755
1,1,0.99995697
1,1,0.9999964
1,1,0.99984014
1,1,0.99999964
1,1,0.9815932
1,1,0.9999957
1,1,0.99974173
1,1,0.99998784
1,1,0.9999893
1,1,0.9999968
1,1,0.9999969
1,1,0.9999895
1,1,0.99965465
1,1,0.999995
1,1,1.0
1,1,0.99990237
1,1,0.9999702
1,1,0.99855834
1,1,0.99997115
1,1,0.99998665
1,1,0.9999937
1,1,0.99997663
1,1,0.99986863
1,1,0.9999862
1,1,0.99999857
1,1,0.9993224
1,1,0.99998236
1,1,0.9999987
1,1,0.999156
1,1,0.9999995
1,1,0.9982242
1,1,0.9996588
1,1,0.99999976
1,1,0.9999387
1,1,0.99289626
1,1,0.9999957
1,1,0.99999833
1,1,0.9999943
1,1,0.99996114
1,1,0.99849427
1,1,0.99998844
1,1,0.99999106
1,1,0.999997
1,1,0.9999907
1,1,0.99995184
1,1,0.99999774
1,1,0.99979883
1,1,0.9999944
1,1,0.99998903
1,1,0.99999607
1,1,0.99965715
1,1,0.9970728
1,0,0.30242732
1,1,0.99738306
1,1,0.9999924
1,1,0.99942756
1,1,0.5733627
1,1,0.9999734
1,1,0.99995625
1,1,0.99999154
1,1,0.9997025
1,1,0.9903323
1,1,0.99981004
1,1,0.9961068
1,1,0.9976382
1,1,0.99999845
1,1,0.9994023
1,1,0.9999846
1,1,0.999998
1,1,0.9999913
1,1,0.9969606
1,1,0.999892
1,1,0.99997044
1,1,0.99999774
1,1,0.9999968
1,1,0.99999917
1,1,0.9999883
1,1,0.94061375
1,1,0.9999995
1,1,0.99997854
1,1,0.9999862
1,1,0.9998839
1,1,0.9999963
1,1,0.9999734
1,1,0.9945808
1,1,0.99844944
1,1,0.9999893
1,1,0.9999994
1,1,0.99989486
1,1,0.9999819
1,1,0.9999981
1,1,0.9996617
1,1,0.99999917
1,1,0.63912237
1,1,0.9999763
1,1,0.99997854
1,1,0.99991024
1,1,0.9997043
1,1,0.99999094
1,1,0.63424325
1,1,0.9999895
1,1,0.99999094
1,1,0.9999981
1,1,0.9999832
1,1,0.99999905
1,1,0.9997768
1,1,0.9997503
1,1,0.9908188
1,1,0.99998295
1,1,0.9998349
1,1,0.9518789
1,1,0.99999154
1,1,0.9997917
1,1,0.99889094
1,1,0.99999905
1,1,0.99995935
1,1,0.99992275
1,1,0.99965227
1,1,0.99711204
1,0,0.0002969033
1,1,0.9999944
1,1,0.9996661
1,1,0.9999839
1,1,0.99999964
1,1,0.9999993
1,1,0.9932094
1,1,0.9999893
1,1,0.99827886
1,1,0.9999964
1,1,0.9587793
1,1,0.9983726
1,1,0.9999907
1,1,0.9999926
1,1,0.9996463
1,1,0.9998797
1,1,0.99999213
1,1,0.9999795
1,1,0.9467387
1,1,0.99994135
1,1,0.99990034
1,1,0.9999149
1,1,0.9892975
1,1,0.9998573
1,1,0.999998
1,1,0.99999726
1,1,0.99999964
1,1,0.9990094
1,1,0.99999547
1,1,0.99982053
1,1,0.99989176
1,1,0.9998828
1,1,0.99417996
1,1,0.9999701
1,1,0.99999416
1,1,0.95998925
1,1,0.99999785
1,1,0.6999882
1,1,0.9735764
1,1,0.999997
1,1,0.99888676
1,1,0.99926955
1,1,0.9999994
1,1,0.9999989
1,1,0.9999907
1,1,0.99942553
1,1,0.999141
1,1,0.9998104
1,1,0.9997459
1,1,0.9997868
1,1,0.9999918
1,1,0.99977964
1,1,0.99999976
1,1,0.9999958
1,0,0.4148646
1,1,0.9999988
1,1,0.9999975
1,1,0.99999726
1,1,0.99979395
1,1,0.9983828
1,1,0.99996185
1,1,0.99999654
1,1,0.9999976
1,1,0.9999155
1,1,0.9999591
1,1,0.9999846
1,1,0.99888414
1,1,0.97353125
1,1,0.99947304
1,1,0.9999925
1,1,0.99964917
1,1,0.99983656
1,1,0.9977864
1,1,0.99999523
1,1,0.9999933
1,1,0.9999994
1,1,0.9986344
1,1,0.9999896
1,1,0.99997795
1,0,0.00709665
1,1,0.9986595
1,1,0.9999523
1,1,0.9998598
1,1,0.9997688
1,1,0.99629045
1,1,0.99996233
1,1,0.94069886
1,1,0.9995634
1,1,0.9979505
1,1,0.98702556
1,1,0.9998336
1,1,0.99929416
1,1,0.99893004
1,1,0.99999607
1,1,0.99999535
1,1,0.9999187
1,1,0.99999595
1,1,0.9999881
1,1,0.99999917
1,1,0.9998227
1,1,0.999908
1,1,0.99999726
1,1,0.99999213
1,1,0.996358
1,1,0.99999833
1,1,0.8953782
1,1,0.9992034
1,1,0.9999988
1,1,0.9993463
1,1,0.9999976
1,1,0.99977094
1,1,0.9999672
1,1,0.99999523
1,1,0.9998969
1,1,0.99999964
1,1,0.9998565
1,1,0.9979855
1,1,0.999984
1,1,0.99741083
1,1,0.9664346
1,1,0.9995401
1,1,0.9999974
1,1,0.9999789
1,1,0.9992391
1,1,0.99993587
1,1,0.9999988
1,1,0.9996506
1,1,0.9926443
1,1,0.99999654
1,1,0.99994516
1,1,0.9998542
1,1,0.99963224
1,1,0.99989736
1,1,0.99991584
1,1,0.9999869
1,1,0.99999475
1,1,0.99999905
1,1,0.9999733
1,1,0.99999857
1,1,0.9999962
1,1,0.9933373
1,1,0.8671694
1,1,0.9999399
1,1,0.9516449
1,1,0.9993206
1,1,0.9999888
1,1,0.9999862
1,1,0.9887166
1,1,0.9999
1,1,0.9999685
1,1,0.9998646
1,1,0.9999994
1,1,0.9999231
1,1,0.99946934
1,1,0.99792576
1,1,0.99999046
1,1,0.99998105
1,1,0.9999862
1,1,0.9999881
1,1,0.9999939
1,1,0.9998565
1,1,0.9999827
1,1,0.99272573
1,1,0.99995506
1,1,0.9982836
1,1,0.99974746
1,1,0.9993006
1,1,0.999997
1,1,0.99997747
1,1,0.9999604
1,1,0.99998486
1,1,0.9986212
1,1,0.99999547
1,1,0.9999994
1,1,0.99999774
1,1,0.9999608
1,1,0.999984
1,1,0.9999981
1,1,0.98755395
1,1,0.9999261
1,1,0.9999819
1,1,0.999992
1,1,0.9999994
1,1,0.99999535
1,1,0.99999154
1,1,0.999984
1,1,0.9941298
1,1,0.99997056
1,1,0.999931
1,1,0.998481
1,1,0.99919087
1,1,0.97436666
1,1,0.9921793
1,1,0.9999994
1,1,0.99999917
1,1,0.9999981
1,1,0.9999963
1,1,0.9995365
1,1,0.9999981
1,1,0.9999757
1,1,0.99852556
1,1,0.9999745
1,1,0.99868685
1,1,0.99999976
1,1,0.97172314
1,1,0.9999839
1,1,0.9999689
1,1,0.99999666
1,1,0.9999484
1,1,0.9999571
1,1,0.99999547
1,1,0.99999774
1,1,0.9980452
1,1,0.99363965
1,1,0.99997914
1,1,0.99999857
1,1,0.99999917
1,1,0.9999875
1,1,0.99935037
1,1,0.9683206
1,1,0.9818824
1,1,0.99999917
1,1,0.999998
1,1,0.9986545
1,1,0.99998367
1,1,0.99999976
1,1,0.99999905
1,1,0.9999802
1,1,0.99999356
1,1,0.9903126
1,1,0.9999994
1,1,0.9993862
1,1,0.9999987
1,1,0.9994535
1,1,0.99675626
1,1,0.9999765
1,1,0.77699614
1,1,0.99996316
1,1,0.99989307
1,1,0.9999962
1,1,0.9926514
1,1,0.9999987
1,1,0.99999976
1,1,0.99999905
1,1,0.9999931
1,1,0.9999702
1,1,0.99999964
1,1,0.9999839
1,1,0.99999976
1,1,0.9978617
1,1,0.9999746
1,1,0.99880743
1,1,0.9999758
1,1,0.99601847
1,1,0.9999962
1,1,0.9999937
1,1,0.9636076
1,1,0.9999974
1,1,0.9999994
1,1,0.99200785
1,1,0.9998604
1,1,0.999731
1,1,0.9999913
1,1,0.9999993
1,1,0.99999475
1,1,0.9999989
1,1,0.99953175
1,1,0.9996985
1,1,0.9979449
1,1,0.9997608
1,1,0.9999455
1,1,0.9999176
1,1,0.99999213
1,1,0.95952415
1,1,0.9999994
1,1,0.9998944
1,1,0.9998833
1,1,0.9200206
1,1,0.9998375
1,1,0.99997985
1,1,0.99997115
1,1,0.99999833
1,1,0.999998
1,1,0.9999957
1,1,0.99998736
1,1,0.9999993
1,1,0.9999944
1,1,0.9999993
1,1,0.9996661
1,1,0.99985147
1,1,0.99966776
1,1,0.9999889
1,1,0.9998907
1,0,0.0018849039
1,0,0.025514755
1,1,0.99994016
1,1,0.9999994
1,1,0.99999917
1,1,0.99998033
1,1,0.99996066
1,1,0.9909637
1,1,0.9995654
1,1,0.999998
1,1,0.9999995
1,1,0.9999871
1,1,0.99999607
1,1,0.9999981
1,1,0.99995375
1,1,0.9999238
1,1,0.9999993
1,1,0.9999987
1,1,0.5926178
1,1,0.9999993
1,1,0.9999987
1,1,0.99999917
1,1,0.9468484
1,1,0.9882796
1,1,0.99993825
1,1,0.9390061
1,1,0.9999994
1,1,0.999982
1,1,0.99997926
1,1,0.9999169
1,1,0.99999464
1,1,0.99999535
1,1,0.99998915
1,0,0.10839731
1,1,0.9999825
1,0,0.04341829
1,1,0.9999969
1,1,0.9999132
1,1,0.99999
1,1,0.999966
1,1,0.9999393
1,1,0.9997892
1,1,0.99994624
1,1,0.99924326
1,1,0.9998758
1,1,0.99999774
1,1,0.999925
1,1,0.99999917
1,1,0.9999968
1,1,0.9998524
1,1,0.99998236
1,1,0.9999795
1,1,0.9985077
1,1,0.999861
1,1,0.99999
1,1,0.99999976
1,1,0.9999894
1,1,0.9830376
1,1,0.9999999
1,1,0.9999987
1,1,0.999985
1,1,0.99998736
1,1,0.99999356
1,1,0.99999785
1,1,0.9984731
1,1,0.9999913
1,1,0.9999701
1,1,0.99994063
1,1,0.99935144
1,1,0.9999995
1,1,0.9999728
1,1,0.99978477
1,1,0.9998049
1,1,0.9999685
1,1,0.99999917
1,1,0.9999995
1,1,0.9999752
1,1,0.99985135
1,1,0.99488306
1,1,0.99997973
1,1,0.9999825
1,1,0.9999969
1,1,0.99994695
1,1,0.99981886
1,1,0.99999726
1,1,0.9999976
1,1,0.9999995
1,1,0.99958915
1,1,0.999946
1,1,0.9990344
1,1,0.9989845
1,1,0.9999914
1,0,0.27463377
1,1,0.99991226
1,1,0.99998426
1,1,0.9687613
1,1,0.95759314
1,1,0.93185616
1,1,0.9999957
1,1,0.9383499
1,0,0.38642815
1,1,0.9999714
1,1,0.99991417
1,1,0.99999607
1,1,0.99972075
1,1,0.99988353
1,1,0.99999034
1,1,0.9999701
1,1,0.99999475
1,1,0.9999814
1,1,0.9999951
1,1,0.99998355
1,1,0.99991703
1,1,0.99999905
1,1,0.9999502
1,1,0.9914767
1,1,0.9999869
1,1,0.9970493
1,1,0.99999344
1,1,0.9769394
1,1,0.99999833
1,1,0.99999976
1,1,0.9976285
1,1,0.9997482
1,1,0.99998677
1,1,0.99950266
1,1,0.99999404
1,1,0.9999341
1,1,0.9998814
1,1,0.9999958
1,1,0.99349123
1,1,0.99990237
1,1,0.9999951
1,1,0.99997485
1,0,0.47542343
1,1,0.99998415
1,1,0.99989784
1,1,0.9998987
1,1,0.99972636
1,1,0.9999975
1,1,0.9997445
1,1,0.99919456
1,1,0.999997
1,1,0.9999778
1,1,0.99994063
1,1,0.99999833
1,1,0.99989593
1,1,0.99995744
1,1,0.9981882
1,1,0.9998939
1,1,0.99998426
1,1,0.99995685
1,1,0.9994522
1,1,0.992278
1,1,0.99977463
1,1,0.99969876
1,1,0.9999603
1,1,0.9996413
1,1,0.9998254
1,1,0.99999845
1,1,0.99999964
1,1,0.9979766
1,1,0.99985516
1,1,0.9997551
1,1,0.9999989
1,1,0.9999933
1,1,0.99950254
1,1,0.9999927
1,1,0.9999969
1,1,0.99990106
1,1,0.9934769
1,1,0.99955755
1,1,0.9999827
1,1,0.9999825
1,1,0.99959344
1,1,0.99996066
1,1,0.99999714
1,1,0.9999876
1,1,0.99991703
1,1,0.99998844
1,1,0.9999987
1,1,0.9998392
1,1,0.99188435
1,1,0.9998406
1,1,0.9818063
1,1,0.99998856
1,1,0.9999999
1,1,0.99999964
1,1,0.99999166
1,1,0.8047385
1,1,0.9999963
1,1,0.996863
1,1,0.9999281
1,1,0.9999238
1,1,0.99999964
1,1,0.99103737
1,1,0.9999845
1,1,0.9989536
1,1,0.99999
1,1,0.99999976
1,1,0.9999987
1,1,0.9993369
1,1,0.99999917
1,1,0.99998844
1,1,0.99998224
1,1,0.99999905
1,1,0.9433967
1,1,0.9999832
1,1,0.9999949
1,1,0.78211534
1,1,0.9999889
1,1,0.9994248
1,1,0.999987
1,1,0.99999714
1,1,0.99999774
1,1,0.78043264
1,1,0.9998702
1,1,0.9999858
1,1,0.9999994
1,1,0.9999701
1,1,0.9858052
1,1,0.9998111
1,1,0.9823492
1,1,0.999861
1,1,0.9999895
1,1,0.9999943
1,1,0.999995
1,1,0.999926
1,1,0.9998016
1,1,0.99998724
1,1,0.99987257
1,1,0.99999857
1,1,0.9999993
1,1,0.9999863
1,1,0.9999913
1,1,0.99995756
1,1,0.9999106
1,1,0.9855128
1,1,0.9999963
1,1,0.9999262
1,1,0.9989207
1,1,0.9999019
1,1,0.9988834
1,1,0.99996483
1,1,0.9999931
1,1,0.99999917
1,1,0.9993932
1,1,0.999998
1,1,0.9997999
1,1,0.7869507
1,1,0.99994576
1,1,0.99995756
1,1,0.9999962
1,1,0.9999398
1,1,0.9997018
1,1,0.9999912
1,1,0.9994753
1,1,0.99999535
1,1,0.999969
1,1,0.99999666
1,1,0.9904631
1,1,0.9999944
1,1,0.9999995
1,1,0.99865687
1,1,0.9999993
1,0,0.4905796
1,1,0.85422593
1,1,0.9933095
1,1,0.99999535
1,1,0.9999987
1,1,0.99929285
1,1,0.9999989
1,1,0.99964297
1,1,0.9477233
1,1,0.9999883
1,1,0.9998765
1,1,0.99999917
1,1,0.9994018
1,1,0.99994254
1,1,0.999936
1,1,0.99999774
1,1,0.9999987
1,1,0.9991322
1,1,0.9999746
1,1,0.9999963
1,1,0.8925149
1,1,0.9882091
1,1,0.999866
1,1,0.9999405
1,1,0.9999988
1,1,0.99981886
1,1,0.9999496
1,1,0.9995803
1,1,0.9999765
1,1,0.99999845
1,1,0.99999774
1,1,0.9999999
1,1,0.99999523
1,0,0.188271
1,1,0.9549339
1,1,0.9999956
1,1,0.9999603
1,1,0.99999857
1,1,0.9941438
1,1,0.9999478
1,1,0.99999595
1,1,0.9999864
1,1,0.9999995
1,1,0.99999976
1,1,0.9999931
1,1,0.99999464
1,1,0.9999262
1,1,0.9999994
1,1,0.99998105
1,1,0.9999989
1,1,0.99999714
1,1,0.99909055
1,1,0.9986286
1,1,0.9996867
1,1,0.999962
1,1,0.9988285
1,1,0.9999981
1,1,0.99999714
1,1,0.99999917
1,1,0.9999989
1,1,0.99999917
1,1,0.99999774
1,1,0.9999969
1,1,0.99896824
1,1,0.99999905
1,1,0.99954396
1,1,0.99998915
1,1,0.99974805
1,1,0.99998665
1,1,0.8883813
1,1,0.9999224
1,1,0.99999535
1,1,0.9998467
1,1,0.99999654
1,1,0.9998349
1,1,0.99953365
1,1,0.9999994
1,1,0.9996172
1,1,0.999954
1,1,0.9999746
1,1,0.9983833
1,1,0.99987197
1,1,0.9999944
1,1,0.9999938
1,1,0.9999789
1,1,0.99981576
1,1,0.9999956
1,1,0.95842487
1,1,0.99937904
1,1,0.99987507
1,1,0.9999429
1,1,0.9981805
1,1,0.9999968
1,1,0.99999857
1,1,0.99981207
1,1,0.99999523
1,1,0.99998736
1,1,0.9999888
1,1,0.9999807
1,1,0.999997
1,1,0.9999747
1,1,0.9999981
1,1,0.99997747
1,1,0.99994886
1,1,0.9425454
1,1,0.9999982
1,1,0.99999917
1,1,0.9925685
1,1,0.9999906
1,1,0.99998605
1,0,0.00021990118
1,1,0.8781412
1,1,0.9999964
1,1,0.9999988
1,1,0.9017109
1,1,0.9996482
1,1,0.9999957
1,1,0.99999857
1,1,0.9999757
1,1,0.99904984
1,1,0.99797624
1,1,0.99555284
1,1,0.99997413
1,1,0.9999856
1,1,0.9999995
1,1,0.9998863
1,0,0.023150144
1,1,0.99623835
1,1,0.99999654
1,1,0.9997205
1,1,0.9915902
1,1,0.9999945
1,1,0.9871961
1,1,0.9999989
1,1,0.9999987
1,1,0.9267824
1,1,0.99969125
1,1,0.99999654
1,1,0.9999919
1,1,0.71048135
1,1,0.99999964
1,1,0.9999707
1,1,0.9999933
1,1,0.9999442
1,1,0.9999981
1,1,0.99962604
1,1,0.99982446
1,1,0.9875914
1,1,0.9999479
1,1,0.9999989
1,1,0.99989986
1,1,0.99998975
1,1,0.99911636
1,1,0.99984026
1,1,0.99999
1,0,0.08101588
1,1,0.9946148
1,1,0.999985
1,1,0.99999726
1,1,0.99950874
1,1,0.999705
1,1,0.9999968
1,1,0.9994337
1,1,0.99954873
1,1,0.9999622
1,1,0.9999932
1,1,0.999985
1,1,0.8536498
1,1,0.9999925
1,1,0.9998952
1,1,0.9946326
1,1,0.9978916
1,1,0.9999436
1,1,0.99999857
1,1,0.9953746
1,1,0.7377734
1,1,0.9999968
1,1,0.9963433
1,1,0.9952787
1,1,0.99994004
1,1,0.9940686
1,1,0.99999857
1,1,0.5476724
1,1,0.9999939
1,1,0.9999436
1,1,0.99999905
1,1,0.9999825
1,1,0.99999845
1,1,0.9999987
1,1,0.97571146
1,1,0.99999106
1,1,0.9999604
1,1,0.9654555
1,1,0.99992144
1,1,0.99998164
1,0,0.0010893263
1,1,0.9998926
1,1,0.99997413
1,1,0.9999789
1,1,0.9999968
1,1,0.9998523
1,1,0.9999771
1,1,0.99995816
1,1,0.99987507
1,1,0.9998367
1,1,0.9998005
1,1,0.99998665
1,1,0.88970816
1,1,0.99993837
1,1,0.99999976
1,1,0.9999722
1,1,0.99999905
1,1,0.9987734
1,1,0.9999988
1,1,0.9999989
1,1,0.9999989
1,1,0.9996556
1,0,0.11266484
1,1,0.99999654
1,1,0.99999857
1,1,0.57355833
1,1,0.99895775
1,1,0.9999944
1,1,0.99994373
1,1,0.9998204
1,1,0.99978954
1,1,0.9999801
1,1,0.99474514
1,1,0.99681276
1,1,0.99815553
1,1,0.99999535
1,1,0.9999863
1,1,0.9994653
1,1,0.99981636
1,1,0.99983835
1,1,0.9997031
1,1,0.9999931
1,1,0.99999905
1,1,0.9999182
1,1,0.9999734
1,1,0.9998166
1,1,0.9999502
1,1,0.99999535
1,1,0.9999963
1,1,0.9999982
1,1,0.96491617
1,1,0.99988127
1,1,0.99999857
1,1,0.99999964
1,1,0.99992585
1,1,0.9999995
1,1,0.99998987
1,1,0.89051014
1,1,0.99980146
1,1,0.9977848
1,1,0.9998994
1,1,0.99997926
1,1,0.9998938
1,1,0.9999994
1,1,0.9992162
1,1,0.9999974
1,1,0.9999994
1,1,0.9997198
1,1,0.9961725
1,1,0.9990426
1,1,0.9985098
1,1,0.9999993
1,1,0.9993005
1,1,0.9999472
1,1,0.9999976
1,1,0.9999633
1,1,0.99951863
1,1,0.9999988
1,1,0.9999486
1,1,0.99999976
1,1,0.99999726
1,1,0.999997
1,0,0.49979448
1,1,0.99999917
1,1,0.99999654
1,1,0.99997354
1,1,0.9999995
1,1,0.9999634
1,1,0.9998803
1,1,0.9997142
1,1,0.9999845
1,1,0.9999995
1,1,0.9999999
1,1,0.99999726
1,1,0.9998123
1,1,0.99993527
1,1,0.99936515
1,1,0.99999976
1,1,0.9999999
1,1,0.9999987
1,1,0.9999777
1,1,0.99999905
1,1,0.9998672
1,1,0.99998546
1,1,0.999982
1,1,0.9975268
1,1,0.99998486
1,1,0.9999913
1,1,0.9999552
1,1,0.99999416
1,1,0.9999925
1,1,0.9999752
1,1,0.99995327
1,1,0.99206454
1,1,0.99999833
1,1,0.99998736
1,1,0.9921172
1,1,0.9999958
1,1,0.9903882
1,1,0.99999726
1,1,0.99999964
1,1,0.9999956
1,1,0.9999895
1,1,0.9999926
1,1,0.9999949
1,1,0.99993455
1,1,0.99997425
1,1,0.99997747
1,1,0.99997497
1,1,0.81890905
1,1,0.9998324
1,1,0.997981
1,1,0.9999951
1,1,0.9999807
1,1,0.999456
1,1,0.9999995
1,1,0.9996339
1,1,0.99999833
1,1,0.99984765
1,1,0.99999964
1,1,0.99926275
1,1,0.99922097
1,1,0.99815756
1,1,0.99999785
1,0,0.30248365
1,1,0.99999976
1,1,0.9999989
1,1,0.9999999
1,1,0.9999938
1,1,0.9999999
1,1,0.9735598
1,1,0.9810098
1,1,0.9999964
1,1,0.9973258
1,1,0.9999702
1,1,0.99999833
1,1,0.99999857
1,1,0.99997795
1,1,0.9999306
1,1,0.99996567
1,1,0.99999285
1,1,0.99999857
1,0,0.23759957
1,1,0.99992085
1,1,0.99999547
1,1,0.9999833
1,1,0.9999553
1,1,0.99856406
1,1,0.9994698
1,1,0.9999771
1,1,0.9655018
1,1,0.99998045
1,1,0.9999906
1,1,0.9999982
1,1,0.9868465
1,1,0.99967945
1,1,0.9999981
1,0,0.011739201
1,1,0.9999708
1,1,0.99803
1,1,0.9983052
1,1,0.9999472
1,1,0.9999951
1,1,0.99999964
1,1,0.9997328
1,1,0.99999547
1,1,0.9999887
1,1,0.9999939
1,1,0.99991274
1,1,0.9491381
1,1,0.99887735
1,1,0.99950194
1,1,0.9999821
1,1,0.99786925
1,1,0.9999958
1,1,0.9997515
1,0,0.36566633
1,1,0.9996302
1,1,0.9999863
1,1,0.9999994
1,1,0.76386625
1,1,0.99998
1,1,0.9999684
1,1,0.99993277
1,1,0.99991906
1,1,0.9998242
1,1,0.99999976
1,1,0.83710897
1,1,0.9988977
1,1,0.7205372
1,1,0.9999989
1,1,0.99999964
1,1,0.9999529
1,1,0.99996686
1,1,0.9999993
1,1,0.99999976
1,1,0.99999726
1,1,0.9999999
1,1,0.9999982
1,1,0.8009694
1,1,0.99999046
1,1,0.8923372
1,1,0.9999957
1,1,0.9999981
1,1,0.72083575
1,1,0.99997675
1,1,0.9928248
1,1,0.9999163
1,1,0.99999976
1,1,0.99999547
1,1,0.99999857
1,1,0.9999857
1,1,0.9999981
1,1,0.99999964
1,1,0.968152
1,1,0.99999547
1,1,0.999876
1,1,0.99989736
1,1,0.9999957
1,1,0.9998996
1,1,0.9993819
1,1,0.99991906
1,1,0.99999976
1,1,0.99999964
1,1,0.9999908
1,1,0.9999994
1,1,0.96140623
1,1,0.9988808
1,1,0.9975803
1,1,0.99996674
1,1,0.9999833
1,1,0.99999607
1,1,0.99997985
1,1,0.9992901
1,1,0.98700863
1,1,0.9986792
1,1,0.99999726
1,1,0.9999963
1,1,0.99999166
1,1,0.9999976
1,1,0.99969447
1,1,0.9983438
1,1,0.99999607
1,1,0.9973801
1,1,0.9997205
1,1,0.9994137
1,1,0.99998987
1,1,0.99961615
1,1,0.9999832
1,1,0.9994357
1,1,0.99991584
1,1,0.9999957
1,1,0.99998796
1,1,0.99999046
1,1,0.9999689
1,1,0.9994116
1,1,0.9952793
1,1,0.9999975
1,1,0.99999726
1,1,0.99999225
1,1,0.9995566
1,1,0.9998641
1,1,0.9952537
1,1,0.9999474
1,1,0.9999987
1,1,0.99999523
1,1,0.9999776
1,1,0.9998047
1,1,0.99999833
1,1,0.9999249
1,1,0.999992
1,1,0.99989545
1,1,0.99997854
1,0,0.30318898
1,1,0.9999999
1,1,0.99248624
1,1,0.99119484
1,1,0.99987125
1,1,0.9993309
1,1,0.99998283
1,1,0.999992
1,1,0.9999832
1,1,0.99999976
1,1,0.99999666
1,1,0.99999595
1,1,0.99979526
1,1,0.99998486
1,1,0.99999523
1,1,0.9999584
1,1,0.99999297
1,1,0.9999982
1,1,0.99903935
1,1,0.9999763
1,1,0.9999417
1,1,0.9999896
1,1,0.9999161
1,1,0.99999475
1,0,0.4070428
1,1,0.99999964
1,1,0.9999982
1,1,0.99986744
1,1,0.9995234
1,1,0.9994511
1,1,0.99996173
1,1,0.99866486
1,1,0.9999206
1,1,0.99999964
1,1,0.99993193
1,1,0.97752404
1,1,0.9999889
1,1,0.999943
1,1,0.99999976
1,1,0.9999963
1,1,0.9970107
1,1,0.9999994
1,1,0.99994624
1,1,0.9999845
1,1,0.9999969
1,1,0.9999949
1,1,0.9999914
1,1,0.9999906
1,1,0.9999958
1,1,0.99512035
1,1,0.9999937
1,1,0.9999838
1,1,0.99999
1,1,0.9999782
1,1,0.99698526
1,1,0.99999666
1,1,0.999995
1,1,0.9999944
1,1,0.9999999
1,1,0.9998497
1,1,0.9999975
1,1,0.9998764
1,1,0.99978775
1,1,0.99998426
1,1,0.9996208
1,1,0.999244
1,1,0.9999864
1,1,0.99566674
1,1,0.99999833
1,1,0.9999949
1,1,0.99987817
1,1,0.9995339
1,1,0.99998605
1,1,0.9999988
1,1,0.99857557
1,1,0.9999908
1,1,0.9988581
1,1,0.9999893
1,1,0.9999988
1,1,0.9999988
1,1,0.98009825
1,1,0.9924003
1,1,0.9998547
1,1,0.9992488
1,1,0.9999995
1,1,0.98381424
1,1,0.98767483
1,1,0.78459775
1,1,0.9999987
1,1,0.9991528
1,1,0.9997148
1,1,0.9996524
1,1,0.99939716
1,1,0.99999404
1,1,0.9999993
1,1,0.9999554
1,1,0.9365555
1,1,0.99996233
1,1,0.9999583
1,1,0.9999869
1,1,0.9999945
1,1,0.9996488
1,1,0.9990594
1,0,0.04669855
1,1,0.9996443
1,1,0.99998415
1,1,0.99999976
1,1,0.6691039
1,0,0.022246504
1,1,0.99997544
1,1,0.90912616
1,1,0.9999436
1,1,0.99975413
1,1,0.97489876
1,1,0.8219535
1,1,0.99998665
1,1,0.9999683
1,1,0.9999734
1,1,0.9999994
1,1,0.99999857
1,1,0.99904376
1,1,0.985897
1,1,0.99999
1,1,0.9999943
1,1,0.999987
1,1,0.99998224
1,1,0.99997425
1,1,0.99995315
1,1,0.999997
1,1,0.978732
1,1,0.99999547
1,1,0.9999975
1,1,0.99999976
1,1,0.99562585
1,1,0.9999999
1,1,0.9999584
1,1,0.99990094
1,1,0.9996124
1,1,0.99999976
1,1,0.99925786
1,1,0.9999937
1,1,0.99998903
1,1,0.99999595
1,1,0.99994016
1,1,0.9978327
1,1,0.99165124
1,1,0.99929035
1,1,0.9984969
1,1,0.9999665
1,1,0.9999989
1,1,0.9998727
1,1,0.99999213
1,0,0.0364428
1,1,0.98945516
1,1,0.83413935
1,1,0.9996171
1,1,0.99999917
1,1,0.99999535
1,1,0.99990296
1,1,0.9998097
1,1,0.9999851
1,1,0.998495
1,1,0.99998295
1,1,0.99999964
1,1,0.99998355
1,1,0.9999875
1,1,0.99844176
1,1,0.99930775
1,1,0.9983834
1,1,0.99999964
1,1,0.99994576
1,1,0.99996555
1,1,0.9982456
1,1,0.99945456
1,1,0.9999558
1,1,0.9999893
1,1,0.99997413
1,1,0.999997
1,1,0.99999905
1,1,0.9999614
1,1,0.9963419
1,1,0.99994135
1,1,0.9999759
1,1,0.99999547
1,1,0.9999994
1,1,0.9999846
1,1,0.99937207
1,1,0.9992669
1,1,0.99739707
1,1,0.99997663
1,1,0.9999993
1,1,0.99969816
1,1,0.99992335
1,1,0.9985337
1,1,0.9999969
1,1,0.9997013
1,1,0.99995625
1,1,0.99997306
1,1,0.9998246
1,1,0.9999969
1,1,0.9287238
1,1,0.99983704
1,1,0.9999989
1,1,0.99999976
1,1,0.99999464
1,1,0.99997544
1,1,0.99999917
1,1,0.9998628
1,0,0.070332326
1,1,0.9999753
1,1,0.9999994
1,1,0.9999988
1,1,0.9996743
1,1,0.9316113
1,1,0.99998116
1,1,0.9999403
1,1,0.99999416
1,1,0.99999034
1,1,0.9828448
1,1,0.9999908
1,1,0.99840987
1,1,0.99998796
1,1,0.9998617
1,1,0.999997
1,1,0.9999567
1,1,0.9998691
1,1,0.9999114
1,1,0.5467316
1,1,0.99995995
1,1,0.9999963
1,1,0.99980384
1,1,0.9998834
1,1,0.9999907
1,1,0.99999404
1,1,0.99999166
1,1,0.9992211
1,1,0.9939427
1,1,0.9999962
1,1,0.9999987
1,1,0.999874
1,1,0.9999386
1,1,0.99999666
1,1,0.99998903
1,1,0.9999566
1,1,0.9999949
1,1,0.99999607
1,1,0.99986255
1,1,0.9994404
1,1,0.9998996
1,1,0.9999962
1,1,0.99998474
1,1,0.8794768
1,1,0.9999994
1,1,0.99999523
1,1,0.9996605
1,1,0.99986494
1,1,0.999574
1,1,0.99998903
1,1,0.99995697
1,1,0.9999881
1,1,0.9901246
1,1,0.99999905
1,1,0.9999939
1,1,0.9999999
1,1,0.99999964
1,1,0.9999614
1,1,0.9999968
1,1,0.99997413
1,1,0.9997255
1,1,0.99655545
1,1,0.9997719
1,1,0.99999225
1,1,0.99935216
1,1,0.9999753
1,1,0.9999105
1,1,0.9905144
1,1,0.996292
1,1,0.99999464
1,1,0.9999714
1,1,0.98005486
1,1,0.9999809
1,1,0.9999924
1,1,0.9998902
1,1,0.9999987
1,1,0.9719052
1,1,0.9538988
1,1,0.99999964
1,1,0.9999908
1,1,0.99999917
1,1,0.99999964
1,1,0.9998375
1,1,0.99999976
1,1,0.99896574
1,1,0.9996753
1,1,0.9999914
1,1,0.9824442
1,1,0.9999851
1,1,0.9999312
1,1,0.99997175
1,1,0.99998903
1,1,0.9997583
1,1,0.9995745
1,1,0.99999714
1,1,0.9999765
1,1,0.9999647
1,1,0.9999995
1,1,0.99999857
1,1,0.99999785
1,1,0.9999975
1,1,0.9999951
1,1,0.9989052
1,1,0.9981148
1,1,0.9999831
1,1,0.99999166
1,1,0.99988675
1,1,0.9999994
1,1,0.9998504
1,1,0.999461
1,1,0.9999988
1,1,0.99997735
1,1,0.99988854
1,1,0.9996232
1,1,0.99994624
1,1,0.9999989
1,0,0.4668991
1,1,0.999498
1,1,0.9998628
1,1,0.9996699
1,1,0.9999993
1,1,0.9999783
1,1,0.99994206
1,1,0.999943
1,1,0.9999826
1,1,0.9992411
1,1,0.9996124
1,1,0.9999963
1,1,0.9999989
1,1,0.98177433
1,1,0.9985512
1,1,0.99709225
1,1,0.9999951
1,1,0.99999917
1,1,0.9998754
1,1,0.99999774
1,1,0.9999949
1,1,0.99988365
1,1,0.9999999
1,1,0.99999726
1,1,0.9995801
1,1,0.7916371
1,1,0.99999595
1,1,0.9999988
1,1,0.99998295
1,1,0.9999927
1,1,0.9999907
1,1,0.99991655
1,1,0.90581465
1,1,0.9999517
1,1,0.99502003
1,1,0.99999964
1,1,0.9986625
1,1,0.9994117
1,1,0.99999905
1,1,0.999997
1,1,0.99999845
1,1,0.7971675
1,1,0.9998857
1,1,0.9999999
1,1,0.996176
1,1,0.99997973
1,1,0.9999989
1,0,0.04515694
1,1,0.99997044
1,1,0.9999633
1,1,0.99998987
1,1,0.98007476
1,1,0.98607033
1,1,0.99999094
1,1,0.99999905
1,1,0.999992
1,1,0.9960419
1,1,0.9518209
1,1,0.9987147
1,1,0.9999896
1,1,0.9999825
1,1,0.99988437
1,1,0.9999995
1,1,0.9966202
1,1,0.99996066
1,1,0.9999995
1,1,0.99999976
1,1,0.9999237
1,1,0.9997763
1,1,0.9999987
1,1,0.9999888
1,1,0.9999944
1,1,0.9991678
1,1,0.99997807
1,1,0.99996483
1,1,0.995647
1,1,0.9999989
1,1,0.99998903
1,1,0.9993405
1,1,0.9983589
1,1,0.9999949
1,1,0.9999889
1,1,0.9998772
1,1,0.99999833
1,1,0.97053874
1,1,0.9985832
1,1,0.99964786
1,1,0.9991567
1,1,0.99999905
1,1,0.9992281
1,1,0.9999999
1,1,0.94238
1,1,0.9999995
1,1,0.99974376
1,1,0.99908316
1,1,0.9998165
1,1,0.99998736
1,1,0.99630797
1,1,0.9999976
1,1,0.99968576
1,1,0.99997973
1,1,0.9999597
1,1,0.99997807
1,1,0.99951446
1,1,0.99999905
1,1,0.999972
1,1,0.9985948
1,1,0.9951716
1,1,0.98940045
1,1,0.77043986
1,1,0.9999887
1,1,0.9999962
1,1,0.9999993
1,1,0.9991829
1,1,0.999926
1,1,0.99999
1,1,0.99997175
1,1,0.99955684
1,1,0.99999034
1,1,0.9999858
1,1,0.9998504
1,1,0.9998192
1,1,0.9999968
1,1,0.9499979
1,1,0.9999993
1,1,0.9999851
1,1,0.99522865
1,1,0.99999654
1,1,0.99955755
1,1,0.99998844
1,1,0.9999083
1,1,0.99999213
1,1,0.9999784
1,1,0.6974101
1,1,0.9999995
1,1,0.8351059
1,1,0.992008
1,1,0.99962854
1,0,0.08170064
1,1,0.99981517
1,1,0.97730696
1,1,0.98951375
1,1,0.9999999
1,1,0.9998814
1,1,0.9999963
1,1,0.99994373
1,1,0.9998869
1,1,0.9999994
1,1,0.999998
1,1,0.9990915
1,1,0.99998295
1,1,0.99990547
1,1,0.998502
1,0,0.019375857
1,1,0.99999857
1,0,0.4136544
1,1,0.9999976
1,1,0.99917245
1,1,0.99999905
1,1,0.9999901
1,1,0.9999504
1,1,0.99994016
1,1,0.95890516
1,1,0.99999845
1,1,0.9999486
1,1,0.99999976
1,1,0.9999995
1,1,0.99999976
1,1,0.9999777
1,1,0.9999502
1,1,0.9999411
1,1,0.99993765
1,1,0.9998209
1,1,0.9999913
1,1,0.99974686
1,1,0.9997317
1,1,0.99930453
1,0,0.080413416
1,1,0.9999994
1,1,0.9999436
1,1,0.99997866
1,1,0.9999999
1,1,0.999987
1,1,0.9999999
1,1,0.99999976
1,1,0.99815863
1,1,0.99999833
1,1,0.99999905
1,1,0.998108
1,1,0.997719
1,1,0.9999852
1,1,0.99978787
1,1,0.99426585
1,1,0.9999989
1,1,0.99999845
1,1,0.99621046
1,1,0.9997993
1,1,0.99977213
1,1,0.9999975
1,1,0.9999927
1,1,0.9965281
1,1,0.9725434
1,1,0.99999845
1,0,0.076832764
1,1,0.99976486
1,1,0.9992489
1,1,0.99974424
1,1,0.999997
1,1,0.85120094
1,1,0.535464
1,1,0.9999976
1,1,0.99999833
1,1,0.9999981
1,1,0.9998276
1,1,0.99999845
1,1,0.99999976
1,1,0.9999815
1,1,0.9637779
1,1,0.9999993
1,1,0.9999933
1,1,0.99976236
1,1,0.99930894
1,1,0.99950075
1,1,0.9677069
1,1,0.9999722
1,1,0.99999964
1,1,0.99999917
1,1,0.9997371
1,1,0.99980444
1,1,0.9999974
1,1,0.99999845
1,1,0.9999987
1,1,0.9717771
1,1,0.9999913
1,1,0.99999166
1,1,0.9998023
1,1,0.99999714
1,1,0.99711525
1,1,0.99999917
1,1,0.9998945
1,1,0.9991685
1,1,0.9999889
1,1,0.99998987
1,1,0.99618113
1,1,0.9982845
1,1,0.99998164
1,1,0.99999714
1,1,0.9999888
1,1,0.9999964
1,1,0.94469774
1,1,0.99987113
1,1,0.99993515
1,1,0.999231
1,1,0.99999547
1,1,0.9999995
1,1,0.999997
1,1,0.9999988
1,1,0.9980337
1,1,0.99940777
1,1,0.9999931
1,1,0.9999988
1,1,0.99967206
1,1,0.9999851
1,1,0.9999995
1,1,0.9978119
1,1,0.99998343
1,1,0.9999821
1,1,0.99995184
1,1,0.99997485
1,1,0.99998856
1,1,0.99999905
1,1,0.999997
1,1,0.9711632
1,1,0.91923827
1,1,0.9999989
1,1,0.99819237
1,1,0.99995494
1,1,0.99999225
1,1,0.99999905
1,1,0.99998844
1,1,0.9999976
1,1,0.9999944
1,1,0.99999857
1,1,0.99980587
1,1,0.99251527
1,1,0.9999974
1,1,0.9999999
1,1,0.99999416
1,1,0.99982184
1,1,0.9999981
1,1,0.9999994
1,1,0.9999937
1,1,0.99999833
1,1,0.9999926
1,1,0.9984981
1,1,0.9987771
1,1,0.99999964
1,1,0.99991465
1,1,0.9999969
1,1,0.6144242
1,1,0.99999666
1,1,0.99994314
1,1,0.9999999
1,1,0.9957749
1,1,0.99999535
1,1,0.9999256
1,1,0.99996066
1,1,0.9996915
1,1,0.99997354
1,1,0.9999988
1,1,0.9997204
1,1,0.9999963
1,1,0.9999119
1,1,0.98577046
1,1,0.99999845
1,1,0.99876034
1,1,0.9801319
1,1,0.99999976
1,1,0.999995
1,1,0.9999584
1,1,0.99041545
1,1,0.9999999
1,1,0.99969745
1,1,0.999793
1,1,0.9999863
1,1,0.99977535
1,1,0.92982566
1,1,0.72701997
1,1,0.9999001
1,1,0.9999758
1,1,0.9999695
1,1,0.99912685
1,1,0.99997604
1,1,0.5148211
1,1,0.9999939
1,1,0.9999982
1,0,0.0037372003
1,1,0.999995
1,1,0.9943962
1,1,0.9999713
1,1,0.99689484
1,1,0.9999604
1,1,0.9999163
1,1,0.99947506
1,1,0.99999535
1,1,0.9999906
1,1,0.9999919
1,1,0.9974437
1,1,0.99999905
1,1,0.999943
1,1,0.9999132
1,1,0.99925476
1,1,0.62209463
1,1,0.99772257
1,1,0.9999809
1,1,0.99998605
1,1,0.9999707
1,1,0.99999774
1,1,0.99999714
1,1,0.99999857
1,1,0.99998856
1,1,0.99998665
1,1,0.91910815
1,1,0.99984133
1,1,0.999835
1,1,0.9999964
1,1,0.99967384
1,1,0.97431505
1,1,0.99999213
1,1,0.99656975
1,1,0.9999994
1,1,0.99594927
1,1,0.9999993
1,1,0.9999982
1,1,0.99999917
1,1,0.9978928
1,1,0.9999832
1,1,0.9995402
1,1,0.9924361
1,1,0.95065993
1,1,0.9997894
1,1,0.99999857
1,1,0.9999535
1,1,0.9667309
1,1,0.99903595
1,1,0.9999993
1,1,0.9991597
1,1,0.99997187
1,1,0.9990036
1,1,0.9999423
1,1,0.99999297
1,1,0.9996061
1,1,0.99026406
1,1,0.99978596
1,1,0.9999883
1,1,0.99991393
1,1,0.9999782
1,1,0.9999832
1,1,0.9999989
1,1,0.9999974
1,1,0.99999785
1,1,0.9991636
1,1,0.99999106
1,1,0.99969995
1,1,0.9995427
1,1,0.9999993
1,1,0.999995
1,1,0.99999344
1,1,0.9999374
1,1,0.9997737
1,1,0.9999994
1,1,0.9999683
1,1,0.99337983
1,1,0.99999833
1,1,0.9999906
1,1,0.99999905
1,1,0.99999976
1,1,0.99999774
1,1,0.9985316
1,1,0.9999994
1,1,0.99999774
1,1,0.999869
1,1,0.9988224
1,1,0.9999937
1,1,0.9999628
1,1,0.9997495
1,0,0.015021124
1,1,0.9999306
1,1,0.9999889
1,1,0.9999598
1,1,0.9999918
1,1,0.99998295
1,1,0.99999964
1,1,0.99999976
1,1,0.99915874
1,1,0.9999088
1,1,0.9999827
1,1,0.99998796
1,1,0.9975623
1,1,0.9999033
1,1,0.9999994
1,1,0.9993641
1,1,0.99999976
1,1,0.9995478
1,1,0.99996185
1,1,0.99999833
1,1,0.9999975
1,1,0.99969554
1,1,0.99998903
1,1,0.9999963
1,1,0.9988997
1,1,0.999987
1,1,0.9868355
1,1,0.99999547
1,1,0.99997175
1,1,0.9998783
1,1,0.99995756
1,1,0.9999566
1,1,0.99997437
1,1,0.9998312
1,1,0.99966264
1,1,0.99762625
1,1,0.9999702
1,1,0.99997294
1,1,0.99999964
1,1,0.9999999
1,1,0.99339986
1,1,0.99999523
1,1,0.9997975
1,1,0.9977871
1,1,0.9999918
1,1,0.9999386
1,1,0.99950314
1,1,0.9999534
1,1,0.9999995
1,1,0.99999857
1,1,0.9998417
1,1,0.9999975
1,1,0.9999988
1,1,0.99998224
1,1,0.99838257
1,1,0.99998343
1,1,0.9994892
1,1,0.99999523
1,1,0.99999547
1,1,0.99622947
1,1,0.99999535
1,1,0.9890569
1,1,0.9999962
1,1,0.9953863
1,1,0.999998
1,1,0.98236877
1,1,0.9999819
1,1,0.9999796
1,1,0.9999633
1,1,0.99999654
1,1,0.99995756
1,1,0.999959
1,1,0.9999763
1,1,0.9997861
1,1,0.99999976
1,1,0.9999131
1,1,0.998919
1,1,0.9999988
1,1,0.999998
1,1,0.99732345
1,1,0.889123
1,1,0.99997056
1,1,0.9999609
1,1,0.99687225
1,1,0.99470115
1,1,0.8017252
1,1,0.99929905
1,1,0.99999976
1,1,0.99389327
1,1,0.9999765
1,1,0.9971528
1,1,0.9999759
1,1,0.999788
1,1,0.9999956
1,1,0.99999917
1,1,0.99997926
1,1,0.99999845
1,1,0.99999857
1,1,0.9997663
1,1,0.9999938
1,1,0.99975044
1,1,0.9999956
1,1,0.9997533
1,1,0.9997391
1,1,0.9999994
1,1,0.9987018
1,1,0.99990416
1,1,0.99997675
1,1,0.9998424
1,1,0.9999963
1,1,0.99830735
1,1,0.9999939
1,1,0.9992735
1,1,0.6747999
1,1,0.99954945
1,1,0.9999851
1,1,0.9999281
1,1,0.9705486
1,1,0.9999788
1,1,0.9999949
1,1,0.99993694
1,1,0.9999989
1,1,0.99999964
1,1,0.9999999
1,1,0.99999833
1,1,0.97552913
1,1,0.9999877
1,1,0.9984654
1,1,0.99932075
1,1,0.9999981
1,1,0.9999603
1,1,0.9999937
1,1,0.9997712
1,1,0.9992912
1,1,0.99800545
1,1,0.9995958
1,1,0.9744197
1,1,0.99935955
1,1,0.9999969
1,1,0.9999993
1,1,0.99991274
1,1,0.9998658
1,1,0.5610589
1,1,0.9999926
1,1,0.999954
1,1,0.9999994
1,1,0.8942157
1,1,0.9999993
1,1,0.9999856
1,1,0.99989307
1,1,0.9998969
1,1,0.9999926
1,1,0.7994959
1,1,0.98993
1,1,0.99992085
1,1,0.9999864
1,1,0.99629873
1,1,0.99999964
1,1,0.9999938
1,1,0.99912673
1,1,0.99988365
1,1,0.9999968
1,1,0.99999285
1,1,0.99996567
1,1,0.9999969
1,1,0.99999964
1,1,0.9987348
1,1,0.9945128
1,1,0.9999999
1,1,0.99901795
1,1,0.99999714
1,1,0.9999957
1,1,0.9999969
1,1,0.9999993
1,1,0.9749654
1,1,0.9998914
1,1,0.9996674
1,1,0.9999769
1,1,0.9999994
1,1,0.95972854
1,1,0.99999976
1,1,0.9999969
1,1,0.9996524
1,1,0.9999832
1,1,0.9999814
1,1,0.99999905
1,1,0.9995388
1,1,0.99999905
1,1,0.9998369
1,1,0.5295669
1,1,0.99999774
1,1,0.999998
1,1,0.9999765
1,1,0.999998
1,1,0.99999154
1,1,0.99999976
1,1,0.9999999
1,1,0.99931777
1,1,0.99999905
1,1,0.99796677
1,1,0.99999404
1,1,0.9963464
1,1,0.99919826
1,1,0.99999964
1,1,0.99968195
1,1,0.99998844
1,1,0.99969375
1,1,0.9999944
1,1,0.9999536
1,1,0.9999585
1,1,0.993028
1,1,0.9997168
1,1,0.99989486
1,1,0.832849
1,1,0.9999871
1,1,0.9999949
1,1,0.9999695
1,1,0.99970585
1,1,0.9957768
1,1,0.99288017
1,1,0.99999523
1,1,0.9999552
1,1,0.96177334
1,1,0.9999906
1,1,0.9999783
1,1,0.99868244
1,1,0.99999785
1,1,0.9999764
1,1,0.9994462
1,1,0.9999999
1,1,0.99999976
1,1,0.99999166
1,1,0.9999536
1,1,0.99480814
1,1,0.9999367
1,1,0.9994035
1,1,0.9033659
1,1,0.9999975
1,0,0.21801881
1,1,0.99978906
1,1,0.9998405
1,1,0.9950045
1,1,0.9997969
1,1,0.9999987
1,1,0.7379678
1,1,0.9975581
1,1,0.999998
1,1,0.9999951
1,1,0.999962
1,1,0.9997501
1,1,0.9970886
1,1,0.99981195
1,0,0.22697121
1,1,0.99999475
1,1,0.99999416
1,1,0.9999907
1,1,0.9984394
1,1,0.9575812
1,1,0.9997818
1,1,0.9999987
1,1,0.9999994
1,1,0.9998417
1,1,0.9997681
1,1,0.99999714
1,1,0.9999993
1,1,0.9999963
1,1,0.9999994
1,1,0.999997
1,1,0.999962
1,1,0.9997671
1,1,0.9999882
1,1,0.9785991
1,1,0.99957806
1,1,0.9998109
1,1,0.99998486
1,1,0.99999964
1,1,0.99999976
1,0,0.23348713
1,1,0.9999975
1,1,0.99982303
1,1,0.99998784
1,1,0.999997
1,1,0.99691606
1,0,0.22570334
1,1,0.99999404
1,1,0.9893169
1,1,0.9999932
1,1,0.999992
1,1,0.99999666
1,1,0.9999877
1,1,0.99998724
1,1,0.76355934
1,0,0.023325957
1,1,0.9906722
1,1,0.9999943
1,1,0.9997844
1,1,0.9999516
1,1,0.9998338
1,1,0.9984394
1,1,0.99999964
1,1,0.9999945
1,1,0.9994904
1,1,0.99984896
1,1,0.9981006
1,1,0.9999999
1,1,0.99998903
1,1,0.9998592
1,1,0.9999958
1,1,0.9999981
1,1,0.99909174
1,1,0.9978567
1,1,0.9999945
1,1,0.9999999
1,1,0.99995863
1,1,0.99990165
1,1,0.99980944
1,1,0.999992
1,1,0.9999908
1,1,0.9998344
1,1,0.9999988
1,1,0.99998343
1,1,0.99999833
1,1,0.99999785
1,1,0.99999475
1,0,0.39334494
1,1,0.99999
1,1,0.7515269
1,1,0.99989355
1,1,0.998184
1,1,0.99999535
1,1,0.9999896
1,1,0.9999435
1,1,0.9986333
1,1,0.9854059
1,1,0.99851376
1,1,0.9983809
1,1,0.9999515
1,1,0.99998534
1,1,0.999984
1,1,0.99990845
1,1,0.9999864
1,1,0.9999893
1,1,0.96764183
1,1,0.99998856
1,1,0.7386537
1,1,0.99999213
1,1,0.99976104
1,1,0.9998247
1,1,0.99999857
1,1,0.99999285
1,1,0.9524836
1,0,0.14215396
1,1,0.99987817
1,1,0.9999964
1,1,0.99999785
1,1,0.9959526
1,1,0.99999094
1,1,0.9947246
1,1,0.9890537
1,1,0.99999714
1,1,0.9999995
1,1,0.9978242
1,1,0.9999738
1,0,0.00018894929
1,1,0.9999914
1,1,0.9999974
1,1,0.9999968
1,1,0.9989537
1,1,0.9999659
1,1,0.99944013
1,1,0.99980277
1,1,0.9983967
1,1,0.99976104
1,0,0.4408251
1,1,0.999997
1,1,0.999967
1,1,0.99997723
1,1,0.99936897
1,1,0.9998124
1,1,0.9998723
1,1,0.9998579
1,1,0.9999937
1,1,0.9975375
1,1,0.99992
1,1,0.99999726
1,1,0.9986634
1,1,0.9999778
1,1,0.9999571
1,1,0.99999166
1,1,0.99999666
1,1,0.9999424
1,1,0.9999993
1,1,0.9999913
1,1,0.99997234
1,1,0.9999957
1,1,0.99563664
1,1,0.9984693
1,1,0.99998355
1,1,0.9999825
1,1,0.9999926
1,1,0.9999087
1,1,0.9999963
1,1,0.9277915
1,1,0.99956244
1,1,0.9999815
1,1,0.9983656
1,1,0.9999752
1,1,0.99999845
1,1,0.99601066
1,1,0.99895823
1,1,0.9999962
1,1,0.99998975
1,1,0.9996126
1,1,0.99705136
1,1,0.9999486
1,1,0.999841
1,1,0.9998983
1,1,0.99931073
1,1,0.99988306
1,1,0.9999995
1,1,0.99999225
1,1,0.99893266
1,1,0.99946433
1,1,0.9999689
1,1,0.999979
1,1,0.99997663
1,1,0.9999522
1,1,0.9997476
1,1,0.999998
1,1,0.9999838
1,1,0.99993277
1,1,0.99999964
1,1,0.9999863
1,1,0.9983662
1,1,0.9999994
1,1,0.99999714
1,1,0.9999125
1,1,0.99999523
1,1,0.99997056
1,1,0.99795854
1,1,0.9998098
1,1,0.9999999
1,1,0.9999924
1,1,0.9999466
1,1,0.9954833
1,1,0.9999546
1,1,0.99990857
1,1,0.999997
1,1,0.9999769
1,1,0.9992887
1,1,0.99960643
1,1,0.9999863
1,1,0.9998864
1,1,0.9999987
1,1,0.999116
1,1,0.99995995
1,1,0.99999416
1,1,0.99866927
1,1,0.9825612
1,1,0.99999833
1,1,0.999997
1,1,0.99986374
1,1,0.9983884
1,1,0.99717546
1,1,0.9999981
1,1,0.99989974
1,1,0.9999995
1,1,0.99772924
1,1,0.9997632
1,1,0.9999174
1,1,0.99999976
1,1,0.9999913
1,1,0.9999999
1,1,0.9999938
1,1,0.9999862
1,1,0.9997565
1,1,0.9999989
1,1,0.9999877
1,1,0.93318456
1,1,0.9897956
1,1,0.99923456
1,1,0.9999784
1,1,0.9885865
1,1,0.99999
1,1,0.9996338
1,1,0.999982
1,1,0.9999993
1,1,0.9999995
1,1,0.99998677
1,1,0.99703217
1,0,0.023021892
1,1,0.9999932
1,1,0.9999995
1,1,0.9999796
1,1,0.98790425
1,1,0.9999963
1,1,0.99999964
1,1,0.99999917
1,1,0.999892
1,1,0.99377835
1,1,0.99856
1,1,0.99999857
1,1,0.9981623
1,1,0.98676896
1,1,0.99999964
1,1,0.9999001
1,1,0.99996746
1,1,0.99958795
1,1,0.9968118
1,1,0.99954176
1,1,0.9999995
1,1,0.99999154
1,1,0.9995394
1,1,0.999998
1,1,0.99999726
1,1,0.9999993
1,1,0.99993217
1,1,0.9999969
1,1,0.99953794
1,1,0.973695
1,1,0.99994874
1,1,0.9998503
1,1,0.9998062
1,1,0.99951184
1,1,0.99997294
1,1,0.999995
1,1,0.9999993
1,1,0.9998173
1,1,0.9999522
1,1,0.996099
1,1,0.99999285
1,1,0.9999652
1,1,0.9999869
1,1,0.9202265
1,1,0.9997485
1,1,0.97726905
1,1,0.9999349
1,1,0.9997789
1,1,0.99999774
1,1,0.9949115
1,1,0.66591465
1,1,0.99999845
1,1,0.9999082
1,1,0.9999895
1,1,0.9999685
1,1,0.9998815
1,1,0.9999995
1,1,0.99966526
1,1,0.99990857
1,1,0.99998295
1,1,0.9999393
1,1,0.9999969
1,1,0.99999726
1,1,0.9999316
1,1,0.9999957
1,1,0.9999927
1,1,0.9999242
1,1,0.99660987
1,1,0.99959785
1,1,0.9942445
1,1,0.96838534
1,1,0.9999957
1,1,0.9709501
1,1,0.99999547
1,1,0.9999931
1,1,0.9999932
1,0,0.28503758
1,1,0.9971994
1,1,0.9994815
1,1,0.99968815
1,1,0.99998915
1,1,0.9999958
1,1,0.9999255
1,1,0.99987614
1,1,0.9999589
1,1,0.99999034
1,1,0.99987555
1,1,0.9999994
1,1,0.99999714
1,1,0.999987
1,1,0.99850476
1,1,0.9999988
1,1,0.9997557
1,1,0.9999924
1,1,0.99999964
1,1,0.8744512
1,1,0.99999046
1,1,0.9854074
1,1,0.9999305
1,1,0.9999981
1,1,0.90852416
1,1,0.99779296
1,1,0.9999814
1,1,0.9999995
1,1,0.9427324
1,1,0.9999045
1,1,0.9999409
1,1,0.9999969
1,1,0.99988985
1,1,0.99999475
1,1,0.9999411
1,1,0.99602
1,1,0.99999297
1,1,0.9547037
1,1,0.99984276
1,1,0.9996209
1,1,0.9999987
1,1,0.99988747
1,1,0.99999535
1,1,0.9999927
1,1,0.9999999
1,1,0.9999598
1,1,0.99995196
1,1,0.99999535
1,0,0.002738158
1,1,0.9997621
1,1,0.9999573
1,1,0.9999993
1,1,0.99999523
1,1,0.9999969
1,1,0.99999535
1,1,0.99999416
1,1,0.99999547
1,1,0.99999857
1,0,0.26327878
1,1,0.89698726
1,1,0.9999932
1,1,0.99999917
1,1,0.99988866
1,1,0.99999785
1,1,0.9999974
1,1,0.9999794
1,1,0.99999285
1,1,0.99999034
1,1,0.9999248
1,1,0.99999905
1,1,0.99989533
1,1,0.9999958
1,1,0.99974877
1,1,0.9997272
1,1,0.99999905
1,1,0.99999607
1,1,0.99995625
1,1,0.99484116
1,1,0.99999917
1,1,0.8953651
1,1,0.99998987
1,1,0.99999976
1,1,0.9999217
1,1,0.66682136
1,1,0.8977544
1,1,0.9999976
1,1,0.9994267
1,1,0.9999871
1,1,0.99999964
1,1,0.9999907
1,1,0.9999976
1,1,0.99996006
1,1,0.811163
1,1,0.9999994
1,1,0.9999857
1,1,0.9999713
1,1,0.9999249
1,1,0.9999651
1,1,0.9999999
1,1,0.9999883
1,1,0.99999607
1,1,0.9863029
1,1,0.99993944
1,1,0.99999857
1,1,0.99999845
1,1,0.99999905
1,1,0.9999995
1,1,0.9999652
1,1,0.99999654
1,1,0.99999905
1,1,0.9999919
1,1,0.9121438
1,1,0.999858
1,1,0.99998474
1,1,0.99632853
1,1,0.9996908
1,1,0.9999939
1,1,0.99995303
1,1,0.9999999
1,1,0.9617072
1,1,0.99963546
1,1,0.9999926
1,1,0.9999187
1,1,0.9999989
1,1,0.9999975
1,1,0.9999995
1,1,0.9999943
1,1,0.9999522
1,1,0.99996376
1,1,0.9984251
1,1,0.99998415
1,0,0.28141934
1,1,0.9900349
1,1,0.9999865
1,1,0.99999666
1,1,0.9999809
1,1,0.99999416
1,1,0.9999993
1,1,0.99750024
1,1,0.99998736
1,1,0.9995136
1,1,0.9562845
1,1,0.9999995
1,1,0.9999887
1,1,0.9999994
1,1,0.99998856
1,1,0.9982424
1,1,0.99994874
1,1,0.9999982
1,1,0.99826485
1,1,0.9999591
1,1,0.9999933
1,1,0.9999075
1,1,0.9999969
1,1,0.9999708
1,1,0.9999976
1,1,0.99923325
1,1,0.9989573
1,1,0.9997656
1,1,0.9410429
1,1,0.9999919
1,1,0.9999924
1,1,0.9995659
1,1,0.5780064
1,1,0.999987
1,1,0.9999982
1,1,0.99997354
1,1,0.99999774
1,1,0.9999957
1,1,0.99999905
1,1,0.99998903
1,1,0.9994987
1,1,0.9999863
1,1,0.9999981
1,1,0.99183077
1,1,0.9999783
1,1,0.99999356
1,1,0.9937272
1,1,0.9999938
1,1,0.96917635
1,1,0.99762505
1,1,0.99998784
1,1,0.9996209
1,1,0.9999858
1,1,1.0
1,1,0.9999994
1,1,0.9999114
1,1,0.99997735
1,1,0.99996436
1,1,0.99998593
1,1,0.9999443
1,1,0.9999995
1,1,0.9999994
1,1,0.99992204
1,1,0.99996495
1,1,0.99986863
1,1,0.99991035
1,1,0.76872134
1,1,0.99993134
1,1,0.9998599
1,1,0.9999945
1,1,0.999926
1,1,0.9989135
1,1,0.99999535
1,1,0.999998
1,1,0.9999263
1,1,0.99999547
1,1,0.9999995
1,1,0.9998332
1,1,0.9999938
1,1,0.99634653
1,1,0.99869543
1,1,0.9999316
1,1,0.99999857
1,1,0.99999654
1,1,0.9983405
1,1,0.9999945
1,1,0.9999994
1,1,0.99999976
1,1,0.9967012
1,1,0.9999907
1,1,0.9999993
1,1,0.9999734
1,1,0.9999801
1,1,0.9999994
1,1,0.99999
1,1,0.9998975
1,1,0.9994393
1,1,0.9998553
1,1,0.87470937
1,1,0.9999498
1,1,0.9999684
1,1,0.9992661
1,1,0.999826
1,1,0.99999857
1,1,0.99999785
1,1,0.99991417
1,1,0.9976591
1,1,0.9999945
1,1,0.99107176
1,1,0.9983656
1,1,0.9999622
1,1,0.99998224
1,1,0.8254325
1,1,0.99997175
1,1,0.99957675
1,1,0.9985102
1,1,0.9999906
1,1,0.99999785
1,1,0.99994326
1,1,0.9999949
1,1,0.99983084
1,1,0.99994147
1,1,0.999992
1,1,0.99882334
1,1,0.9994542
1,1,0.99995744
1,1,0.99999845
1,1,0.9999279
1,1,0.9975904
1,0,0.019540079
1,1,0.99645835
1,1,0.9999964
1,1,0.9999994
1,1,0.99999714
1,1,0.99999475
1,1,0.9999982
1,1,0.9721156
1,1,0.99999654
1,1,0.9999988
1,1,0.9996264
1,1,0.99999917
1,1,0.9999987
1,1,0.9999949
1,1,0.9999989
1,1,0.9999862
1,1,0.99903214
1,0,0.10739658
1,1,0.9998852
1,1,0.999967
1,1,0.9999666
1,1,0.999913
1,1,0.997609
1,1,0.99938345
1,1,0.9999893
1,1,0.9999981
1,1,0.9999894
1,1,0.99990714
1,1,0.9999112
1,1,0.9977132
1,1,0.9999701
1,1,0.9999591
1,1,0.99212223
1,1,0.9999846
1,1,0.9999417
1,1,0.99999917
1,1,0.9999993
1,1,0.9899586
1,1,0.9999988
1,1,0.9999392
1,1,0.99999714
1,1,0.9999515
1,1,0.9999702
1,1,0.9999801
1,1,0.9999945
1,1,0.9999466
1,0,0.029320484
1,1,0.9999975
1,1,0.99999666
1,1,0.9999728
1,1,0.9999789
1,1,0.9991748
1,1,0.9999995
1,1,0.9999316
1,1,0.9977132
1,1,0.86395997
1,1,0.9999999
1,0,0.093153976
1,1,0.9999455
1,1,0.99998903
1,1,0.9994454
1,1,0.99537563
1,1,0.99999666
1,1,0.99944526
1,1,0.9999982
1,1,0.9999987
1,1,0.99999905
1,1,0.9999547
1,1,0.999966
1,1,0.99999
1,1,0.99979347
1,1,0.99999917
1,1,0.99996734
1,1,0.99999833
1,1,0.9999901
1,1,0.9999995
1,1,0.99999416
1,1,0.9993692
1,1,0.99987113
1,1,0.99569005
1,1,0.99991906
1,1,0.99999547
1,1,0.9999907
1,1,0.59621596
1,1,0.9999993
1,1,0.9999988
1,1,0.99997234
1,1,0.99996555
1,1,0.9999862
1,1,0.9999223
1,1,0.99999654
1,1,0.7911506
1,1,0.9998196
1,1,0.9999951
1,1,0.99999774
1,1,0.9997613
1,1,0.9999914
1,1,0.9999652
1,1,0.99908936
1,1,0.99999726
1,1,0.9987501
1,1,0.99999845
1,1,0.55489177
1,1,0.98294675
1,1,0.999941
1,1,0.9999708
1,1,0.9997403
1,1,0.9996941
1,1,0.99951816
1,1,0.99978703
1,1,0.99997294
1,1,0.99999964
1,1,0.99995196
1,1,0.99216074
1,1,0.9999645
1,1,0.99953115
1,1,0.9993149
1,1,0.9693895
1,1,0.96526873
1,1,0.96745265
1,1,0.9999964
1,1,0.9999871
1,1,0.999979
1,1,0.99999297
1,1,0.93238044
1,1,0.9993457
1,1,0.99941003
1,1,0.99999785
1,1,0.99999225
1,1,0.9999945
1,1,0.9999964
1,1,0.99337727
1,1,0.9999763
1,1,0.98195684
1,1,0.9997404
1,1,0.9997745
1,0,0.011561382
1,1,0.99999976
1,1,0.9999925
1,1,0.9999969
1,1,0.99667585
1,1,0.9999634
1,1,0.99999535
1,1,0.9999981
1,0,0.003168578
1,1,0.9999776
1,1,0.9999982
1,1,0.999933
1,1,0.9998741
1,0,0.23459968
1,1,0.99997115
1,1,0.99999917
1,1,0.94330037
1,1,0.99958616
1,1,0.9994874
1,1,0.99998903
1,1,0.9999976
1,1,0.99999404
1,0,0.18163997
1,1,0.9999994
1,1,0.9999989
1,1,0.97454435
1,1,0.9999976
1,1,0.99962974
1,1,0.9999658
1,1,0.9999989
1,1,0.78702843
1,1,0.99985516
1,1,0.9999832
1,1,0.9999976
1,1,0.94638896
1,1,0.9999839
1,1,0.99998784
1,1,0.99587953
1,1,0.99999845
1,1,0.9985109
1,1,0.9999958
1,1,0.9999987
1,1,0.99901235
1,1,0.9999819
1,1,0.9194468
1,1,0.9980393
1,1,0.9999999
1,1,0.99998796
1,1,0.99999917
1,1,0.99957234
1,1,0.9999224
1,1,0.99999523
1,1,0.99999905
1,1,0.9866164
1,1,0.99999905
1,1,0.9999994
1,1,0.99999225
1,1,0.99999654
1,1,0.99999833
1,1,0.9999925
1,1,0.9997789
1,1,0.99999297
1,1,0.99996185
1,1,0.99999964
1,1,0.99989927
1,1,0.9999399
1,1,0.9998282
1,1,0.9998721
1,1,0.9987398
1,1,0.9999995
1,1,0.9999989
1,1,0.9665273
1,1,0.999997
1,1,0.99947494
1,1,0.9999995
1,1,0.9994717
1,1,0.9995958
1,1,0.9991891
1,1,0.9999962
1,1,0.9999994
1,1,0.9998783
1,1,0.99999905
1,1,0.9999496
1,1,0.9993599
1,1,0.9996538
1,1,0.99999106
1,1,0.99989843
1,1,0.9999958
1,1,0.9794404
1,1,0.9999851
1,1,0.99999475
1,1,0.99993706
1,1,0.99999774
1,1,0.999861
1,1,0.99949956
1,1,0.9999099
1,1,0.99999964
1,1,0.99663347
1,1,0.9998808
1,1,0.9999957
1,1,0.8261897
1,1,0.9999938
1,1,0.9999995
1,1,0.99969673
1,1,0.99916756
1,1,0.9998394
1,1,0.99970716
1,1,0.9999722
1,1,0.9991941
1,1,0.999944
1,1,0.99999475
1,1,0.9999819
1,1,0.99989104
1,1,0.9999896
1,1,0.99994767
1,0,0.061390582
1,1,0.99999285
1,1,0.99998045
1,1,0.9999578
1,1,0.9999896
1,1,0.99979883
1,1,0.9999944
1,1,0.94781184
1,1,0.99991965
1,1,0.99990773
1,1,0.760134
1,1,0.99999964
1,1,0.9999136
1,1,0.9999995
1,1,0.99995565
1,1,0.9984486
1,1,0.99999976
1,1,0.9988549
1,1,0.8835545
1,1,0.99972874
1,1,0.99982953
1,1,0.99737406
1,1,0.99989724
1,1,0.99999297
1,1,0.99997663
1,1,0.9999964
1,1,0.99998426
1,1,0.99999917
1,1,0.9999614
1,1,0.99995136
1,1,0.98897225
1,1,0.9999968
1,1,0.9999989
1,1,0.99999964
1,1,0.9999987
1,1,0.99997854
1,0,0.20606852
1,1,0.9574064
1,1,0.9999993
1,1,0.99999785
1,0,0.27234682
1,1,0.99999046
1,1,0.99999857
1,1,0.9999988
1,1,0.99999654
1,1,0.99999964
1,1,0.8403946
1,1,0.5624611
1,1,0.9988387
1,1,0.9989755
1,1,0.99962807
1,1,0.9941012
1,1,0.99999857
1,1,0.99996376
1,1,0.9998771
1,1,0.99999416
1,1,0.99996674
1,1,0.9999925
1,1,0.9999932
1,1,0.9999995
1,1,0.99999845
1,1,0.9999994
1,1,0.97412384
1,1,0.99853694
1,1,0.9999918
1,1,0.98625886
1,1,0.9999989
1,1,0.99999964
1,1,0.9149628
1,1,0.9999293
1,1,0.9999713
1,1,0.99993694
1,1,0.99999607
1,1,0.99996126
1,1,0.994558
1,1,0.747143
1,1,0.9997161
1,1,0.9512024
1,1,0.9999993
1,1,0.9973568
1,1,0.9987895
1,0,0.42479926
1,1,0.99999917
1,1,0.99910766
1,1,0.99998724
1,1,0.9957873
1,1,0.9998512
1,1,0.9999783
1,1,0.960877
1,1,0.9999938
1,1,0.99999595
1,1,0.99999857
1,1,0.9944133
1,1,0.9999827
1,1,0.9999975
1,1,0.99991083
1,1,0.99856734
1,1,0.9998801
1,1,0.99994636
1,1,0.99999547
1,1,0.9999784
1,1,0.6428297
1,1,0.99999774
1,1,0.9999982
1,1,0.99964726
1,1,0.9999684
1,1,0.99998295
1,1,0.9983113
1,1,0.99990165
1,1,0.99977857
1,1,0.9999975
1,1,0.9993674
1,1,0.9999285
1,0,0.009458155
1,1,0.99999166
1,1,0.9999902
1,1,0.99598444
1,1,0.99909973
1,1,0.99999523
1,1,0.980146
1,1,0.9999999
1,1,0.9999727
1,1,0.99951065
1,1,0.99996305
1,1,0.9999933
1,1,0.9999082
1,1,0.9999963
1,1,0.9991872
1,1,0.9999957
1,1,0.9999995
1,1,0.9998944
1,1,0.968439
1,1,0.99999523
1,1,0.999426
1,1,0.99999905
1,1,0.99989784
1,1,0.999729
1,1,0.9998909
1,1,0.9999989
1,1,0.99953413
1,1,0.9999995
1,1,0.99999285
1,1,0.99999154
1,0,0.22455204
1,1,0.99999905
1,1,0.99999595
1,1,0.99999785
1,1,0.9999924
1,1,0.9998043
1,1,0.99990606
1,1,0.9999393
1,1,0.9999943
1,1,0.99993145
1,1,0.9999895
1,1,0.99999607
1,1,0.99963236
1,1,0.9929321
1,1,0.99941206
1,1,0.999998
1,1,0.9999765
1,1,0.99982893
1,1,0.99999475
1,1,0.9999963
1,1,0.99999213
1,1,0.99986744
1,1,0.99998903
1,1,0.99998176
1,1,0.99998164
1,1,0.9999937
1,1,0.99999356
1,1,0.99999225
1,1,0.9999914
1,1,0.9999976
1,1,0.9999479
1,1,0.99830806
1,1,0.9999995
1,1,0.99999976
1,1,0.99979085
1,1,0.9999924
1,1,0.99999964
1,1,0.99806136
1,1,0.9999639
1,1,0.9999943
1,1,0.99999464
1,1,0.9999845
1,1,0.98549706
1,1,0.9999914
1,1,0.9999907
1,1,0.99962306
1,1,0.9999982
1,1,0.9999988
1,1,0.68760306
1,1,0.99554163
1,1,0.99993694
1,1,0.99826753
1,1,0.99999654
1,1,0.9999
1,1,0.99999857
1,1,0.8191452
1,1,0.99998844
1,1,0.9994742
1,1,0.9263815
1,1,0.9999993
1,1,0.9999962
1,1,0.9990565
1,1,0.9604256
1,1,0.9999827
1,1,0.99995077
1,1,0.5050534
1,1,0.9999958
1,1,0.7954689
1,1,0.995937
1,1,0.9054169
1,1,0.9999976
1,1,0.9999919
1,1,0.9999993
1,1,0.8444122
1,1,0.99593663
1,1,0.9999951
1,1,0.999775
1,1,0.99959797
1,1,0.99999654
1,1,0.9999021
1,1,0.9999876
1,1,0.99981934
1,1,0.9811122
1,1,0.9996635
1,1,0.9998807
1,1,0.99999964
1,1,0.9999832
1,1,0.999998
1,1,0.9999987
1,1,0.94806105
1,1,0.99964726
1,1,0.99978024
1,1,0.99275935
1,1,0.9999857
1,1,0.99999726
1,1,0.9955674
1,1,0.9997086
1,1,0.9991684
1,1,0.99999595
1,1,0.99999976
1,1,0.9999716
1,1,0.9999987
1,1,0.99995327
1,1,0.9999739
1,1,0.94492877
1,1,0.9999578
1,1,0.99998677
1,1,0.99998903
1,1,0.9995722
1,1,0.99975127
1,1,0.99995565
1,1,0.99999857
1,1,0.9999933
1,1,0.99214315
1,1,0.99999344
1,1,0.98933315
1,1,0.99998355
1,1,0.9999962
1,1,0.99766374
1,1,0.99999845
1,1,0.9956864
1,1,0.9999746
1,1,0.99999034
1,1,0.9924664
1,1,0.99998677
1,1,0.9999913
1,1,0.9999757
1,1,0.9999988
1,1,0.99999917
1,1,0.99940395
1,1,0.99909186
1,1,0.99946696
1,1,0.99997497
1,1,0.996053
1,1,0.9999584
1,0,0.38245723
1,1,0.999998
1,1,0.9999999
1,1,0.9999988
1,1,0.9999335
1,1,0.99998295
1,1,0.9999926
1,1,0.9999993
1,1,0.99999714
1,1,0.9997249
1,1,0.99534494
1,1,0.999992
1,1,0.9999999
1,1,0.99996805
1,1,0.99988127
1,1,0.99998903
1,1,0.98370576
1,1,0.863655
1,1,0.999742
1,1,0.9999989
1,1,0.99910754
1,1,0.9999684
1,1,0.999977
1,1,0.99999976
1,1,0.99997914
1,1,0.9958633
1,1,0.9817253
1,0,0.014634478
1,1,0.9999976
1,1,0.999607
1,1,0.9999491
1,1,0.99999964
1,1,0.999998
1,1,0.991856
1,1,0.99996376
1,1,0.9998832
1,1,0.99987805
1,1,0.9999989
1,1,0.99999547
1,1,0.99998736
1,1,0.9999982
1,1,0.9999838
1,1,0.99996793
1,1,0.9999949
1,1,0.88419443
1,1,0.9999263
1,1,0.99968946
1,1,0.99937266
1,1,0.99995816
1,1,0.9947871
1,1,0.9998708
1,1,0.99996185
1,1,0.9992023
1,1,0.99794155
1,1,0.9989184
1,1,0.99999666
1,1,0.9999423
1,1,0.99927884
1,1,0.9999939
1,1,0.9999155
1,1,0.9999621
1,1,0.9994911
1,1,0.9997614
1,1,0.99392056
1,1,0.9997938
1,1,0.99930155
1,1,0.99999833
1,1,0.99999595
1,1,0.9999933
1,1,0.99995625
1,1,0.99949944
1,1,0.99999905
1,1,0.999706
1,1,0.88355947
1,1,0.9997614
1,1,0.999556
1,1,0.99992657
1,1,0.9999894
1,1,0.91611075
1,1,0.9999987
1,1,0.9999982
1,1,0.9999931
1,1,0.999998
1,1,0.9999993
1,1,0.9999807
1,1,0.99999845
1,1,0.9999974
1,1,0.9998474
1,1,0.9997569
1,1,0.99999535
1,1,0.9837911
1,1,0.99994946
1,1,0.9999883
1,1,0.991089
1,1,0.99763215
1,1,0.99995065
1,1,0.99999523
1,1,0.99998736
1,1,0.9991364
1,1,0.62973404
1,1,0.99999595
1,1,0.99313897
1,1,0.9999089
1,1,0.9990526
1,1,0.9999274
1,1,0.9999707
1,1,0.99999905
1,1,0.9999995
1,1,0.99996567
1,1,0.9939129
1,1,0.9999994
1,1,0.99995756
1,0,0.04029455
1,1,0.99998796
1,1,0.9999155
1,1,0.9999968
1,1,0.9623764
1,1,0.9998368
1,1,0.99989796
1,1,0.99999714
1,1,0.998035
1,1,0.9999807
1,1,0.99999905
1,1,0.97879237
1,1,0.997157
1,1,0.9998696
1,1,0.81327605
1,1,0.9971595
1,1,0.999206
1,1,0.97965527
1,1,0.99652547
1,1,0.99999833
1,1,0.99792296
1,1,0.979454
1,1,0.9999958
1,1,0.99999285
1,1,0.99998724
1,1,0.9999912
1,1,0.9999938
1,1,0.97311836
1,1,0.9999039
1,1,0.9991543
1,1,0.9999994
1,1,0.9999535
1,1,0.99851435
1,1,0.9999268
1,1,0.9996953
1,1,0.99999917
1,0,0.26795924
1,1,0.9999931
1,1,0.99998534
1,1,0.9871559
1,1,0.9999995
1,1,0.8621658
1,1,0.999514
1,1,0.9999989
1,1,0.99999416
1,1,0.9999856
1,1,0.99990535
1,1,0.9895158
1,1,0.9999013
1,1,0.9995521
1,1,0.9999976
1,1,0.99998987
1,1,0.9999933
1,1,0.9999666
1,1,0.99996936
1,1,0.99964786
1,1,0.9999672
1,1,0.99999964
1,1,0.99999356
1,1,0.99998915
1,1,0.99979955
1,1,0.9958477
1,1,0.9996824
1,1,0.9999496
1,1,0.9999807
1,1,0.99984384
1,1,0.9999378
1,1,0.9999714
1,1,0.99999404
1,1,0.999742
1,1,0.99998796
1,1,0.99827445
1,1,0.9991455
1,1,0.9999192
1,1,0.9997303
1,1,0.99999917
1,1,0.9998468
1,1,0.95692134
1,1,0.99999964
1,1,0.9985538
1,1,0.98427397
1,1,0.99991274
1,1,0.9282539
1,1,0.9999999
1,1,0.9999869
1,1,0.9999949
1,1,0.99998665
1,1,0.9997192
1,1,0.99707115
1,1,0.9978085
1,1,0.99999297
1,1,0.9940566
1,0,0.49309146
1,1,0.9999994
1,1,0.9999932
1,1,0.99999714
1,1,0.9998944
1,1,0.9833024
1,1,0.99976903
1,1,0.9999976
1,1,0.9954277
1,1,0.9999974
1,1,0.9999999
1,1,0.9992481
1,1,0.99999976
1,0,0.0054740803
1,1,0.57468545
1,1,0.9999982
1,1,0.99999833
1,1,0.9999995
1,1,0.99997616
1,1,0.99998593
1,1,0.97606635
1,1,0.99997354
1,1,0.99998546
1,1,0.9999968
1,1,0.9999994
1,1,0.67440695
1,1,0.9999895
1,1,0.999998
1,1,0.99998593
1,1,0.9988845
1,1,0.99999344
1,1,0.99977
1,1,0.99987805
1,1,0.9999995
1,1,0.99998844
1,1,0.9999989
1,1,0.999997
1,1,0.9996437
1,1,0.976115
1,1,0.9996178
1,1,0.9999435
1,1,0.9971746
1,1,0.9999924
1,1,0.99303025
1,1,0.986038
1,1,0.759987
1,1,0.99988925
1,1,0.9999994
1,1,0.999966
1,1,0.98673624
1,1,0.99999917
1,1,0.99993765
1,1,0.9999962
1,1,0.99478334
1,1,0.99242884
1,1,0.9991887
1,1,0.99997234
1,1,0.9999857
1,1,0.9999988
1,1,0.99975747
1,1,0.9978237
1,1,0.9999962
1,1,0.9843849
1,1,0.99942786
1,1,0.9999819
1,1,0.99999845
1,1,0.99952996
1,1,0.99999547
1,1,0.99998474
1,1,0.9973127
1,1,0.99999356
1,1,0.99998
1,1,0.9999273
1,1,0.99999917
1,1,0.99292
1,1,0.99999964
1,1,0.9999577
1,1,0.9999701
1,1,0.99683076
1,1,0.99999535
1,1,0.99999726
1,1,0.9999993
1,1,0.9998722
1,1,0.98547214
1,1,0.9998801
1,1,0.99997675
1,1,0.9999802
1,1,0.9999988
1,1,0.9997825
1,1,0.9989079
1,1,0.99999213
1,1,0.99999964
1,1,0.999987
1,1,0.999871
1,1,0.9999999
1,1,0.99948454
1,1,0.9999976
1,1,0.9969494
1,1,0.9999312
1,1,0.99999857
1,1,0.9999057
1,1,0.99987507
1,1,0.87551093
1,1,0.99999917
1,1,0.99999964
1,1,0.9999894
1,1,0.99999964
1,1,0.9832274
1,1,0.99971753
1,1,0.99998486
1,1,0.9999999
1,1,0.99574935
1,1,0.99982965
1,1,0.99911875
1,1,0.9996635
1,1,0.99822205
1,1,0.9999182
1,1,0.9999758
1,0,0.19082087
1,1,0.9999969
1,1,0.9985505
1,1,0.9999976
1,1,0.9951462
1,1,0.9993748
1,1,0.9999906
1,1,0.9999993
1,1,0.9998473
1,1,0.9999987
1,1,0.99998784
1,1,0.99999475
1,1,0.99995923
1,1,0.9999858
1,1,0.9999963
1,1,0.9999937
1,1,0.99999034
1,1,0.999905
1,1,0.99998367
1,1,0.99982375
1,1,0.9999982
1,1,0.9999844
1,1,0.99991083
1,1,0.9999527
1,1,0.9996555
1,1,0.99999976
1,1,0.9999851
1,1,0.99996793
1,1,0.99997795
1,1,0.9999559
1,1,0.9998977
1,1,0.9999629
1,1,0.99999905
1,1,0.9848748
1,1,0.9999995
1,1,0.9999931
1,1,0.99592006
1,1,0.9999982
1,1,0.9999987
1,1,0.99999976
1,1,0.99999917
1,1,0.9999968
1,1,0.99969256
1,1,0.9997923
1,1,0.9998185
1,1,0.99995565
1,1,0.96601915
1,1,0.9999291
1,1,0.99998033
1,1,0.99999106
1,1,0.99993944
1,1,0.9999914
1,1,0.99999774
1,1,0.999995
1,1,0.9999057
1,1,0.8596778
1,1,0.9999989
1,1,0.99994135
1,1,0.99913555
1,1,0.9998129
1,1,0.99999714
1,1,0.99999106
1,1,0.99589276
1,1,0.99999046
1,1,0.9982728
1,1,0.86952955
1,1,0.9999833
1,1,0.99999726
1,1,0.99981743
1,1,0.99991655
1,1,0.9999956
1,1,0.9970651
1,1,0.9999325
1,1,0.9999243
1,1,0.99999917
1,1,0.99999714
1,1,0.999985
1,1,0.99974674
1,1,0.9998609
1,1,0.99999774
1,1,0.9999863
1,1,0.99958175
1,1,0.99999774
1,1,0.99999344
1,1,0.9990858
1,1,0.9999411
1,1,0.9999968
1,1,0.9999988
1,1,0.99996674
1,1,0.99999356
1,1,0.99999464
1,1,0.9893555
1,1,0.9999958
1,1,0.9955472
1,1,0.999918
1,1,0.9999989
1,1,0.99616385
1,1,0.99999905
1,1,0.9999733
1,1,0.99997234
1,1,0.9856894
1,1,0.9995932
1,1,0.9989396
1,1,0.99999404
1,1,0.9999906
1,1,0.9977458
1,1,0.9999956
1,1,0.9999976
1,1,0.99999774
1,1,0.9540867
1,1,0.99432474
1,1,0.9999882
1,1,0.999987
1,1,0.9944772
1,1,0.99998903
1,1,0.99808973
1,1,0.9999951
1,1,0.9999988
1,1,0.9999981
1,1,0.9999969
1,1,0.9999894
1,1,0.9999813
1,1,0.9999826
1,1,0.9997459
1,1,0.9999862
1,1,0.54690856
1,1,0.9998535
1,1,0.99976724
1,1,0.92292345
1,1,0.9999877
1,1,0.9999765
1,1,0.9999995
1,1,0.9999827
1,1,0.9995702
1,1,0.9999839
1,1,0.99999976
1,1,0.99999917
1,1,0.99997425
1,1,0.9999896
1,1,0.98883444
1,1,0.9999515
1,1,0.99999905
1,1,0.99998415
1,1,0.99996936
1,1,0.99998236
1,1,0.99999666
1,1,0.9999306
1,1,0.9999994
1,1,0.8784821
1,1,0.9999639
1,1,0.98720443
1,1,0.9982216
1,1,0.50551414
1,1,0.9999925
1,1,0.9970439
1,1,0.99993885
1,1,0.9999981
1,1,0.9999075
1,1,0.9541243
1,1,0.99291384
1,1,0.99999857
1,1,0.9995603
1,1,0.9998493
1,1,0.9999912
1,0,0.4596605
1,1,0.9996476
1,1,0.9987394
1,1,0.99996936
1,1,0.9999962
1,1,0.9999746
1,1,0.99936646
1,1,0.9999548
1,1,0.99999774
1,1,0.9999378
1,1,0.9999989
1,1,0.9999106
1,1,0.99993575
1,1,0.9999949
1,1,0.9987091
1,1,0.99987733
1,1,0.99997354
1,1,0.9999995
1,1,0.9999682
1,1,0.99999344
1,1,0.9981932
1,1,0.9999871
1,1,0.99830997
1,1,0.99998224
1,1,0.99997234
1,1,0.9999999
1,1,0.99999213
1,1,0.9997831
1,1,0.9999665
1,1,0.999948
1,1,0.9999274
1,1,0.9999883
1,1,0.9977488
1,1,0.99999607
1,1,0.9974291
1,1,0.9988932
1,1,0.8707006
1,1,0.9999987
1,1,0.9999994
1,1,0.99923134
1,1,0.9999995
1,1,0.999992
1,1,0.99993086
1,1,0.99991715
1,1,0.9999337
1,1,0.99999404
1,1,0.9999927
1,1,0.9620172
1,1,0.99999976
1,1,0.99999464
1,1,0.99999154
1,0,0.015905488
1,1,0.9999982
1,1,0.999995
1,1,0.99999464
1,1,0.9973688
1,1,0.99994135
1,1,0.9999976
1,1,0.9866127
1,1,0.9996729
1,1,0.9999881
1,1,0.9999988
1,1,0.9999852
1,1,0.9999887
1,1,0.9999882
1,1,0.9999989
1,1,0.99999523
1,1,0.7370893
1,1,0.9999851
1,1,0.9999602
1,1,0.99999964
1,1,0.99999976
1,0,0.4043854
1,1,0.9998092
1,1,0.99999976
1,1,0.9999993
1,1,0.99999917
1,1,0.999992
1,1,0.999954
1,1,0.9995425
1,1,0.99497485
1,1,0.99816895
1,1,0.9999964
1,1,0.9821836
1,1,0.99999356
1,1,0.9998627
1,1,0.9999571
1,1,0.9999995
1,1,0.999617
1,1,0.9998925
1,1,0.9999502
1,1,0.9918493
1,1,0.99999595
1,1,0.9999609
1,1,0.9967057
1,1,0.9999994
1,1,0.99989974
1,1,0.99996865
1,1,0.9997265
1,1,0.99990463
1,1,0.99998224
1,1,0.99968946
1,1,0.9998281
1,1,0.999997
1,1,0.99998426
1,1,0.9999995
1,1,0.99997103
1,1,0.9997358
1,1,0.9999807
1,1,0.9999732
1,1,0.9999844
1,0,0.007624785
1,1,0.99989855
1,1,0.99999976
1,1,0.99999976
1,1,0.99995255
1,1,0.9927071
1,1,0.999997
1,1,0.9672907
1,1,0.99658966
1,1,0.999997
1,1,0.77536964
1,1,0.9999639
1,1,0.99999845
1,1,0.9999622
1,1,0.9999826
1,1,0.9999968
1,1,0.95590377
1,1,0.9998404
1,1,0.9999559
1,1,0.99999905
1,1,0.9999645
1,1,0.99997807
1,1,0.9999732
1,1,0.9994429
1,1,0.9998772
1,1,0.99999976
1,1,0.999861
1,1,0.99994826
1,1,0.9812424
1,1,0.99999964
1,1,0.99999785
1,1,0.9982381
1,1,0.8827339
1,1,0.999997
1,1,0.99999535
1,1,0.9999832
1,1,0.9999027
1,1,0.9999976
1,1,0.99999833
1,1,0.9998072
1,1,0.99998593
1,1,0.99994206
1,1,0.99867404
1,1,0.9999987
1,1,0.9999962
1,1,0.9999968
1,1,0.99999666
1,1,0.9999914
1,1,0.999998
1,1,0.99999344
1,1,0.99992526
1,1,0.9999999
1,1,0.9994648
1,1,0.99929225
1,1,0.9998356
1,1,0.9833347
1,1,0.9997074
1,1,0.99972206
1,1,0.999995
1,1,0.99999475
1,1,0.9552382
1,1,0.9997845
1,1,0.99996626
1,1,0.9863123
1,1,0.99997866
1,1,0.9703841
1,1,0.9999974
1,1,0.99816054
1,1,0.9990446
1,1,0.9999777
1,0,0.12211991
1,1,0.9999968
1,1,0.9999963
1,1,0.9992853
1,1,0.9999732
1,1,0.99999297
1,1,0.9999914
1,1,0.9986719
1,1,0.9999956
1,1,0.99997807
1,1,0.99999535
1,1,0.9999956
1,1,0.9999994
1,1,0.99999976
1,1,0.99998903
1,1,0.99982774
1,1,0.9999995
1,1,0.9999914
1,1,0.9998877
1,1,0.99995804
1,1,0.83400023
1,1,0.99999833
1,1,0.9999963
1,1,0.999997
1,1,0.92708415
1,1,0.9999484
1,1,0.9999943
1,1,0.9998903
1,1,0.99910766
1,1,0.9999924
1,1,0.9996176
1,1,0.99999917
1,1,0.9999987
1,1,0.99998856
1,1,0.9999975
1,1,0.9999633
1,1,0.9870314
1,1,0.99999595
1,1,0.97209215
1,0,0.0013332157
1,1,0.99978465
1,1,0.99999976
1,1,0.99990404
1,1,0.99971324
1,1,0.99978846
1,1,0.999997
1,1,0.9994407
1,1,0.9991868
1,1,0.9988148
1,1,0.9999987
1,1,0.9999851
1,1,0.9999403
1,1,0.9980635
1,1,0.9980228
1,1,0.9999747
1,1,0.9999993
1,1,0.9999943
1,1,0.9976701
1,1,0.9999567
1,1,0.8650094
1,1,0.9974899
1,1,0.9999924
1,1,0.9999918
1,1,0.9996176
1,1,0.9999938
1,1,0.99999964
1,1,0.99999964
1,1,0.9998561
1,1,0.99999774
1,1,0.9999995
1,1,0.99833834
1,1,0.8625265
1,1,0.9999906
1,1,0.89501905
1,1,0.9999094
1,1,0.99457425
1,1,0.9999945
1,1,0.9999932
1,1,0.9999689
1,1,0.9997398
1,1,0.9999951
1,1,0.9996387
1,1,0.7076024
1,1,0.9999999
1,1,0.99999607
1,1,0.9999167
1,1,0.9999951
1,0,0.0022781533
1,1,0.9999988
1,1,0.9999627
1,1,0.9999776
1,1,0.99854386
1,1,0.9997863
1,1,0.99999845
1,1,0.9999999
1,1,0.99999845
1,1,0.9999924
1,1,0.9999875
1,1,0.9999516
1,0,0.14879273
1,1,0.99997795
1,1,0.9999422
1,1,0.99999785
1,1,0.99998224
1,1,0.9999994
1,1,0.9999994
1,1,0.999876
1,1,0.9999931
1,1,0.9999505
1,1,0.99999106
1,1,0.99905795
1,1,0.99988663
1,1,0.99997604
1,1,0.99999964
1,1,0.99999857
1,1,0.9999846
1,1,0.9999999
1,1,0.9999987
1,1,0.9997594
1,1,0.9999882
1,1,0.99995327
1,1,0.9999875
1,1,0.99833316
1,1,0.99999344
1,1,0.9999982
1,1,0.9999993
1,1,0.99912876
1,1,0.99999917
1,1,0.99323046
1,1,0.9999951
1,1,0.93544775
1,1,0.9999938
1,1,0.9999821
1,1,0.9999776
1,1,0.9988462
1,1,0.99992394
1,1,0.9996074
1,1,0.99998426
1,1,0.9996331
1,1,0.99996233
1,1,0.99999833
1,1,0.999982
1,1,0.999995
1,1,0.99999976
1,1,0.99948716
1,1,0.9958131
1,1,0.99981576
1,1,0.99988866
1,1,0.9999994
1,1,0.9999926
1,1,0.99969006
1,1,0.9999999
1,1,0.8771189
1,1,0.9963695
1,1,0.9999963
1,1,0.99999833
1,1,0.99999833
1,1,0.9999927
1,1,0.9999982
1,1,0.99960667
1,1,0.99999774
1,1,0.9292376
1,1,0.99999225
1,1,0.99997747
1,1,0.99999523
1,1,0.9960465
1,1,0.99967337
1,0,0.23402566
1,1,0.9999989
1,1,0.9999988
1,1,0.99991477
1,1,0.9999964
1,1,0.99997747
1,1,0.9998975
1,1,0.99998426
1,1,0.9999956
1,1,0.9993893
1,1,0.97859746
1,1,0.999998
1,1,0.9991605
1,1,0.9999993
1,1,0.99998164
1,1,0.99983513
1,1,0.9999995
1,1,0.99994445
1,1,0.99998057
1,1,0.9999831
1,1,0.9999906
1,1,0.9999757
1,1,0.9978992
1,1,0.9974613
1,1,0.9999678
1,1,0.99624854
1,1,0.8586339
1,1,0.9999995
1,1,0.99941623
1,1,0.9999988
1,1,0.99999714
1,1,0.9999989
1,1,0.99998415
1,1,0.99986446
1,1,0.99647635
1,1,0.99853766
1,1,0.9998412
1,1,0.99863464
1,1,0.99744594
1,1,0.9999567
1,1,0.9965521
1,1,0.99999475
1,1,0.991572
1,1,0.99999213
1,1,0.99985397
1,1,0.998548
1,1,0.999998
1,1,0.99999714
1,1,0.99999917
1,1,0.9999993
1,1,0.999997
1,1,0.999982
1,1,0.9999808
1,1,0.9936718
1,1,0.9999949
1,1,0.99943155
1,1,0.9999912
1,1,0.96388274
1,1,0.76192933
1,1,0.99999547
1,1,0.99999857
1,1,0.99999857
1,1,0.9996866
1,1,0.999944
1,1,0.9936957
1,1,0.9985827
1,1,0.9991973
1,1,0.99998367
1,1,0.99999166
1,1,0.99998915
1,1,0.9995745
1,1,0.99999654
1,1,0.99999166
1,1,0.9998523
1,1,0.999984
1,1,0.99947816
1,1,0.99938655
1,1,0.99999964
1,1,0.99999416
1,1,0.99999917
1,1,0.98480105
1,1,0.9999993
1,1,0.99872357
1,1,0.9999826
1,1,0.9999987
1,1,0.9996433
1,1,0.5269691
1,1,0.9999969
1,1,0.99998665
1,1,0.9725146
1,1,0.9999895
1,1,0.99996316
1,1,0.9999988
1,1,0.9999728
1,1,0.9999734
1,1,0.99999416
1,1,0.99999917
1,1,0.99997246
1,1,0.9995134
1,1,0.99999714
1,1,0.99997425
1,1,0.99992764
1,1,0.99999964
1,1,0.9999975
1,1,0.99999905
1,1,0.9999864
1,1,0.9992162
1,1,0.9999813
1,1,0.9998851
1,1,0.9999846
1,1,0.99993825
1,1,0.9903723
1,1,0.9999975
1,1,0.9981558
1,1,0.99999034
1,1,0.9999924
1,1,0.99998665
1,1,0.91304713
1,1,0.9999876
1,1,0.9999486
1,1,0.99892044
1,1,0.9999745
1,1,0.9999993
1,1,0.9993262
1,1,0.9999802
1,1,0.99286216
1,1,0.9878033
1,1,0.9855202
1,1,0.9999107
1,1,0.99971575
1,1,0.99987864
1,1,0.99995756
1,1,0.9999995
1,1,0.99994683
1,1,0.9999994
1,1,0.9997254
1,1,0.7488107
1,1,0.9971103
1,1,0.9980234
1,1,0.99972314
1,1,0.9999958
1,1,0.98162395
1,1,0.999997
1,1,0.99997115
1,1,0.9972404
1,1,0.99995947
1,1,0.9996381
1,1,0.99998736
1,1,0.99999535
1,1,0.9999893
1,1,0.99950993
1,1,0.9999993
1,1,0.99992
1,1,0.99993026
1,1,0.999969
1,1,0.9901816
1,1,0.99999905
1,1,0.9998629
1,1,0.99948573
1,1,0.9999999
1,1,0.99994516
1,1,0.9999968
1,1,0.99994946
1,1,0.9967609
1,1,0.993134
1,1,0.9998202
1,1,0.99562126
1,1,0.99995434
1,1,0.99999976
1,1,0.9999883
1,1,0.99999607
1,1,0.9999715
1,1,0.99999917
1,1,0.9998859
1,1,0.9999989
1,1,0.9999734
1,1,0.99999344
1,1,0.99999
1,1,0.99984586
1,1,0.99989605
1,1,0.99998903
1,1,0.99979454
1,1,0.99988353
1,1,0.99999774
1,1,0.99972636
1,1,0.9890287
1,1,0.9999691
1,1,0.99997544
1,1,0.99999976
1,1,0.99999964
1,1,0.99995744
1,1,0.9999751
1,1,0.9999993
1,1,0.9999981
1,1,0.99997973
1,1,0.99953663
1,1,0.9999422
1,1,0.9999807
1,1,0.99624926
1,1,0.9999993
1,1,0.9999956
1,1,0.99999046
1,1,0.9998596
1,1,0.96993184
1,1,0.9999901
1,1,0.9983821
1,1,0.5969988
1,1,0.99999976
1,1,0.9999777
1,1,0.99999154
1,1,0.99995935
1,1,0.99999905
1,1,0.9850248
1,1,0.9999987
1,1,0.9999933
1,1,0.99999785
1,1,0.99999714
1,1,0.99999404
1,1,0.9999994
1,1,0.9999827
1,1,0.9999999
1,1,0.99918276
1,1,0.5252135
1,1,0.99999976
1,1,0.9999995
1,1,0.99999547
1,1,0.99911803
1,1,0.9998648
1,1,0.9999876
1,1,0.54331696
1,1,0.9998566
1,1,0.9998398
1,1,0.9999958
1,1,0.98284334
1,1,0.9999614
1,1,0.9999987
1,1,0.99656916
1,1,0.99999225
1,1,0.9999732
1,1,0.99673706
1,1,0.99999833
1,1,0.99996734
1,1,0.9614781
1,1,0.99999547
1,1,0.9999697
1,1,0.9999994
1,1,0.9999124
1,1,0.99999964
1,1,0.99991643
1,1,0.999471
1,1,0.99878865
1,1,0.9999988
1,1,0.99999607
1,1,0.99997723
1,1,0.99997413
1,1,0.99999833
1,1,0.9976
1,1,0.99999535
1,1,0.9910903
1,1,0.9566329
1,1,0.9465094
1,1,0.9685231
1,1,0.99999917
1,0,0.051645726
1,1,0.9982835
1,1,0.99999976
1,1,0.9999876
1,1,0.9999987
1,1,0.9036294
1,1,0.99702317
1,1,0.9999759
1,1,0.99949026
1,1,0.99855417
1,1,0.99955887
1,1,0.9923733
1,1,0.99959594
1,1,0.99999595
1,1,0.99995816
1,1,0.9999393
1,1,0.9999757
1,1,0.9999926
1,1,0.99979573
1,1,0.9991923
1,1,0.99997246
1,1,0.9999995
1,0,0.01019964
1,1,0.9999999
1,1,0.99998116
1,1,0.99985766
1,1,0.9999362
1,1,0.9999908
1,1,0.99999833
1,0,0.32582998
1,1,0.9998179
1,1,0.99994123
1,1,0.9999987
1,1,0.99991167
1,1,0.9995969
1,1,0.99994767
1,1,0.9057396
1,1,0.9995869
1,1,0.9999918
1,1,0.99382246
1,1,0.77312434
1,1,0.9999726
1,1,0.99781173
1,1,0.99998844
1,1,0.99999595
1,1,0.88151616
1,1,0.99231637
1,1,0.9999937
1,1,0.9980788
1,1,0.99999213
1,1,0.99999833
1,1,0.999689
1,1,0.9999808
1,1,0.9975788
1,1,0.987133
1,1,0.9992601
1,1,0.99998116
1,1,0.99999464
1,1,0.9999912
1,1,0.9999901
1,1,0.99982834
1,1,0.99999964
1,0,0.0069167838
1,1,0.9998703
1,1,0.9775261
1,1,0.9999988
1,1,0.99995196
1,1,0.99894637
1,1,0.9999994
1,1,0.99987125
1,1,0.99999905
1,1,0.9998342
1,1,0.9995838
1,1,0.99999905
1,1,0.9999715
1,1,0.99789774
1,1,0.99957305
1,1,0.99998546
1,1,0.99833965
1,1,0.9996749
1,1,0.9999993
1,1,0.9996221
1,1,0.9999907
1,1,0.95847535
1,1,0.9999995
1,1,0.9995999
1,1,0.9999919
1,1,0.9998772
1,1,0.999992
1,1,0.99979347
1,1,0.8520963
1,1,0.9997516
1,1,0.9999993
1,1,0.9997987
1,1,0.9999255
1,1,0.99999535
1,1,0.9999571
1,0,0.09287196
1,1,0.99997306
1,1,0.99998486
1,1,0.99999845
1,1,0.9999982
1,1,0.9999988
1,1,0.9999937
1,1,0.9999863
1,1,0.9999976
1,1,0.9999709
1,1,0.9996561
1,1,0.9969013
1,1,0.99995637
1,1,0.99892235
1,1,0.999997
1,1,0.99587727
1,1,0.99999845
1,1,0.99999976
1,1,0.9995758
1,1,0.9999677
1,0,0.120341346
1,1,0.99999785
1,1,0.94863
1,1,0.9999989
1,0,0.08918006
1,1,0.96676785
1,1,0.99999917
1,1,0.99999
1,1,0.9999789
1,1,0.9988009
1,1,0.9994312
1,1,0.6112705
1,1,0.9999989
1,1,0.9991603
1,1,0.9999826
1,1,0.9999981
1,1,0.9999925
1,1,0.99961567
1,1,0.99943274
1,1,0.99991703
1,1,0.9994948
1,1,0.99999774
1,1,0.99998593
1,1,0.9996847
1,1,0.9999995
1,1,0.99935585
1,1,0.9138428
1,1,0.99270695
1,1,0.9999362
1,1,0.9999026
1,1,0.99999654
1,1,0.99999774
1,1,0.93703884
1,1,0.9999994
1,1,0.99993277
1,1,0.9999931
1,1,0.99957865
1,1,0.9997925
1,1,0.93461657
1,1,0.999355
1,1,0.99999607
1,1,0.9999323
1,0,0.02957908
1,1,0.9999963
1,1,0.9999995
1,1,0.99997663
1,1,0.9999999
1,1,0.9999994
1,1,0.99997306
1,1,0.9997081
1,1,0.9999987
1,0,0.466641
1,1,0.9992887
1,1,0.9998605
1,1,0.99862385
1,1,0.9997383
1,1,0.9934128
1,1,0.9836765
1,1,0.9998982
1,1,0.9999083
1,1,0.99666226
1,1,0.9999964
1,1,0.9967296
1,1,0.9999981
1,1,0.9999871
1,1,0.9999989
1,0,0.22573692
1,1,0.9988219
1,1,0.9999857
1,1,0.9999181
1,1,0.9991887
1,1,0.99967265
1,1,0.99998
1,1,0.99999845
1,1,0.9999988
1,1,0.9986077
1,1,0.9999975
1,1,0.99954575
1,1,0.99999845
1,1,0.9995396
1,1,0.99999905
1,1,0.9997981
1,1,0.99999964
1,1,0.99934477
1,1,0.99998844
1,1,0.9999994
1,1,0.9982222
1,1,0.99998486
1,1,0.9976362
1,1,0.99996626
1,1,0.99999535
1,1,0.9519667
1,1,0.999866
1,1,0.9998852
1,1,0.99958354
1,1,0.99995244
1,1,0.9999441
1,0,0.034789328
1,1,0.99998355
1,1,0.9999629
1,1,0.9999982
1,1,0.99998796
1,1,0.9999893
1,1,0.99955493
1,1,0.9998772
1,1,0.99999905
1,1,0.99999845
1,1,0.9886258
1,1,0.9999987
1,1,0.99996495
1,1,0.99999964
1,1,0.9982974
1,1,0.9816202
1,1,0.99756634
1,1,0.9999994
1,1,0.9875165
1,1,0.9999685
1,1,0.8984865
1,1,0.9997447
1,1,0.9999205
1,1,0.99988306
1,1,0.9999913
1,1,0.9999925
1,1,0.999997
1,1,0.99999297
1,0,0.07570128
1,1,0.99997556
1,1,0.99509
1,1,0.99999464
1,1,0.9982303
1,1,0.9996815
1,1,0.99984145
1,1,0.9999963
1,1,0.99998474
1,1,0.9999987
1,1,0.9999908
1,1,0.9999889
1,1,0.8256131
1,1,0.9999999
1,1,0.9995158
1,1,0.69428504
1,1,0.9999912
1,1,0.9999968
1,1,0.9994531
1,1,0.99998796
1,1,0.99929273
1,1,0.973318
1,1,0.9999994
1,1,0.8863619
1,1,0.9999994
1,1,0.9999974
1,1,0.854512
1,1,0.9999263
1,1,0.700339
1,1,0.99996746
1,1,0.9997267
1,1,0.9999683
1,1,0.9988404
1,1,0.99995077
1,1,0.9998066
1,1,0.9999876
1,1,0.99999166
1,1,0.9998987
1,1,0.97976625
1,1,0.86011493
1,1,0.9999707
1,1,0.99983263
1,1,0.99999714
1,1,0.9996847
1,1,0.9999864
1,1,0.9999994
1,1,0.99901056
1,1,0.9999901
1,1,0.99954236
1,1,0.99999976
1,1,0.7615116
1,1,0.9999881
1,1,0.99999917
1,1,0.9967753
1,1,0.99999475
1,1,0.99998736
1,1,0.82970285
1,1,0.99999785
1,1,0.99592775
1,1,0.99999034
1,1,0.9999713
1,1,0.9999993
1,1,0.99972135
1,1,0.9989222
1,1,0.999931
1,1,0.9999604
1,1,0.9999901
1,1,0.9999974
1,1,0.99995685
1,1,0.9999993
1,1,0.9778106
1,1,0.99998903
1,1,0.99992085
1,1,0.9984781
1,1,0.999995
1,1,0.99999785
1,1,0.99998796
1,1,0.99999976
1,1,0.9999895
1,1,0.99999046
1,1,0.9996113
1,1,0.9999994
1,1,0.9963864
1,1,0.9999758
1,1,0.9998727
1,0,0.0077294833
1,1,0.9999924
1,1,0.99999654
1,1,0.99999094
1,1,0.999969
1,1,0.99982315
1,1,0.9999536
1,1,0.9999989
1,1,0.9999974
1,1,0.9999697
1,1,0.99999154
1,1,0.9998939
1,1,0.9999999
1,1,0.9999989
1,1,0.98570305
1,1,0.9999949
1,1,0.99140257
1,1,0.99995875
1,1,0.9999722
1,1,0.9999788
1,1,0.99998915
1,1,0.999908
1,1,0.9997559
1,1,0.9999205
1,1,0.999998
1,1,0.9998678
1,1,0.99999535
1,1,0.9988741
1,1,0.99971884
1,1,0.99998057
1,1,0.9950315
1,1,0.9999999
1,1,0.99998677
1,0,0.28871137
1,1,0.99999964
1,1,0.9999769
1,1,0.99999976
1,1,0.9550003
1,1,0.9998745
1,1,0.9999924
1,1,0.6004535
1,1,0.9998832
1,1,0.99999833
1,1,0.9998511
1,1,0.99999976
1,1,0.99866796
1,1,0.97625047
1,1,0.99952626
1,1,0.96605474
1,1,0.6003858
1,1,0.999863
1,1,0.99999356
1,1,0.9999994
1,1,0.9999962
1,1,0.99999666
1,1,0.9958156
1,1,0.99623567
1,1,0.99975175
1,1,0.9999305
1,1,0.98850536
1,1,0.9999932
1,1,0.9999949
1,1,0.99999666
1,1,0.9999658
1,1,0.97899055
1,1,0.9999987
1,1,0.9999939
1,1,0.9996631
1,1,0.99983203
1,1,0.9998462
1,1,0.99999774
1,1,0.9999739
1,1,0.94056135
1,1,0.99990356
1,1,0.9999987
1,1,0.99992454
1,1,0.9999999
1,1,0.99999857
1,1,0.983093
1,1,0.9999994
1,1,0.9999988
1,1,0.9917005
1,1,0.99120927
1,1,0.9995123
1,1,0.99999046
1,1,0.99949944
1,1,0.99999917
1,1,0.99999917
1,1,0.9999906
1,1,0.99999535
1,1,0.99993443
1,1,0.9999982
1,1,0.99999976
1,1,0.99998736
1,1,0.9999993
1,1,0.99999845
1,1,0.9999949
1,1,0.99988115
1,1,0.9999038
1,1,0.9095485
1,1,0.999788
1,1,0.99736434
1,1,0.9999907
1,1,0.99999547
1,1,0.99966145
1,1,0.9999813
1,1,0.9999863
1,1,0.99947256
1,1,0.9986707
1,1,0.99998796
1,1,0.99993896
1,1,0.99999964
1,1,0.9999846
1,1,0.9999695
1,1,0.99980766
1,1,0.999943
1,1,0.9999714
1,1,0.9999993
1,1,0.9995678
1,1,0.99999785
1,1,0.9997745
1,1,0.99999845
1,1,0.9994282
1,1,0.9998611
1,1,0.9848082
1,1,0.9999995
1,1,0.9999969
1,1,0.9999852
1,1,0.99962294
1,1,0.9998661
1,1,0.99750865
1,1,0.99999726
1,0,0.073384024
1,1,0.99999106
1,1,0.99999297
1,1,0.9999981
1,1,0.99951196
1,1,0.9996382
1,1,0.99995303
1,1,0.9999945
1,1,0.99999833
1,1,0.9979534
1,1,0.9999989
1,1,0.99999905
1,1,0.9999871
1,0,0.40571845
1,1,0.9999945
1,1,0.9999981
1,1,0.9999957
1,1,0.9994023
1,1,0.99999964
1,1,0.997398
1,1,0.9999039
1,1,0.9993845
1,0,0.165682
1,1,0.9999795
1,1,0.9730323
1,1,0.99999106
1,1,0.99999964
1,1,0.99998915
1,1,0.99997616
1,1,0.9590479
1,1,0.9999914
1,1,0.99999917
1,1,0.9998
1,1,0.9999987
1,1,0.99999964
1,1,0.99995434
1,1,0.99996936
1,1,0.9999957
1,1,0.86660004
1,1,0.99039125
1,1,0.9999962
1,1,0.9998276
1,1,0.99999714
1,1,0.99903727
1,1,0.99904674
1,1,0.9990121
1,1,0.99996614
1,1,0.9999962
1,1,0.9999994
1,1,0.9992557
1,1,0.99972516
1,1,0.9999616
1,1,0.99999845
1,1,0.9612583
1,1,0.9999577
1,1,0.99999917
1,1,0.99999857
1,1,0.9999958
1,1,0.99999976
1,1,0.99937433
1,1,0.9999999
1,1,0.9999969
1,1,0.99971074
1,1,0.99989915
1,1,0.974003
1,1,0.99221474
1,1,0.99999475
1,1,0.9985347
1,1,0.9999689
1,1,0.99999654
1,1,0.999577
1,1,0.99999964
1,1,0.9999949
1,1,0.9981477
1,1,0.9981007
1,1,0.9993961
1,1,0.9999851
1,1,0.999949
1,1,0.9989807
1,1,0.999995
1,1,0.9999213
1,1,0.9999995
1,1,0.9999914
1,1,0.9855225
1,1,0.8638393
1,1,0.9999957
1,1,0.9769837
1,1,0.9999093
1,1,0.9999329
1,1,0.99999905
1,1,0.9999585
1,1,0.9996886
1,1,0.9998204
1,1,0.9999988
1,1,0.99999964
1,1,0.99245
1,1,0.9998419
1,1,0.9999982
1,1,0.9999821
1,1,0.9999918
1,1,0.99989307
1,1,0.99999964
1,1,0.9999994
1,1,0.9999932
1,1,0.9996921
1,1,0.9999975
1,1,0.99999857
1,1,0.9999957
1,1,0.99991345
1,1,0.9998846
1,1,0.99999905
1,1,0.9999937
1,1,0.99839205
1,1,0.999961
1,0,0.35099036
1,1,0.999997
1,1,0.99996924
1,1,0.9889501
1,1,0.99874437
1,1,0.99310255
1,1,0.99919206
1,1,0.9999995
1,1,0.99999976
1,1,0.99996936
1,1,0.99999666
1,1,0.9999982
1,1,0.99998343
1,1,0.99994826
1,1,0.9999578
1,1,0.9994665
1,1,0.99998367
1,1,0.99974924
1,1,0.99501073
1,1,0.99993646
1,1,0.9996387
1,1,0.99999166
1,1,0.9998871
1,1,0.9999331
1,1,0.99999356
1,1,0.94624877
1,1,0.9999249
1,1,0.9999958
1,1,0.99993503
1,1,0.99999726
1,1,0.99999964
1,1,0.9999838
1,1,0.9994134
1,1,0.9997172
1,1,0.99996567
1,1,0.99922657
1,1,0.9998549
1,1,0.99999523
1,1,0.9597241
1,1,0.99999654
1,1,0.9995908
1,1,0.99999964
1,1,0.999995
1,1,0.99987936
1,1,0.9995409
1,1,0.9999747
1,1,0.99999964
1,1,0.9999906
1,1,0.99999964
1,1,0.99999297
1,1,0.99994576
1,1,0.754831
1,1,0.99998975
1,1,0.99999654
1,1,0.99303585
1,1,0.9999893
1,1,0.99999034
1,1,0.99999905
1,1,0.9999745
1,1,0.9999958
1,1,0.9999968
1,1,0.94309074
1,1,0.9999964
1,1,0.99999666
1,1,0.9999567
1,1,0.99999595
1,1,0.9999988
1,1,0.99999964
1,1,0.9691644
1,1,0.9999831
1,1,0.9999914
1,1,0.99999845
1,1,0.98815155
1,1,0.9999976
1,1,0.7157967
1,1,0.9999422
1,1,0.9999751
1,1,0.9999436
1,1,0.99999106
1,1,0.9987791
1,1,0.999982
1,1,0.9999503
1,1,0.9999174
1,1,0.9997298
1,1,0.9999938
1,1,0.9999975
1,1,0.9999974
1,1,0.9999864
1,0,0.4910938
1,1,0.9995309
1,1,0.9999734
1,1,0.9999995
1,1,0.99996364
1,1,0.9999956
1,1,0.99999535
1,1,0.99979395
1,1,0.96706903
1,1,0.99994206
1,1,0.99999905
1,1,0.999997
1,1,0.9999987
1,1,0.99738103
1,1,0.99964404
1,1,0.99998415
1,0,0.024140071
1,1,0.9999722
1,1,0.9998018
1,1,0.9999982
1,1,0.9999645
1,1,0.99999917
1,1,0.9997775
1,1,0.9999409
1,1,0.9999436
1,1,0.99999857
1,1,0.9999974
1,1,0.9999677
1,1,0.9999994
1,1,0.99997866
1,1,0.9999995
1,1,0.9999521
1,1,0.99995935
1,1,0.9999995
1,1,0.99999917
1,1,0.99999285
1,1,0.99999774
1,1,0.99999106
1,1,0.9999958
1,1,0.9999933
1,1,0.999997
1,1,0.9999862
1,1,0.8733305
1,1,0.93504107
1,1,0.66679966
1,1,0.99999774
1,1,0.999998
1,1,0.9995078
1,1,0.9991855
1,1,0.99999976
1,1,0.99999607
1,1,0.9999993
1,1,0.99995315
1,1,0.99999845
1,1,0.99936515
1,1,0.99998426
1,1,0.99900025
1,1,0.9999925
1,1,0.9999988
1,1,0.9997497
1,1,0.99999547
1,1,0.99999976
1,1,0.9999287
1,1,0.99999654
1,1,0.9999181
1,1,0.99520713
1,0,0.3984607
1,1,0.9996164
1,1,0.9998468
1,1,0.9999981
1,1,0.99998987
1,1,0.9999392
1,1,0.9998721
1,1,0.9999459
1,1,0.99999297
1,1,0.98650825
1,1,0.9999721
1,1,0.9999759
1,1,0.999696
1,1,0.99832755
1,1,0.99999905
1,1,0.9999925
1,1,0.99999785
1,1,0.9999993
1,1,0.99987257
1,1,0.9789544
1,1,0.9972191
1,1,0.9999888
1,1,0.99999857
1,1,0.99999654
1,1,0.99999726
1,1,0.9999498
1,1,0.99998665
1,0,0.20899898
1,1,0.9999926
1,1,0.9999864
1,1,0.99999917
1,1,0.99999416
1,1,0.6145797
1,1,0.9998851
1,1,0.99994993
1,1,0.9999987
1,1,0.99892646
1,1,0.99577844
1,1,0.99932396
1,1,0.99996126
1,1,0.9994313
1,1,0.99999857
1,1,0.9826806
1,1,0.9971751
1,1,0.99999976
1,1,0.9996277
1,1,0.99941003
1,1,0.9842547
1,1,0.9999944
1,1,0.99984276
1,1,0.9999981
1,1,0.99999547
1,1,0.9999963
1,1,0.9999989
1,1,0.9999995
1,1,0.99999654
1,1,0.9999939
1,0,0.0028946756
1,1,0.99999857
1,1,0.99999666
1,1,0.99997973
1,1,0.9999964
1,1,0.99999964
1,1,0.9998801
1,1,0.79349023
1,1,0.99999964
1,1,0.9999981
1,1,0.9998511
1,1,0.9999858
1,1,0.9998652
1,1,0.9987619
1,1,0.92274463
1,1,0.9985983
1,1,0.99537224
1,1,0.9999229
1,1,0.9996302
1,1,0.9999951
1,1,0.6250131
1,1,0.99955136
1,1,0.99999785
1,1,0.9999976
1,1,0.99975735
1,1,0.99999964
1,1,0.8155383
1,0,0.095201865
1,1,0.9978809
1,1,0.99999976
1,1,0.9998878
1,1,0.99999714
1,1,0.96378475
1,1,0.99999726
1,1,0.9999995
1,1,0.999984
1,1,0.99999785
1,1,0.99999046
1,1,0.9999994
1,1,0.99999607
1,1,0.99990237
1,1,0.9999969
1,1,0.9999988
1,0,0.011174638
1,1,0.9999522
1,1,0.9999975
1,1,0.9999889
1,1,0.99997306
1,1,0.99930036
1,1,0.9993049
1,1,0.99999976
1,1,0.99867463
1,1,0.98318404
1,1,0.99985754
1,1,0.9999968
1,1,0.98046094
1,1,0.99996924
1,1,0.99980897
1,1,0.99999976
1,1,0.99999917
1,1,0.99949646
1,1,0.99998724
1,1,0.77481323
1,1,0.99999213
1,1,0.99999905
1,1,0.9992223
1,1,0.9827571
1,1,0.99999666
1,1,0.9998907
1,1,0.99998844
1,1,0.99999964
1,1,0.99999857
1,1,0.9883029
1,1,0.9999629
1,1,0.99567044
1,1,0.9999987
1,1,0.99999976
1,1,0.99978465
1,0,0.36650982
1,1,0.9999989
1,1,0.99999666
1,1,0.9999937
1,1,0.99989045
1,1,0.9977093
1,1,0.99999976
1,1,0.9999957
1,1,0.99995303
1,1,0.99995947
1,1,0.999997
1,1,0.99999833
1,1,0.9999088
1,1,0.9418228
1,1,0.9999993
1,1,0.99997663
1,1,0.9999994
1,1,0.9955232
1,1,0.99998665
1,1,0.9999982
1,1,0.8149577
1,1,0.9997565
1,1,0.9933601
1,1,0.9999969
1,1,0.994572
1,1,0.99957544
1,1,0.99999714
1,1,0.9999989
1,1,0.99999917
1,1,0.99999547
1,1,0.9999976
1,1,0.9999577
1,1,0.99998415
1,1,0.9999949
1,1,0.99984133
1,1,0.9938419
1,1,0.9999769
1,1,0.99989605
1,1,0.9782722
1,1,0.9995586
1,1,0.9999255
1,1,0.99990475
1,1,0.9999037
1,1,0.99401915
1,1,0.99913496
1,1,0.9259528
1,1,0.9998171
1,1,0.9999814
1,1,0.99999654
1,1,0.9999993
1,1,0.9901488
1,1,0.9999722
1,1,0.9990422
1,1,0.9707282
1,1,0.9999918
1,1,0.99998784
1,1,0.9999908
1,1,0.9998827
1,1,0.9999505
1,1,0.9976654
1,1,0.9056103
1,1,0.99996567
1,1,0.9999993
1,1,0.999998
1,1,0.999762
1,1,0.9999863
1,1,0.9999995
1,1,0.99997354
1,1,0.99995816
1,1,0.9999993
1,1,0.9998192
1,1,0.9999976
1,1,0.99997425
1,1,0.9998343
1,1,0.9999919
1,1,0.9997172
1,1,0.9997652
1,1,0.99999833
1,1,0.9999318
1,1,0.99818015
1,0,0.13604343
1,1,0.9998629
1,1,0.9998721
1,1,0.99999976
1,1,0.99999785
1,0,0.36372775
1,1,0.99999726
1,1,0.99999356
1,1,0.99999964
1,1,0.9999962
1,1,0.999969
1,1,0.99781173
1,1,0.9998567
1,1,0.99998295
1,1,0.99471384
1,1,0.9999876
1,1,0.9999999
1,1,0.9995708
1,1,0.9999931
1,1,0.9999924
1,1,0.9999659
1,1,0.9999993
1,1,0.9999616
1,1,0.9999627
1,1,0.99998236
1,1,0.9938591
1,1,0.99999464
1,1,0.9324374
1,1,0.99999595
1,1,0.9999926
1,1,0.99999976
1,1,0.999979
1,1,0.9999931
1,1,1.0
1,1,0.9931021
1,1,0.99961394
1,1,0.9999814
1,0,0.34677318
1,1,0.9999987
1,1,0.9999802
1,1,0.68709105
1,1,0.99997115
1,1,0.9997787
1,1,0.99998593
1,1,0.99999595
1,1,0.9999641
1,1,0.99997914
1,1,0.99958414
1,1,0.9998939
1,1,0.9999727
1,1,0.9999987
1,1,0.9998178
1,1,0.98960835
1,1,0.9999993
1,1,0.99998045
1,1,0.99999654
1,1,0.99984336
1,1,0.99999905
1,1,0.9812913
1,1,0.99999607
1,1,0.9988809
1,1,0.91890216
1,1,0.9999969
1,1,0.9999777
1,1,0.99977237
1,1,0.9999262
1,1,0.99999344
1,1,0.9994374
1,1,0.9999987
1,1,0.99997354
1,1,0.99971277
1,1,0.9999286
1,1,0.99990296
1,1,0.98915976
1,1,0.99963653
1,1,0.99998975
1,1,0.99982315
1,1,0.9999956
1,1,0.9999989
1,0,0.1973137
1,1,0.9999825
1,1,0.998847
1,1,0.9999565
1,1,0.9995977
1,1,0.9999871
1,1,0.9007432
1,1,0.9999944
1,1,0.99994063
1,1,0.99998546
1,0,0.200197
1,1,0.99997306
1,1,0.9999863
1,1,0.99999964
1,1,0.9998603
1,1,0.99979204
1,1,0.9999957
1,1,0.9991974
1,1,0.9999397
1,1,0.9999862
1,1,0.9961958
1,1,0.9148909
1,1,0.9999927
1,1,0.9995276
1,0,0.45997605
1,1,0.9999982
1,1,0.99755055
1,1,0.9999924
1,1,0.99943763
1,1,0.9999622
1,1,0.99991035
1,1,0.999995
1,1,0.9999386
1,1,0.9999591
1,1,0.9999999
1,1,0.9999771
1,1,0.9999877
1,1,0.9996227
1,1,0.99999976
1,1,0.9999956
1,1,0.99732876
1,1,0.9959009
1,1,0.9999864
1,1,0.99305236
1,1,0.9991642
1,1,0.99999213
1,1,0.99997604
1,0,0.39533618
1,1,0.9999994
1,1,0.99882287
1,1,0.99999654
1,1,0.99998796
1,1,0.9982003
1,1,0.9999982
1,0,0.36921585
1,1,0.9999666
1,1,0.9999995
1,1,0.9999763
1,1,0.99994564
1,1,0.9998271
1,1,0.9999746
1,1,0.9997037
1,1,0.9989753
1,1,0.99998343
1,1,0.99998987
1,1,0.9996202
1,1,0.99999857
1,1,0.9999994
1,1,0.9979017
1,1,0.99999523
1,1,0.9999963
1,1,0.9999547
1,1,0.9997534
1,1,0.99999225
1,1,0.99992096
1,1,0.9945087
1,1,0.78140014
1,1,0.99985623
1,1,0.9999703
1,1,0.9999261
1,1,0.9991936
1,1,0.9999987
1,1,0.8588004
1,1,0.51201063
1,1,0.99567056
1,1,0.99868494
1,1,0.9999988
1,1,0.9846267
1,1,0.9998332
1,1,0.999534
1,1,0.999997
1,1,0.9996062
1,1,0.99986434
1,1,0.99999964
1,1,0.99844766
1,1,0.9999559
1,1,0.9974928
1,1,0.9999982
1,1,0.9869053
1,1,0.9988747
1,1,0.99999714
1,1,0.99981683
1,1,0.99949074
1,1,0.9999553
1,1,0.9995701
1,1,0.9999968
1,1,0.9999243
1,1,0.7885367
1,1,0.99995947
1,1,0.9999697
1,1,0.9999976
1,1,0.99999976
1,1,0.9988617
1,1,0.9999937
1,1,0.9999342
1,1,0.9934915
1,1,0.9999969
1,1,0.99999154
1,1,0.9999448
1,1,0.9999355
1,1,0.9997528
1,1,0.99709487
1,1,0.99998844
1,1,0.99997413
1,1,0.99983037
1,1,0.99901795
1,1,0.99999356
1,1,0.999997
1,1,0.99999917
1,1,0.99989676
1,1,0.99994063
1,1,0.99958676
1,1,0.9999323
1,1,0.9999399
1,1,0.9689501
1,1,0.99999905
1,1,0.9999629
1,1,0.99999917
1,1,0.99999976
1,1,0.99896586
1,1,0.99994576
1,1,0.99999
1,1,0.9999939
1,1,0.9999995
1,1,0.99984694
1,1,0.9999981
1,1,0.9999602
1,1,0.9999809
1,1,0.97149056
1,1,0.99001795
1,1,0.99818784
1,1,0.99949694
1,1,0.9999119
1,1,0.99999905
1,1,0.99990284
1,1,0.99929166
1,1,0.9981737
1,1,0.9988802
1,1,0.99996924
1,1,0.9953827
1,1,0.9987012
1,1,0.99994755
1,1,0.9999975
1,1,0.99999726
1,1,0.71057063
1,1,0.99999034
1,1,0.9999989
1,1,0.99999845
1,1,0.99999356
1,1,0.9999945
1,1,0.999998
1,1,0.99962485
1,1,0.99974984
1,1,0.9997625
1,1,0.9979151
1,1,0.9989624
1,1,0.99999464
1,1,0.9999753
1,1,0.99998724
1,1,0.99999845
1,1,0.999949
1,1,0.9999809
1,1,0.9999714
1,1,0.9999871
1,1,0.99994874
1,1,0.999997
1,1,0.999997
1,1,0.9455603
1,1,0.999928
1,1,0.999992
1,1,0.9999987
1,1,0.9950539
1,1,0.999984
1,1,0.9999912
1,1,0.9999919
1,1,0.99999976
1,1,0.9999697
1,1,0.9999783
1,1,1.0
1,1,0.99997723
1,1,0.9999658
1,1,0.9999993
1,1,0.9999949
1,1,0.9999924
1,1,0.99999917
1,1,0.9999995
1,1,0.9999722
1,1,0.99997354
1,1,0.9999826
1,1,0.99999905
1,1,0.9999131
1,1,0.9999716
1,1,0.99979657
1,1,0.99927
1,1,0.9979577
1,1,0.9999734
1,1,0.99999976
1,1,0.97899765
1,1,0.9999771
1,1,0.99999976
1,1,0.99999666
1,1,0.99903214
1,1,0.8890329
1,1,0.9998847
1,1,0.99994767
1,1,0.9999821
1,1,0.9997116
1,1,0.9999778
1,1,0.9999912
1,1,0.99999857
1,1,0.9902081
1,1,0.9989059
1,1,0.99998915
1,1,0.9998808
1,1,0.9999976
1,1,0.9998903
1,1,0.99992347
1,1,0.9961875
1,1,0.9999906
1,1,0.9994843
1,1,0.9999994
1,1,0.9999052
1,1,0.99999845
1,1,0.99989593
1,1,0.9997857
1,1,0.9999933
1,1,0.9999856
1,1,0.9999492
1,1,0.9999887
1,1,0.99994314
1,1,0.9999999
1,1,0.999997
1,1,0.9999993
1,1,0.99983597
1,1,0.9999862
1,1,0.99971193
1,1,0.9999988
1,1,0.99972886
1,1,0.9882323
1,1,0.99466395
1,1,0.99999225
1,1,0.99999976
1,1,0.9999994
1,1,0.9999851
1,1,0.99898404
1,1,0.99998367
1,1,0.9999993
1,1,0.9999448
1,1,0.99999905
1,1,0.9998313
1,1,0.9999447
1,1,0.99998534
1,1,0.99824595
1,1,0.999997
1,1,0.9998016
1,1,0.9999783
1,1,0.9999989
1,1,0.999979
1,1,0.9993856
1,1,0.99982494
1,1,0.7858067
1,1,0.9931478
1,1,0.99999726
1,1,0.9999963
1,1,0.99999964
1,1,0.9957087
1,1,0.99999654
1,1,0.99918
1,1,0.9999708
1,1,0.999833
1,1,0.99999905
1,1,0.99999166
1,1,0.9998431
1,1,0.9998363
1,1,0.999992
1,1,0.9999621
1,1,0.9999194
1,1,0.9999472
1,1,0.9999926
1,1,0.99996674
1,1,0.99999666
1,1,0.999998
1,1,0.9999968
1,1,0.9999653
1,1,0.99977726
1,1,0.9999975
1,1,0.9999912
1,1,0.9999889
1,1,0.99999666
1,1,0.9999901
1,1,0.9999441
1,1,0.99650794
1,1,0.9995352
1,1,0.99994457
1,1,0.9977709
1,1,0.9999441
1,1,0.9999901
1,1,0.9999956
1,0,0.0007022189
1,1,0.9999999
1,1,0.99999666
1,1,0.9924035
1,1,0.99967563
1,1,0.9999814
1,1,0.9999784
1,1,0.9995766
1,1,0.9997137
1,1,0.99998367
1,1,0.9999995
1,1,0.9996408
1,1,0.9990115
1,1,0.99998975
1,1,0.9998795
1,1,0.98901665
1,1,0.99999106
1,1,0.9791477
1,1,0.99987686
1,1,0.9999999
1,1,0.9999957
1,1,0.9998417
1,1,0.9998851
1,1,0.5646035
1,1,0.9096812
1,1,0.9999999
1,1,0.9762137
1,1,0.9999988
1,1,0.9999913
1,1,0.9972657
1,1,0.99953055
1,1,0.99998593
1,1,0.9999951
1,1,0.9787586
1,0,0.00019387882
1,1,0.9584366
1,1,0.9992424
1,1,0.6438681
1,1,0.99991286
1,1,0.9999881
1,1,0.9999975
1,1,0.9999994
1,1,0.9999863
1,1,0.9999993
1,1,0.9999969
1,1,0.9999498
1,1,0.99962807
1,1,0.9999839
1,1,0.99997044
1,1,0.99993384
1,1,0.9999976
1,1,0.9999968
1,1,0.99995434
1,1,0.99998343
1,1,0.9999138
1,1,0.9999603
1,1,0.99991333
1,1,0.9990797
1,1,0.9999629
1,1,0.95721954
1,1,0.99996006
1,1,0.9999852
1,1,0.99921894
1,1,0.9991492
1,1,0.999959
1,1,0.99995065
1,1,0.9999379
1,1,0.9999994
1,1,0.99998474
1,1,0.999884
1,1,0.9999882
1,1,0.9951525
1,1,0.9999976
1,1,0.99999905
1,1,0.81494755
1,1,0.99898213
1,1,0.9999752
1,1,0.999561
1,1,0.99998677
1,1,0.9999931
1,1,0.9997645
1,1,0.99999654
1,1,0.99982053
1,1,0.9999956
1,1,0.9752324
1,1,0.9999689
1,1,0.99995077
1,1,0.9999999
1,1,0.99999976
1,1,0.9999702
1,1,0.99998677
1,1,0.99999917
1,1,0.9999982
1,1,0.9999863
1,1,0.9999931
1,1,0.99999964
1,1,0.999995
1,1,0.99989915
1,1,0.9991197
1,1,0.9975063
1,1,0.99999964
1,1,0.9999869
1,0,0.4260806
1,1,0.99997044
1,1,0.99992704
1,1,0.9999999
1,1,0.9999993
1,1,0.99669397
1,1,0.97998226
1,1,0.99997556
1,1,0.99999964
1,1,0.9999994
1,1,0.99999917
1,1,0.9999405
1,1,0.99998736
1,1,0.99685043
1,1,0.9997595
1,1,0.9996443
1,1,0.9999981
1,1,0.99999416
1,1,0.99994826
1,1,0.99999917
1,1,0.99999964
1,1,0.9999995
1,1,0.99999726
1,1,0.97105396
1,1,0.9999945
1,1,0.9999981
1,1,0.9999889
1,1,0.9999956
1,1,0.99975365
1,1,0.99980754
1,1,0.79423165
1,1,0.9990533
1,1,0.99999094
1,1,0.97280586
1,1,0.99990714
1,1,0.9999962
1,1,0.99999833
1,1,0.9999994
1,1,0.97395736
1,1,0.9963374
1,1,0.6712555
1,1,0.9999976
1,1,0.99999833
1,1,0.9999993
1,1,0.9999988
1,1,0.9999888
1,1,0.9995547
1,1,0.99999976
1,1,0.99999976
1,1,0.9999994
1,1,0.999998
1,1,0.9996841
1,1,0.99999905
1,1,0.9999918
1,1,0.9999373
1,1,0.9999989
1,1,0.9999896
1,1,0.99901223
1,1,0.9999918
1,1,0.99999976
1,1,0.9999995
1,1,0.9999896
1,1,0.9999987
1,1,0.9413211
1,1,0.99995065
1,1,0.9999808
1,1,0.99999857
1,1,0.9999988
1,1,0.9997329
1,1,0.9999894
1,1,0.9977087
1,1,0.956643
1,1,0.9999901
1,1,0.9999044
1,1,0.99997616
1,1,0.9994185
1,1,0.99998605
1,1,0.99999154
1,1,0.99992144
1,1,0.9999199
1,1,0.99998677
1,1,0.9999789
1,1,0.99996746
1,1,0.99997234
1,1,0.9987381
1,1,0.9999988
1,0,0.004397534
1,1,0.9999887
1,1,0.99999964
1,1,0.57401156
1,1,0.99999726
1,1,0.99984634
1,1,0.9999659
1,1,0.9999981
1,1,0.99880755
1,1,0.52838606
1,1,0.9999994
1,1,0.999998
1,1,0.9999763
1,1,0.99995196
1,1,0.9999263
1,1,0.9998611
1,1,0.99999857
1,1,0.99981946
1,1,0.99999905
1,1,0.99994373
1,1,0.9965917
1,1,0.99686724
1,1,0.9980684
1,1,0.99999
1,1,0.99998593
1,1,0.9999505
1,1,0.9999666
1,1,0.98937035
1,1,0.99999356
1,1,0.9999784
1,1,0.9999949
1,1,0.6792351
1,1,0.9999695
1,1,0.9999908
1,1,0.9999995
1,1,0.7377672
1,1,0.9998055
1,1,0.9998505
1,1,0.99431413
1,1,0.9999994
1,1,0.9999999
1,1,0.9999995
1,1,0.9986376
1,1,0.9998227
1,1,0.9993368
1,1,0.99998844
1,1,0.99998486
1,1,0.9083453
1,1,0.9999331
1,1,0.99999976
1,1,0.99999976
1,1,0.9998436
1,1,0.999856
1,1,0.9999176
1,1,0.99907506
1,1,0.99999523
1,1,0.9998585
1,1,0.99999905
1,1,0.999838
1,1,0.9999796
1,1,0.9999839
1,1,0.999556
1,1,0.99994934
1,1,0.99998236
1,1,0.9999999
1,1,0.99998796
1,1,0.9973857
1,1,0.9999964
1,1,0.99941635
1,1,0.9995735
1,1,0.9998429
1,1,0.9999782
1,1,0.9999989
1,1,0.9999659
1,1,0.9999726
1,1,0.9999931
1,1,0.99989605
1,1,0.99999523
1,1,0.9999994
1,1,0.97818327
1,1,0.9999999
1,1,0.9999988
1,1,0.99994695
1,1,0.999882
1,1,0.76792073
1,1,0.99181914
1,1,0.9999939
1,1,0.9996151
1,1,0.9475729
1,1,0.9999927
1,1,0.999574
1,1,0.9999815
1,1,0.9029738
1,1,0.9999949
1,1,0.9999976
1,1,0.99999034
1,1,0.7165652
1,1,0.99997437
1,1,0.99999845
1,1,0.98888713
1,1,0.999642
1,1,0.9999975
1,1,0.9994942
1,1,0.99278885
1,1,0.9989636
1,1,0.9999691
1,1,0.99999964
1,1,0.9999908
1,1,0.9993228
1,1,0.99920064
1,1,0.9999957
1,1,0.99978095
1,1,0.99996746
1,1,0.55207556
1,1,0.99999785
1,1,0.99999106
1,1,0.97763854
1,1,0.9999957
1,1,0.9993518
1,1,0.9999993
1,1,0.99999976
1,1,0.99764687
1,1,0.99999404
1,1,0.9859196
1,1,0.9999981
1,1,0.9999999
1,1,0.99962187
1,1,0.9999622
1,1,0.9991793
1,1,0.99854773
1,1,0.9999244
1,1,0.9999988
1,1,0.9989832
1,1,0.9999951
1,1,0.9999988
1,1,0.9999989
1,1,0.99986243
1,1,0.9967006
1,1,0.9997527
1,1,0.99997485
1,1,0.9999968
1,1,0.99877685
1,1,0.9999926
1,1,0.9889213
1,1,0.99945563
1,1,0.9995912
1,1,0.99999285
1,1,0.99973863
1,1,0.99968505
1,1,0.9999944
1,1,0.99883145
1,1,0.99998915
1,1,0.9999732
1,1,0.9999989
1,1,0.99998903
1,1,0.9975642
1,1,0.9988317
1,1,0.9988287
1,1,0.9999951
1,1,0.9941302
1,1,0.9999999
1,1,0.99999595
1,1,0.99999213
1,1,0.99871504
1,1,0.99914634
1,0,0.00042246238
1,1,0.99973375
1,1,0.9999721
1,1,0.99999344
1,1,0.9999976
1,1,0.99996805
1,1,0.9999993
1,1,0.9999764
1,1,0.9994555
1,1,0.99999046
1,1,0.99999964
1,1,0.9999975
1,1,0.9986345
1,1,0.999453
1,1,0.99999964
1,1,0.994831
1,1,0.99997365
1,1,0.9999982
1,1,0.9999479
1,1,0.9995666
1,1,0.9999988
1,1,0.99950886
1,1,0.9991702
1,1,0.9976336
1,1,0.9994861
1,1,0.99999607
1,1,0.99998677
1,1,0.999905
1,1,0.99998665
1,1,0.99977523
1,1,0.99975425
1,1,0.9999856
1,1,0.99996614
1,1,0.99999833
1,1,0.99999774
1,1,0.99992406
1,1,0.9999999
1,1,0.9999825
1,1,0.9927378
1,1,0.9999331
1,1,0.9999231
1,1,0.9999887
1,1,0.9997023
1,1,0.9998012
1,1,0.9998282
1,1,0.9999945
1,0,0.119131684
1,1,0.9990695
1,1,0.9999995
1,1,0.999879
1,1,0.9999902
1,1,0.99914944
1,1,0.99999726
1,1,0.99991167
1,1,0.9997974
1,1,0.99999404
1,1,0.99999154
1,1,0.9999958
1,1,0.9989992
1,1,0.99977094
1,1,0.9999442
1,1,0.99991775
1,1,0.97742075
1,1,0.99205315
1,1,0.9999584
1,1,0.9999995
1,1,0.9999962
1,1,0.9791174
1,1,0.99999225
1,1,0.999997
1,1,0.99998987
1,1,0.99999285
1,1,0.9999987
1,1,0.9998752
1,1,0.9999993
1,1,0.9999572
1,1,0.995589
1,1,0.99801093
1,1,0.99999917
1,1,0.9999517
1,1,0.9998976
1,1,0.9999894
1,1,0.9999976
1,1,0.9997477
1,1,0.99998915
1,1,0.99998045
1,1,0.9998704
1,1,0.99999917
1,1,0.96451145
1,1,0.9253223
1,1,0.9992379
1,1,0.9999602
1,1,0.9999683
1,1,0.999997
1,1,0.9999285
1,1,0.9966114
1,1,0.9999958
1,1,0.9993031
1,1,0.9999536
1,1,0.99973756
1,1,0.9960847
1,1,0.9919614
1,1,0.99637645
1,1,0.9996923
1,1,0.99999344
1,1,0.99943537
1,1,0.9999801
1,1,0.9999993
1,1,0.9999558
1,1,0.9999999
1,1,0.99999905
1,1,0.9999429
1,1,0.99982905
1,1,0.99980944
1,1,0.99977285
1,1,0.9999987
1,1,0.99999404
1,1,0.9997359
1,1,0.9999938
1,1,0.9999857
1,1,0.9999993
1,1,0.999995
1,1,0.99999976
1,1,0.9999713
1,1,0.99983215
1,1,0.9995332
1,1,0.9999963
1,1,0.9999957
1,1,0.99993825
1,1,0.999997
1,1,0.99719846
1,1,0.99999714
1,1,0.9999418
1,1,0.99999356
1,1,0.9999994
1,1,0.9998047
1,1,0.9961583
1,1,0.999985
1,1,0.9998908
1,1,0.9999993
1,1,0.99996495
1,1,0.99999976
1,1,0.99993634
1,1,0.9999988
1,0,0.31366304
1,1,0.99999917
1,1,0.99986136
1,1,0.9973688
1,1,0.9999964
1,1,0.99950755
1,1,0.9999924
1,1,0.99999094
1,1,0.99995255
1,1,0.99987173
1,1,0.9997898
1,1,0.99999917
1,1,0.99998415
1,1,0.9998963
1,1,0.9999918
1,1,0.9941334
1,1,0.9999485
1,1,0.9998318
1,1,0.9986739
1,1,0.999998
1,1,0.9999949
1,1,0.99999964
1,1,0.99974996
1,1,0.99840564
1,1,0.9999558
1,1,0.9999654
1,1,0.9995665
1,1,0.99991155
1,1,0.9999943
1,1,0.99998355
1,1,0.9999007
1,1,0.9999639
1,1,0.9999875
1,1,0.94825846
1,1,0.99999094
1,1,0.99944466
1,1,0.99999774
1,1,0.999819
1,1,0.99999976
1,1,0.99999917
1,1,0.9999924
1,1,0.5677504
1,1,0.9999703
1,1,0.9999981
1,1,0.99997497
1,1,0.99994826
1,1,0.9999881
1,1,0.923005
1,1,0.99999535
1,1,0.9999758
1,1,0.9999927
1,1,0.9999964
1,1,0.99565303
1,0,0.41553476
1,1,0.9999125
1,1,0.9996482
1,0,0.46879855
1,1,0.98700964
1,1,0.9881058
1,1,0.9999982
1,1,0.99955946
1,1,0.99999857
1,1,0.9999926
1,1,0.999696
1,1,0.9999976
1,1,0.99999833
1,1,0.9999982
1,1,0.99513924
1,1,0.9999851
1,1,0.99977034
1,1,0.99755484
1,1,0.99999106
1,1,0.9999943
1,1,0.9999881
1,1,0.9999987
1,1,0.99999535
1,1,0.9999975
1,1,0.9999751
1,1,0.99994135
1,1,0.9999963
1,1,0.9999696
1,1,0.9999728
1,1,0.99999416
1,1,0.9999907
1,1,0.9894609
1,1,0.9999999
1,1,0.9996455
1,1,0.99312735
1,1,0.9999949
1,1,0.99998915
1,1,0.99861515
1,1,0.9753783
1,1,0.99971837
1,1,0.96750927
1,1,0.9999578
1,1,0.99999833
1,1,0.99997807
1,1,0.99999976
1,1,0.9999981
1,1,0.99997735
1,1,0.999998
1,1,0.99999964
1,1,0.9999994
1,1,0.9999994
1,1,0.9998362
1,1,0.9982495
1,1,0.9999132
1,1,0.9999517
1,1,0.99999714
1,1,0.99990344
1,1,0.99672455
1,1,0.9999938
1,1,0.99933225
1,1,0.99998677
1,1,0.9998784
1,1,0.9999703
1,1,0.956254
1,1,0.999998
1,1,0.99995613
1,1,0.9981997
1,1,0.9999907
1,1,0.99998534
1,1,0.99999714
1,1,0.9999968
1,1,0.99999666
1,1,0.9799478
1,1,0.99999917
1,1,0.99790394
1,1,0.7585672
1,1,0.9999956
1,1,0.9984869
1,1,0.9999547
1,1,0.9999778
1,1,0.99540085
1,1,0.9997991
1,1,0.99999535
1,1,0.99999833
1,1,0.999992
1,1,0.998698
1,1,0.962142
1,1,0.9999974
1,1,0.99998844
1,1,0.999863
1,1,0.9999614
1,1,0.99998987
1,1,0.9995586
1,1,0.99999654
1,1,0.9999981
1,1,0.99891305
1,1,0.999985
1,1,0.99976915
1,1,0.9999993
1,1,0.9999739
1,1,0.99992514
1,1,0.99959844
1,1,0.70972145
1,1,0.9998554
1,1,0.99998295
1,1,0.9999987
1,1,0.9921003
1,1,0.99992
1,1,0.99996054
1,1,0.99995947
1,1,0.99911374
1,1,0.99999857
1,1,0.99999714
1,1,0.9999865
1,1,0.99999464
1,1,0.9999999
1,1,0.99999905
1,1,0.9998615
1,1,0.9984351
1,1,0.9999914
1,1,0.9999995
1,1,0.9998838
1,1,0.9999821
1,1,0.9817468
1,1,0.9999777
1,1,0.9994068
1,1,0.9984421
1,1,0.9998796
1,1,0.9996972
1,1,0.9898381
1,1,0.94766945
1,1,0.9999994
1,1,0.99999964
1,1,0.99996924
1,1,0.9991341
1,1,0.99993
1,1,0.999987
1,1,0.9999987
1,1,0.99998116
1,1,0.9999949
1,1,0.9999814
1,1,0.99744594
1,1,0.99986005
1,1,0.999527
1,1,0.93276805
1,1,0.9795777
1,1,0.9999764
1,1,0.999936
1,1,0.9999641
1,1,0.99979454
1,1,0.99999595
1,1,0.9999993
1,1,0.99948764
1,1,0.9985279
1,1,0.9999938
1,1,0.9969098
1,1,0.99941754
1,1,0.99999964
1,1,0.9999907
1,1,0.9998012
1,1,0.9999609
1,1,0.9999807
1,1,0.9999163
1,1,0.9999999
1,1,0.9999883
1,1,0.9999757
1,1,0.999984
1,1,0.99999917
1,1,0.9999269
1,1,0.9999989
1,1,0.9999871
1,1,0.99999654
1,1,0.9999368
1,1,0.99993646
1,1,0.99835396
1,1,0.9999155
1,1,0.9953511
1,1,0.99999547
1,1,0.9999918
1,1,0.9998772
1,1,0.9999999
1,0,0.008242862
1,1,0.99983335
1,1,0.999966
1,1,0.99903524
1,1,0.99741745
1,1,0.99998796
1,1,0.99999774
1,1,0.9997553
1,1,0.99126375
1,1,0.9999796
1,1,0.9999181
1,1,0.9999405
1,1,0.63934785
1,1,0.9999851
1,1,0.99981016
1,1,0.99999964
1,1,0.99999726
1,1,0.91692054
1,1,0.9999887
1,1,0.99999845
1,1,0.9999814
1,1,0.9999975
1,1,0.99999595
1,1,0.99985135
1,1,0.72511846
1,1,0.97369313
1,1,0.9998412
1,1,0.75280565
1,1,0.9999988
1,1,0.99999917
1,1,0.99726886
1,1,0.99995935
1,1,0.99998426
1,1,0.9538854
1,1,0.99999106
1,1,0.99999535
1,1,0.99999964
1,1,0.9999989
1,1,0.9998586
1,1,0.99870706
1,1,0.99999416
1,1,0.99975926
1,1,0.9997874
1,1,0.9997694
1,1,0.9999912
1,1,0.99977595
1,1,0.9887812
1,1,0.9999639
1,1,0.9995043
1,1,0.99957806
1,1,0.9992644
1,1,0.99996436
1,1,0.9999975
1,1,0.99999917
1,1,0.9953602
1,1,0.9999602
1,1,0.9998196
1,1,0.99933594
1,1,0.9999964
1,1,0.99989855
1,1,0.99995244
1,1,0.849696
1,1,0.99999595
1,1,0.99901235
1,1,0.98006743
1,1,0.99998474
1,1,0.99999523
1,1,0.9999057
1,1,0.99958485
1,1,0.9980562
1,1,0.9999964
1,1,0.70671606
1,1,0.99998224
1,1,0.999961
1,1,0.99965096
1,1,0.9999871
1,1,0.9999751
1,1,0.99995434
1,1,0.9999708
1,1,0.99999845
1,1,0.9958221
1,1,0.9997782
1,1,0.9894391
1,1,0.9999832
1,1,0.99999917
1,0,0.35070798
1,1,0.99998283
1,1,0.999995
1,1,0.9999912
1,1,0.9998149
1,1,0.99989283
1,1,0.99999964
1,1,0.99586135
1,1,0.99999774
1,1,0.99996793
1,1,0.999997
1,1,0.9999205
1,1,0.9998553
1,1,0.9999993
1,1,0.999998
1,1,0.99975306
1,1,0.99999905
1,1,0.99999976
1,1,0.99999857
1,1,0.99999905
1,1,0.99979657
1,1,0.9999757
1,1,0.9965173
1,1,0.9999671
1,1,0.999974
1,1,0.9873761
1,1,0.9999994
1,1,0.9962663
1,1,0.99902177
1,1,0.9997111
1,1,0.9998103
1,1,0.99996257
1,1,0.99942195
1,1,0.9996947
1,1,0.9999999
1,1,0.9999211
1,1,0.9999988
1,1,0.99997616
1,1,0.9999999
1,1,0.99999535
1,1,0.9999927
1,1,0.99874985
1,1,0.998417
1,1,0.9999958
1,1,0.9999652
1,1,0.9999927
1,1,0.9999999
1,1,0.9999958
1,1,0.99999976
1,1,0.9998987
1,1,0.99987245
1,1,0.9999993
1,1,0.9998161
1,1,0.99982315
1,1,0.99978024
1,1,0.7885617
1,1,0.99999607
1,1,0.99999774
1,1,0.9999949
1,1,0.9999976
1,1,0.99997234
1,1,0.9999733
1,1,0.9999088
1,1,0.99981886
1,1,0.99994516
1,1,0.9999987
1,1,0.99979156
1,1,0.99999964
1,1,0.99974495
1,1,0.9890828
1,1,0.99999404
1,1,0.99999857
1,1,0.9999974
1,1,0.99998033
1,1,0.7775623
1,1,0.76897246
1,1,0.99999976
1,1,0.99999154
1,1,0.9998053
1,1,0.99872977
1,1,0.9999907
1,1,0.9998977
1,1,0.9999896
1,1,0.9999871
1,1,0.9998454
1,1,0.9999999
1,1,0.9983974
1,1,0.9974744
1,1,0.9999964
1,1,0.9999716
1,1,0.99999106
1,1,0.98265564
1,1,0.99998975
1,1,0.9988141
1,1,0.9970631
1,1,0.9999957
1,1,0.77221656
1,1,0.999995
1,1,0.9999918
1,1,0.9999995
1,1,0.9998678
1,1,0.9997365
1,1,0.99551684
1,1,0.99950147
1,1,0.9866209
1,1,0.9999981
1,1,0.99949193
1,1,0.9991937
1,1,0.9988689
1,1,0.9999852
1,1,0.9984555
1,1,0.99980575
1,1,0.99999845
1,1,0.9999926
1,1,0.9999907
1,1,0.9999943
1,1,0.99965584
1,1,0.9999374
1,1,0.9998667
1,1,0.9999062
1,1,0.99999976
1,1,0.9999627
1,1,0.9999933
1,1,0.9993819
1,1,0.999995
1,1,0.99807584
1,1,0.99987483
1,1,0.99999917
1,1,0.9977368
1,1,0.9999938
1,1,0.7461382
1,1,0.8130992
1,1,0.9999802
1,1,0.9999968
1,0,0.43536133
1,1,0.9999999
1,1,0.99941385
1,1,0.9999995
1,1,0.99999726
1,1,0.9999602
1,1,0.9999666
1,1,0.9995121
1,1,0.99828523
1,1,0.9999962
1,1,0.9999893
1,1,0.9999981
1,1,0.99999714
1,1,0.9999827
1,1,0.99993265
1,1,0.9995597
1,1,0.9999987
1,1,0.99996793
1,1,0.99999976
1,0,0.077068485
1,1,0.99968433
1,1,0.9992386
1,0,0.43091482
1,1,0.9999881
1,1,0.99998593
1,1,0.99999475
1,1,0.9999759
1,1,0.9999938
1,1,0.99999964
1,1,0.99997854
1,1,0.9996512
1,1,0.99984074
1,1,0.8985996
1,0,0.003074604
1,1,0.9997733
1,1,0.9999502
1,1,0.9999933
1,1,0.9999293
1,1,0.9999993
1,1,0.9999993
1,1,0.9999999
1,1,0.99999666
1,1,0.99994993
1,1,0.9999831
1,1,0.9999993
1,1,0.9999994
1,1,0.9998337
1,1,0.9999962
1,1,0.9990349
1,1,0.9999987
1,1,0.9983859
1,1,0.99939704
1,1,0.9999738
1,1,0.99998033
1,1,0.9999993
1,1,0.9999726
1,1,0.9999814
1,1,0.9999989
1,1,0.9999666
1,1,0.9989422
1,0,0.32350203
1,1,0.99380445
1,1,0.99999523
1,1,0.9999995
1,1,0.9999814
1,1,0.99970156
1,1,0.99983084
1,1,0.991614
1,1,0.999998
1,1,0.9999956
1,1,0.99986017
1,1,0.9999647
1,1,0.9999634
1,1,0.99992335
1,1,0.99999726
1,1,0.9999988
1,1,0.99999833
1,1,0.9989531
1,1,0.99334866
1,1,0.99999976
1,1,0.9998605
1,1,0.99999607
1,1,0.99999046
1,1,0.97466385
1,1,0.98419744
1,1,0.99998784
1,1,0.99999523
1,1,0.99884605
1,1,0.9999701
1,1,0.9999914
1,1,0.99971086
1,1,0.999655
1,1,0.99852955
1,0,0.0016542989
1,1,0.9999559
1,1,0.9991879
1,1,0.9999906
1,1,0.99999106
1,1,0.999985
1,1,0.99999964
1,1,0.9999994
1,1,0.9999993
1,1,0.9999851
1,1,0.9998418
1,1,0.9999875
1,1,0.9999759
1,1,0.9978071
1,1,0.99999166
1,1,0.99999535
1,1,0.99978966
1,1,0.6590509
1,1,0.99996746
1,1,0.85968673
1,1,0.9999999
1,1,0.9978257
1,1,0.9999304
1,1,0.99999964
1,1,0.9991416
1,1,0.999495
1,1,0.9999993
1,1,0.94213265
1,1,0.99999535
1,1,0.9999999
1,1,0.99999726
1,1,0.9999862
1,1,0.9996301
1,1,0.99993384
1,1,0.9999933
1,1,0.99999547
1,1,0.9999534
1,1,0.9999896
1,1,0.99983597
1,1,0.99990153
1,1,0.99999845
1,1,0.9992261
1,1,0.9710553
1,1,0.99998236
1,1,0.99994075
1,1,0.9954586
1,1,0.9999497
1,1,0.9999753
1,1,0.99999976
1,1,0.9999496
1,1,0.99998415
1,1,0.99999905
1,1,0.99997973
1,1,0.98413044
1,1,0.99995136
1,1,0.9999937
1,1,0.99998856
1,1,0.9999875
1,1,0.99999845
1,1,0.9985929
1,1,0.99999774
1,1,0.9997527
1,1,0.9998846
1,1,0.99997544
1,1,0.9999999
1,1,0.99991775
1,1,0.9999336
1,1,0.9999982
1,1,0.99997747
1,1,0.9999411
1,1,0.99999976
1,1,0.99999785
1,1,0.9996842
1,1,0.93303835
1,1,0.99997604
1,1,0.9996815
1,1,0.99997723
1,1,0.99997663
1,1,0.99999726
1,1,0.9999883
1,1,0.9990833
1,1,0.9990982
1,1,0.9999988
1,1,0.99996006
1,1,0.9997912
1,1,0.93283546
1,1,0.9999908
1,1,0.52525485
1,1,0.99983895
1,1,0.9965487
1,1,0.99998486
1,1,1.0
1,1,0.9992237
1,1,0.99999833
1,1,0.99985516
1,1,0.99997723
1,1,0.99998796
1,1,0.9999974
1,1,0.99999833
1,1,0.99886656
1,1,0.9998468
1,1,0.9999802
1,1,0.9999974
1,1,0.9999999
1,1,0.9998658
1,1,0.99997544
1,1,0.9999503
1,1,0.9999995
1,1,0.9999858
1,1,0.9999175
1,1,0.9997429
1,1,0.99971575
1,1,0.99983203
1,1,0.9999807
1,1,0.9999951
1,1,0.9999995
1,1,0.9992459
1,1,0.9999926
1,0,0.019196281
1,1,0.9999988
1,1,0.99998474
1,1,0.9999893
1,1,0.9907617
1,1,0.9999876
1,1,0.99998534
1,1,0.97953665
1,1,0.9999963
1,1,0.99999416
1,1,0.999793
1,1,0.99981123
1,1,0.99999523
1,1,0.9999968
1,1,0.9992349
1,1,0.8820597
1,0,0.44506446
1,1,0.99992025
1,1,0.9997235
1,1,0.99981946
1,1,0.9999969
1,1,0.9997446
1,1,0.99999654
1,1,0.99989414
1,1,0.99906737
1,1,0.99975127
1,1,0.9995869
1,1,0.9999994
1,1,0.9999907
1,1,0.9996278
1,1,0.9999945
1,1,0.99990904
1,1,0.9990865
1,1,0.9999858
1,1,0.9999926
1,1,0.9999747
1,1,0.99997115
1,1,0.999648
1,1,0.9998913
1,1,0.99999976
1,1,0.9999926
1,1,0.99999976
1,1,0.9988129
1,1,0.9350792
1,1,0.9999994
1,1,0.99995947
1,1,0.9999894
1,1,0.9999912
1,1,0.99915564
1,1,0.99999034
1,1,0.9999924
1,1,0.9999291
1,1,0.9999982
1,1,0.9998642
1,1,0.99999976
1,1,0.9999943
1,1,0.999998
1,1,0.99999607
1,1,0.99774927
1,1,0.99963546
1,1,0.9999851
1,1,0.9997291
1,1,0.99119264
1,1,0.9999951
1,1,0.98728985
1,1,0.99999
1,0,0.21720515
1,1,0.999969
1,1,0.9999429
1,1,0.9999187
1,1,0.99999917
1,1,0.999997
1,1,0.99999905
1,1,0.9999962
1,1,0.8887739
1,1,0.9999689
1,1,0.9974009
1,1,0.98392385
1,1,0.9999914
1,1,0.99998426
1,1,0.9999975
1,1,0.9999299
1,1,0.99755186
1,1,0.99999547
1,1,0.9999887
1,1,0.9517291
1,1,0.99999726
1,1,0.999634
1,1,0.9999908
1,1,0.99997485
1,1,0.999998
1,1,0.99995315
1,1,0.9946274
1,1,0.9516643
1,0,0.029065078
1,1,0.99733186
1,1,0.99999213
1,1,0.99991286
1,1,0.99999654
1,1,0.999998
1,1,0.9999999
1,1,0.99971634
1,1,0.99999976
1,1,0.999998
1,1,0.99999833
1,1,0.99999833
1,1,0.9999988
1,1,0.99999905
1,1,0.99997294
1,1,0.9999435
1,1,0.9924954
1,1,0.99992347
1,1,0.9999994
1,1,0.9984357
1,1,0.9999995
1,0,0.41011468
1,1,0.9890716
1,1,0.99998426
1,1,0.99999297
1,1,0.9990133
1,1,0.9999962
1,1,0.9999964
1,1,0.99999845
1,1,0.9999999
1,1,0.99980515
1,1,0.9999869
1,1,0.9999876
1,1,0.99979335
1,1,0.999049
1,1,0.9999912
1,1,0.9998522
1,1,0.9999976
1,1,0.9999759
1,1,0.99999523
1,1,0.9999926
1,1,0.9999999
1,0,0.095823005
1,1,0.9990853
1,1,0.99999976
1,1,0.99999344
1,1,0.99998593
1,1,0.9993801
1,1,0.99994695
1,1,0.9999583
1,1,0.9999789
1,1,0.9999081
1,1,0.99999964
1,1,0.9999994
1,1,0.9999989
1,1,0.9998852
1,1,0.99982953
1,1,0.99999774
1,1,0.9999504
1,1,0.9999697
1,1,0.99947387
1,1,0.9960426
1,1,0.99986506
1,1,0.99958557
1,1,0.9999995
1,1,0.999998
1,1,0.9999994
1,1,0.9999974
1,1,0.9999958
1,1,0.99999106
1,1,0.99991655
1,1,0.9991954
1,1,0.99999964
1,1,0.99997973
1,1,0.9999218
1,1,0.9995592
1,1,0.9999951
1,1,0.9996191
1,1,0.9990847
1,1,0.99998355
1,1,0.999998
1,1,0.9999448
1,1,0.99999785
1,1,0.9999945
1,1,0.99999976
1,1,0.99982965
1,1,0.99996674
1,1,0.9999691
1,1,0.99964166
1,1,0.99976057
1,1,0.99331504
1,1,0.99997056
1,1,0.9999542
1,1,0.9996307
1,1,0.9996706
1,1,0.9988433
1,1,0.99999905
1,1,0.9998869
1,1,0.9999914
1,1,0.99999785
1,1,0.98810637
1,1,0.99878687
1,1,0.9998234
1,1,0.9999987
1,1,0.9996306
1,1,0.99978465
1,1,0.9998061
1,1,0.9564064
1,1,0.96075463
1,1,0.99996495
1,1,0.8205814
1,1,0.99948514
1,1,0.99912995
1,1,0.999987
1,1,0.9999356
1,1,0.99999833
1,1,0.99999905
1,1,0.99995196
1,1,0.9999609
1,1,0.9999788
1,1,0.99996746
1,1,0.9997644
1,1,0.99994564
1,1,0.99955755
1,1,0.9999989
1,1,0.999629
1,1,0.99994934
1,1,0.99994683
1,1,0.9518677
1,1,0.761604
1,1,0.9244877
1,1,0.9999819
1,1,0.9966241
1,1,0.9999089
1,1,0.9989436
1,1,0.9998424
1,1,0.99950004
1,1,0.99993455
1,1,0.9998493
1,1,0.9999993
1,1,0.9999933
1,1,0.9999975
1,1,0.9999988
1,1,0.9999995
1,1,0.99999726
1,1,0.99843353
1,1,0.99993706
1,1,0.9999697
1,1,0.99988365
1,1,0.9999925
1,1,0.9910676
1,1,0.99998844
1,1,0.99999166
1,1,0.9611884
1,1,0.5007076
1,1,0.9999987
1,1,0.9991672
1,1,0.9999925
1,1,0.99998
1,1,0.9999995
1,1,0.99999976
1,1,0.99995816
1,1,0.9988097
1,1,0.9999684
1,1,0.99919194
1,1,0.9999778
1,0,0.41090387
1,1,0.99999726
1,1,0.99958056
1,1,0.99881256
1,1,0.9996736
1,1,0.9999788
1,1,0.99999976
1,1,0.8191204
1,1,0.99993896
1,1,0.99759775
1,1,0.99988365
1,1,0.9816789
1,1,0.99999785
1,1,0.9999443
1,1,0.99795794
1,1,0.999998
1,1,0.9997216
1,1,0.99979407
1,1,0.99999726
1,1,0.99996746
1,1,0.9998553
1,1,0.9996024
1,1,0.9091161
1,1,0.9999107
1,1,0.9999924
1,1,0.9999918
1,1,0.99905246
1,1,0.999998
1,1,0.99975616
1,1,0.9951207
1,1,0.999997
1,1,0.9999794
1,1,0.99999714
1,1,0.99999845
1,1,0.9999968
1,1,0.9993573
1,1,0.99999034
1,1,0.9999964
1,1,0.99999774
1,1,0.9999995
1,1,0.9998023
1,1,0.9999889
1,1,0.9999999
1,1,0.9999745
1,1,0.9999503
1,1,0.99991596
1,1,0.9913061
1,1,0.99998665
1,1,0.9999951
1,1,0.9999976
1,1,0.99993205
1,1,0.999532
1,1,0.99999964
1,1,0.96237576
1,1,0.99998355
1,1,0.98134196
1,1,0.9999436
1,1,0.9986701
1,1,0.9999982
1,1,0.99997497
1,0,0.020238267
1,1,0.99999964
1,1,0.9999994
1,0,0.3526587
1,1,0.9999788
1,1,0.99928254
1,1,0.51154023
1,1,0.9918001
1,1,0.99979585
1,1,0.99999607
1,1,0.99996316
1,1,0.9999752
1,1,0.99920696
1,1,0.9999999
1,1,0.9999912
1,1,0.99997926
1,1,0.9999801
1,1,0.99997604
1,1,0.9999962
1,1,0.9999995
1,1,0.98084897
1,1,0.9999863
1,1,0.99998295
1,1,0.99975187
1,1,0.9999795
1,1,0.99999964
1,1,0.9999975
1,1,0.9999982
1,1,0.99999344
1,1,0.9999684
1,1,0.99998057
1,1,0.999962
1,1,0.9995128
1,1,0.999915
1,1,0.9999933
1,1,0.9999515
1,1,0.9999633
1,1,0.9999713
1,1,0.9999676
1,1,0.99978715
1,1,0.99999857
1,1,0.99953806
1,1,0.9893365
1,1,0.9999689
1,1,0.99999833
1,1,0.9999796
1,1,0.9999726
1,1,0.9999764
1,1,0.9995721
1,1,0.99971265
1,1,0.9991928
1,1,0.9999993
1,1,0.9999887
1,1,0.9999727
1,1,0.99997103
1,1,0.99997985
1,1,0.9974456
1,1,0.99992335
1,1,0.99999654
1,1,0.9999957
1,1,0.9999908
1,1,0.9999993
1,1,0.9996501
1,1,0.9999981
1,1,0.9999995
1,1,0.99851483
1,1,0.99991906
1,1,0.9999893
1,0,0.003237505
1,1,0.9999925
1,1,0.9999976
1,1,0.9999889
1,1,0.9999989
1,1,0.9999987
1,1,0.9988104
1,1,0.99999297
1,1,0.99997663
1,1,0.99989796
1,1,0.99995375
1,1,0.9999342
1,1,0.99997914
1,1,0.99958426
1,1,0.6893495
1,1,0.99825794
1,1,0.9999987
1,1,0.99999905
1,1,0.98707205
1,1,0.9999999
1,1,0.99996936
1,1,0.996219
1,1,0.9999994
1,1,0.99984705
1,1,0.97863835
1,1,0.9999671
1,1,0.9999995
1,1,0.99989986
1,1,0.9995214
1,1,0.999824
1,1,0.99999535
1,1,0.9999505
1,1,0.9995925
1,1,0.9999918
1,1,0.99984884
1,1,0.99999344
1,1,0.9949935
1,1,0.9999839
1,1,0.9999968
1,1,0.99999964
1,1,0.9999896
1,1,0.9557396
1,1,0.99999595
1,1,0.99999976
1,1,0.99999356
1,1,0.9999949
1,1,0.99988043
1,1,0.9724708
1,1,0.99992394
1,1,0.99998796
1,1,0.99999344
1,0,0.48450887
1,1,0.99981314
1,1,0.99999464
1,1,0.9999995
1,1,0.9999851
1,1,0.9948548
1,1,0.99999905
1,1,0.99986815
1,1,0.9999918
1,1,0.99856585
1,1,0.9999993
1,1,0.9999714
1,1,0.9996923
1,1,0.99995863
1,1,0.9952781
1,1,0.9995504
1,1,0.99996555
1,1,0.99999976
1,1,0.99996805
1,1,0.9999784
1,1,0.9999932
1,1,0.9999113
1,1,0.9999968
1,1,0.9998542
1,1,0.99934524
1,1,0.99933285
1,1,0.99847645
1,1,0.99996984
1,1,0.99999094
1,1,0.99997616
1,1,0.9998264
1,1,0.99659604
1,1,0.9996989
1,1,0.9999207
1,1,0.99998534
1,1,0.9998591
1,1,0.99996483
1,1,0.99999785
1,1,0.99999666
1,1,0.9999777
1,0,0.19545902
1,1,0.9999969
1,1,0.9999943
1,1,0.9998745
1,1,0.9994956
1,1,0.999933
1,1,0.9999682
1,1,0.99999833
1,1,0.99996114
1,1,0.99999857
1,1,0.99999356
1,1,0.9999262
1,1,0.999962
1,1,0.99994993
1,1,0.99999
1,1,0.99999845
1,1,0.99929476
1,1,0.9999776
1,1,0.99999964
1,1,0.99990237
1,1,0.9999089
1,1,0.9999988
1,1,0.9999981
1,1,0.9999888
1,1,0.9999927
1,1,0.9999764
1,1,0.9862498
1,1,0.9999993
1,1,0.9999808
1,1,0.99997914
1,1,0.999961
1,1,0.9990515
1,1,0.9999796
1,1,0.9998368
1,1,0.9982918
1,1,0.9999485
1,1,0.99999774
1,1,0.99839383
1,1,0.9999939
1,1,0.9999821
1,1,0.9999758
1,1,0.99987054
1,1,0.9973802
1,0,0.29889756
1,1,0.9999993
1,1,0.99995255
1,1,0.99999917
1,1,0.9999999
1,1,0.99999833
1,1,0.99963605
1,1,0.9998977
1,1,0.999741
1,1,0.99998784
1,1,0.9999914
1,1,0.9998523
1,1,0.99999905
1,1,0.99693066
1,1,0.9999993
1,1,0.99999976
1,1,0.9999993
1,1,0.99999654
1,1,0.99999917
1,1,0.7930804
1,1,0.99999654
1,1,0.9994247
1,1,0.9989729
1,1,0.9999739
1,1,0.9993494
1,1,0.9999801
1,1,0.99998367
1,1,0.9999342
1,1,0.7131362
1,1,0.9987668
1,1,0.99999905
1,1,0.999995
1,1,0.99980193
1,1,0.9999968
1,1,0.9999995
1,1,0.99999595
1,1,0.999992
1,1,0.99999297
1,1,0.99999356
1,1,0.99999774
1,1,0.99982786
1,1,0.99998415
1,1,0.9999994
1,1,0.99998045
1,1,0.9999821
1,1,0.9995357
1,1,0.99999106
1,1,0.99999666
1,1,0.9998294
1,1,0.9993771
1,1,0.9999944
1,1,0.9961708
1,1,0.9999957
1,1,0.9999912
1,1,0.99993837
1,1,0.6450209
1,1,0.9984314
1,1,0.99999416
1,1,0.9998642
1,1,0.99999356
1,1,0.9542179
1,1,0.9995957
1,1,0.7833837
1,1,0.99999464
1,1,0.9999994
1,1,0.9999993
1,1,0.9999206
1,1,0.9999765
1,1,0.9997571
1,1,0.9999814
1,1,0.99849737
1,1,0.9999672
1,1,0.9999641
1,1,0.99999774
1,1,0.9844136
1,1,0.6524871
1,1,0.9999763
1,0,0.30483687
1,1,0.9999994
1,1,0.98454607
1,1,0.99999297
1,1,0.9981754
1,1,0.9999651
1,1,0.9999981
1,1,0.9999678
1,1,0.9995772
1,1,0.99941385
1,1,0.9999857
1,1,0.9994861
1,1,0.986764
1,1,0.99998844
1,1,0.9998944
1,1,0.9999404
1,1,0.99999905
1,1,0.9999994
1,1,0.99999845
1,1,0.99999833
1,1,0.9999455
1,1,0.99965763
1,1,0.9999206
1,1,0.99984574
1,1,0.9998412
1,1,0.99999917
1,1,0.9999907
1,1,0.9998679
1,1,0.9999925
1,1,0.9927367
1,1,0.99997926
1,1,0.9997298
1,1,0.9999982
1,1,0.9999933
1,1,0.9999982
1,1,0.99965894
1,1,0.99978846
1,1,0.99999917
1,1,0.9999428
1,1,0.99999917
1,1,0.9999964
1,1,0.99589455
1,1,0.9996439
1,1,0.9999968
1,1,0.9590158
1,1,0.9988533
1,1,0.9999989
1,1,0.980449
1,1,0.9999987
1,1,0.9999999
1,1,0.99999714
1,1,0.9999912
1,1,0.9999572
1,1,0.9998987
1,1,0.99999046
1,1,0.99999523
1,1,0.9954367
1,1,0.99999976
1,1,0.99999785
1,1,0.9999999
1,1,0.9999999
1,1,0.9999957
1,1,0.9999982
1,1,0.724364
1,1,0.9999995
1,1,0.99998057
1,1,0.99997437
1,1,0.99999297
1,1,0.9999726
1,1,0.99991894
1,1,0.9999689
1,1,0.9978492
1,1,0.9988412
1,1,0.9996804
1,1,0.99999964
1,1,0.99999666
1,1,0.9999275
1,1,0.8508903
1,1,0.9999981
1,1,0.99997115
1,1,0.9999994
1,1,0.99999094
1,1,0.9999989
1,1,0.99999917
1,1,0.9999999
1,1,0.99988854
1,1,0.99978393
1,1,0.9999925
1,1,0.9999777
1,1,0.99999666
1,1,0.9999943
1,1,0.9855656
1,1,0.9999938
1,1,0.9999956
1,1,0.999754
1,0,0.076460294
1,1,0.99999833
1,1,0.9999993
1,1,0.99999845
1,1,0.99996924
1,1,0.9999944
1,1,0.8937505
1,1,0.9963612
1,1,0.9999956
1,1,0.99999785
1,1,0.9962586
1,1,0.9999808
1,1,0.99999845
1,1,0.9998714
1,1,0.99916935
1,1,0.9999989
1,1,0.99999607
1,1,0.9999454
1,1,0.99997497
1,1,0.9875158
1,1,0.9999651
1,1,0.99999964
1,0,0.23366895
1,1,0.99999845
1,1,0.99999857
1,1,0.99999964
1,1,0.9999566
1,1,0.9533729
1,1,0.99982303
1,1,0.99999344
1,1,0.9999794
1,1,0.99999666
1,1,0.9984365
1,1,0.99971634
1,1,0.9999976
1,1,0.99836916
1,1,0.9910198
1,1,0.9986903
1,1,0.9999968
1,1,0.99999285
1,1,0.9996785
1,1,0.99998415
1,1,0.9985753
1,1,0.99998283
1,1,0.99970466
1,1,0.99992394
1,1,0.9999999
1,1,0.99878615
1,1,0.9999939
1,1,0.9999263
1,1,0.9960322
1,1,0.9999964
1,1,0.999998
1,1,0.9997676
1,0,0.2950017
1,1,0.9781666
1,1,0.9999342
1,1,0.9999821
1,1,0.99998844
1,1,0.9995309
1,1,0.9999993
1,1,0.99995506
1,1,0.9595983
1,1,0.99999547
1,1,0.9999964
1,1,0.9999999
1,1,0.9999466
1,1,0.99999726
1,1,0.9999808
1,1,0.99972194
1,1,0.99864966
1,1,0.9999639
1,1,0.9999993
1,1,0.99999976
1,0,0.2913637
1,1,0.9965006
1,1,0.99968815
1,1,0.99999726
1,1,0.99961156
1,1,0.99999225
1,1,0.999985
1,1,0.9999994
1,1,0.9999778
1,1,0.9998976
1,1,0.99986315
1,1,0.999967
1,1,0.9840702
1,1,0.9892023
1,1,0.9996313
1,1,0.8068432
1,1,0.7764638
1,1,0.99999416
1,1,0.96425235
1,1,0.9999857
1,1,0.99931455
1,1,0.9999795
1,1,0.9994222
1,1,0.99999905
1,1,0.9999969
1,1,0.99997365
1,1,0.9999964
1,1,0.9989196
1,1,0.9999913
1,1,0.996214
1,1,0.9999646
1,1,0.99984384
1,1,0.99999964
1,1,0.99999714
1,1,0.99999833
1,1,0.9998461
1,1,0.9963516
1,1,0.99995995
1,1,0.9999993
1,1,0.9957611
1,1,0.99983406
1,1,0.99987316
1,0,0.1272464
1,1,0.99995327
1,1,0.9986689
1,1,0.9999994
1,1,0.98830754
1,1,0.99999857
1,1,0.99999714
1,1,0.99506
1,1,0.9999361
1,1,0.99999917
1,1,0.99998415
1,1,0.99874276
1,1,0.8635742
1,1,0.9998745
1,1,0.99999356
1,1,0.99999833
1,0,0.09808822
1,1,0.9999993
1,1,0.9999999
1,1,0.99950254
1,1,0.9998361
1,1,0.9999664
1,1,0.9999956
1,1,0.99999976
1,1,0.9999927
1,1,0.999907
1,1,0.9981674
1,1,0.9992766
1,1,0.99945945
1,1,0.9999193
1,1,0.9999844
1,1,0.99999
1,1,0.99999964
1,1,0.99937516
1,1,0.99795
1,1,0.99999964
1,1,0.99999416
1,1,0.99947923
1,1,0.9999908
1,1,0.99999964
1,1,0.9913687
1,1,0.99999547
1,1,0.99375784
1,1,0.9999926
1,1,0.9988336
1,1,0.9999914
1,1,0.99998474
1,0,0.0071449643
1,1,0.9999852
1,1,0.9946374
1,1,0.99999976
1,1,0.9992955
1,1,0.94647115
1,1,0.99999964
1,1,0.9993624
1,1,0.9999914
1,1,0.9999981
1,1,0.99997556
1,1,0.99999356
1,1,0.99951947
1,0,0.48814344
1,1,0.9998623
1,1,0.99999857
1,1,0.99993134
1,1,0.99999523
1,1,0.99999654
1,1,0.9957728
1,1,0.9999924
1,1,0.9999969
1,1,0.9999939
1,1,0.6239684
1,1,0.99945897
1,1,0.99518013
1,1,0.98447293
1,1,0.99999905
1,1,0.99997807
1,1,0.99999
1,1,0.99981827
1,1,0.99998784
1,1,0.99994767
1,0,0.14428498
1,1,0.9999498
1,1,0.9999999
1,1,0.99245983
1,1,0.9999994
1,1,0.99993646
1,1,0.9999995
1,1,0.99332654
1,1,0.99997365
1,1,0.99999666
1,1,0.99999857
1,1,0.99992096
1,1,0.999892
1,1,0.99999905
1,1,0.993294
1,1,0.99999774
1,1,0.9882356
1,1,0.99996686
1,1,0.9999858
1,1,0.99999976
1,1,0.9999865
1,1,0.99999654
1,1,0.9940883
1,1,0.99995553
1,1,0.9999616
1,1,0.9992601
1,1,0.9999982
1,1,0.99999964
1,1,0.99865925
1,1,0.99999857
1,1,0.99979407
1,1,0.99999785
1,1,0.9999999
1,1,0.99997723
1,1,0.9999366
1,1,0.999998
1,1,0.971835
1,1,0.9999887
1,1,0.9998363
1,1,0.9999374
1,1,0.84821516
1,1,0.99999905
1,1,0.9999995
1,1,0.99991333
1,1,0.9999443
1,1,0.99999917
1,0,0.19851387
1,1,0.9945738
1,1,0.9999107
1,1,0.9999846
1,1,0.9996228
1,1,0.999519
1,1,0.99999774
1,0,0.11559294
1,1,0.9999993
1,1,0.9292624
1,1,0.9999931
1,1,0.99999845
1,1,0.99998856
1,1,0.99996114
1,1,0.99987125
1,1,0.9999546
1,1,0.99999917
1,1,0.9999976
1,1,0.9998412
1,1,0.9999263
1,1,0.99317557
1,1,0.9999988
1,1,0.5504269
1,1,0.99999857
1,1,0.99965465
1,1,0.9999114
1,1,0.9995933
1,1,0.98075014
1,1,0.9999926
1,1,0.9995745
1,1,0.9999598
1,1,0.9989618
1,1,0.99742246
1,1,0.9984634
1,1,0.99991953
1,1,0.9999994
1,1,0.999899
1,1,0.99999774
1,1,0.9957616
1,1,0.9999881
1,1,0.9997824
1,1,0.9820826
1,1,0.99998987
1,1,0.9709221
1,1,0.99999106
1,1,0.9999988
1,1,0.9975902
1,1,0.99917465
1,1,0.9999924
1,1,0.9998871
1,1,0.9997938
1,1,0.9865579
1,1,0.9081033
1,1,0.99990857
1,1,0.9999987
1,1,0.99998486
1,1,0.99967647
1,1,0.999897
1,1,0.9999995
1,1,0.99986076
1,1,0.99999964
1,1,0.99999917
1,1,0.99997497
1,1,0.99988496
1,1,0.99996555
1,1,0.99999285
1,1,0.9999994
1,1,0.99990046
1,1,0.99999166
1,1,0.9997061
1,1,0.9966955
1,1,0.9999764
1,1,0.99979347
1,1,0.9999982
1,1,0.9999373
1,1,0.9999851
1,1,0.99994767
1,1,0.99687564
1,1,0.5207281
1,1,0.9999181
1,1,0.999549
1,1,0.99965084
1,1,0.9999999
1,1,0.9999944
1,1,0.9999987
1,1,0.99987733
1,1,0.999869
1,1,0.9999615
1,1,0.99999845
1,1,0.9581447
1,1,0.99997616
1,1,0.9999715
1,1,0.99982846
1,1,0.999998
1,1,0.9999889
1,1,0.99917644
1,1,0.9999627
1,1,0.99999833
1,1,0.9999714
1,1,0.9999949
1,1,0.99999726
1,1,0.9999896
1,1,0.99999774
1,1,0.99999976
1,1,0.99999857
1,1,0.99975616
1,1,0.9999995
1,1,0.99999845
1,1,0.99999905
1,1,0.9999888
1,1,0.9889464
1,1,0.999936
1,1,0.99999833
1,1,0.9999995
1,1,0.9998869
1,1,0.9996482
1,1,0.9999999
1,1,0.99998295
1,1,0.9999999
1,1,0.9999399
1,1,0.998422
1,1,0.9998148
1,0,0.25700125
1,1,0.9999862
1,1,0.9271225
1,1,0.9999907
1,1,0.9976901
1,1,0.9998784
1,1,0.9875425
1,1,0.9999931
1,1,0.9999976
1,1,0.9999794
1,1,0.9999993
1,1,0.99988234
1,1,0.99999857
1,1,0.99946946
1,1,0.9992755
1,1,0.99919087
1,1,0.9999982
1,1,0.9990736
1,1,0.9989767
1,1,0.9996486
1,1,0.9999585
1,1,0.9995511
1,1,0.99999654
1,1,0.99972886
1,1,0.9967668
1,1,0.9999988
1,1,0.9995704
1,1,0.9999975
1,1,0.99999464
1,1,0.9999949
1,1,0.9999546
1,1,0.9999734
1,1,0.9990343
1,1,0.999997
1,1,0.9999865
1,1,0.99996316
1,1,0.99996495
1,1,0.9999975
1,1,0.9999232
1,1,0.9991991
1,1,0.9999999
1,1,0.999962
1,1,0.99999595
1,1,0.9999988
1,1,0.9999465
1,1,0.99999475
1,1,0.99999714
1,1,0.9999627
1,1,0.99999607
1,1,0.9999864
1,1,0.97778124
1,1,0.99034154
1,1,0.9999987
1,1,0.9577448
1,1,0.9999914
1,1,0.9999838
1,1,0.99999666
1,1,0.99998534
1,1,0.9973533
1,1,0.9999993
1,1,0.9999993
1,1,0.9999435
1,1,0.9998797
1,1,0.9999989
1,1,0.9999151
1,1,0.9958521
1,1,0.99995756
1,1,0.99999917
1,1,0.99998236
1,1,0.99999654
1,1,0.9991393
1,1,0.99998677
1,1,0.9999989
1,1,0.99999535
1,1,0.8934961
1,1,0.99918157
1,1,0.9999982
1,1,0.99999666
1,1,0.99999845
1,1,0.99851483
1,1,0.7513477
1,1,0.9999993
1,1,0.9999993
1,1,0.99999225
1,1,0.97670627
1,1,0.9998776
1,1,0.99999857
1,1,0.99991226
1,1,0.99900216
1,1,0.9999119
1,1,0.99987555
1,1,0.99998844
1,1,0.9998746
1,1,0.9718332
1,1,0.96556103
1,1,0.99999774
1,1,0.9343968
1,1,0.9999583
1,1,0.99847573
1,1,0.9999205
1,1,0.99987173
1,1,0.9787531
1,1,0.99999106
1,1,0.9999999
1,1,0.99999845
1,1,0.99999666
1,1,0.9900315
1,1,0.99982125
1,1,0.9656451
1,1,0.99993086
1,1,0.9999802
1,1,0.9999813
1,1,0.99997985
1,1,0.99938583
1,1,0.9999989
1,1,0.9988689
1,1,0.99962926
1,1,0.9999896
1,1,0.9999989
1,1,0.9999919
1,1,0.8942785
1,1,0.9999987
1,1,0.9999981
1,1,0.9999733
1,1,0.99951875
1,1,0.99999404
1,1,0.99999917
1,1,0.9999671
1,1,0.9999515
1,1,0.99999535
1,1,0.9927746
1,1,0.9999975
1,1,0.99998736
1,1,0.98344535
1,1,0.99999964
1,1,0.9999944
1,1,0.99998736
1,1,0.9999653
1,1,0.99898535
1,1,0.99999714
1,1,0.9999361
1,1,0.99999976
1,0,0.0013634305
1,1,0.9990075
1,1,0.9997904
1,1,0.99997115
1,1,0.9990429
1,1,0.9999912
1,1,0.99999917
1,1,0.99995923
1,1,0.99740475
1,1,0.99999976
1,1,0.99999964
1,1,0.9999963
1,0,0.46750164
1,1,0.9672202
1,1,0.99967337
1,1,0.9985576
1,1,0.99999356
1,1,0.99997365
1,1,0.99796116
1,1,0.9906148
1,1,0.999683
1,1,0.989931
1,1,0.9995172
1,1,0.9913958
1,1,0.9999076
1,1,0.99999964
1,1,0.9997452
1,1,0.9617444
1,1,0.9999453
1,1,0.9999968
1,1,0.99961156
1,1,0.9999956
1,1,0.99999917
1,1,0.99999857
1,1,0.9999399
1,1,0.99999964
1,1,0.999376
1,1,0.99998045
1,1,0.9999205
1,1,0.9999964
1,1,0.9999913
1,1,0.99998367
1,1,0.99999666
1,1,0.99999154
1,1,0.99999547
1,1,0.99999344
1,1,0.9999869
1,1,0.99546754
1,1,0.9995358
1,1,0.9999213
1,1,0.99999976
1,1,0.999998
1,1,0.99985266
1,1,0.99958044
1,1,0.9999981
1,1,0.99997723
1,1,0.99999857
1,1,0.9999999
1,1,0.99999785
1,1,0.9999993
1,1,0.99999774
1,1,0.9999726
1,1,0.99892104
1,1,0.9999993
1,1,0.99758923
1,1,0.9839035
1,1,0.99995935
1,1,0.9999982
1,1,0.9999989
1,1,0.99864835
1,1,0.9999988
1,1,0.9999223
1,1,0.9998752
1,1,0.998159
1,0,0.07541071
1,1,0.99579877
1,1,0.99978274
1,1,0.99998367
1,1,0.7926619
1,1,0.99999344
1,1,0.99999535
1,1,0.99985754
1,1,0.9999691
1,1,0.99773526
1,1,0.99999356
1,1,0.8967908
1,1,0.99942684
1,1,0.99999905
1,1,0.9999577
1,1,0.9986375
1,1,0.9998671
1,1,0.9941625
1,1,0.99999475
1,1,0.99999726
1,1,0.9999969
1,1,0.9883956
1,1,0.9999713
1,1,0.9999999
1,1,0.9999999
1,1,0.98076266
1,1,0.9997789
1,1,0.99995744
1,1,0.999892
1,1,0.9997844
1,1,0.9998344
1,1,0.99984396
1,1,0.9999974
1,1,0.9967757
1,1,0.99994564
1,1,0.9999994
1,1,0.92100424
1,1,0.99999106
1,1,0.99997294
1,1,0.99981683
1,1,0.9999932
1,1,0.9999875
1,1,0.9999906
1,1,0.99997807
1,1,0.99999857
1,1,0.99991846
1,1,0.9986083
1,1,0.72637004
1,1,0.9999931
1,1,0.99999666
1,1,0.99997675
1,1,0.9993678
1,1,0.99999845
1,1,0.95318377
1,1,0.9993967
1,1,0.9999982
1,1,0.9999995
1,1,0.99999964
1,1,0.99972576
1,1,0.99969804
1,1,0.93946815
1,1,0.99992
1,1,0.9999784
1,1,0.99974185
1,1,0.99999547
1,1,0.99784124
1,1,0.9999988
1,1,0.9999976
1,1,0.99806803
1,1,0.9999995
1,1,0.9998379
1,1,0.9999976
1,1,0.99898463
1,1,0.99920267
1,1,0.99997485
1,1,0.99994516
1,1,0.9999951
1,1,0.99991643
1,1,0.9943779
1,1,0.99999917
1,1,0.9999999
1,1,0.99969256
1,1,0.9888995
1,1,0.9999864
1,1,0.99998844
1,1,0.9999883
1,1,0.9999995
1,1,0.9999609
1,1,0.999949
1,1,0.99995744
1,1,0.99999213
1,1,0.9998894
1,1,0.9999881
1,1,0.9821993
1,1,0.99997807
1,1,0.99987423
1,1,0.99896777
1,1,0.56953233
1,1,0.99970895
1,1,0.9999856
1,1,0.9999883
1,1,0.99999356
1,1,0.999897
1,1,0.9998393
1,1,0.96980315
1,1,0.9998648
1,1,0.9998652
1,0,0.26952276
1,1,0.99924785
1,1,0.99997425
1,1,0.9999989
1,1,0.65719503
1,1,0.9964155
1,1,0.99993145
1,1,0.99996483
1,1,0.99955124
1,1,0.9998447
1,1,0.9996325
1,1,0.9996327
1,1,0.9999832
1,1,0.9999112
1,1,0.99978083
1,1,0.9996619
1,1,0.9999994
1,1,0.9999074
1,1,0.9999999
1,1,0.9998814
1,1,0.9701562
1,1,0.99999845
1,1,0.99998295
1,1,0.9999728
1,1,0.9999989
1,1,0.9999999
1,1,0.99991584
1,1,0.9875803
1,1,0.99998665
1,1,0.9958293
1,1,0.99716717
1,1,0.9999994
1,1,0.9999294
1,1,0.99998224
1,1,0.87732154
1,1,0.99999857
1,1,0.99852777
1,1,0.9999845
1,1,0.99688405
1,1,0.97958976
1,1,0.9987866
1,1,0.9999924
1,1,0.9987262
1,1,0.9999858
1,1,0.9999993
1,1,0.9996263
1,1,0.99999976
1,1,0.99747473
1,1,0.9852461
1,1,0.99998736
1,1,0.9999993
1,1,0.9999989
1,1,0.9999993
1,1,0.9999988
1,1,0.6375583
1,1,0.9999138
1,1,0.99999917
1,1,0.9999988
1,1,0.99998605
1,1,0.9999931
1,1,0.99341846
1,1,0.9999982
1,1,0.98172015
1,1,0.99256283
1,1,0.9999709
1,1,0.99995506
1,1,0.9999913
1,1,0.99999917
1,1,0.9997073
1,1,0.9999852
1,1,0.99998856
1,1,0.9995447
1,1,0.99983704
1,1,0.9999881
1,1,0.99999976
1,1,0.9995852
1,1,0.9999746
1,1,0.99991703
1,1,0.99996245
1,1,0.99999714
1,1,0.9603782
1,1,0.99999094
1,1,0.99999964
1,1,0.99998116
1,1,0.99999845
1,1,0.99999857
1,1,0.99818903
1,1,0.9995122
1,1,0.9996468
1,1,0.99986696
1,1,0.7764923
1,1,0.99998534
1,1,0.9999852
1,1,0.9991002
1,1,0.99874854
1,1,0.99994445
1,1,0.99997413
1,1,0.9551273
1,1,0.9994912
1,1,0.9999846
1,1,0.9999888
1,1,0.99995136
1,1,0.7836721
1,1,0.99949
1,1,0.9999851
1,1,0.9999653
1,1,0.99999464
1,1,0.9999995
1,1,1.0
1,1,0.9999975
1,1,0.9999945
1,1,0.9996834
1,1,0.9999907
1,1,0.99985147
1,1,0.9996691
1,1,0.9938985
1,1,0.9941274
1,1,0.9998542
1,1,0.9999877
1,1,0.9994777
1,1,0.98886627
1,1,0.99004656
1,1,0.9978605
1,1,0.9999639
1,1,0.9999968
1,1,0.99785584
1,1,0.9999577
1,1,0.9999993
1,1,0.8822856
1,1,0.99955446
1,1,0.9954863
1,1,0.99057794
1,1,0.999987
1,1,0.999997
1,1,0.999979
1,0,0.07585342
1,1,0.99943894
1,1,0.9992811
1,1,0.99999976
1,1,0.99999905
1,1,0.9999962
1,0,0.48749098
1,1,0.99999833
1,1,0.9998543
1,1,0.9999914
1,1,0.9996834
1,1,0.99999917
1,1,0.999653
1,1,0.9999981
1,1,0.9999951
1,1,0.99999
1,1,0.99999
1,1,0.9999988
1,1,0.9999765
1,1,0.9747069
1,1,0.9997508
1,1,0.99999905
1,1,0.99999857
1,1,0.9659938
1,1,0.9999975
1,1,0.9999974
1,1,0.99991727
1,1,0.99999535
1,1,0.99998474
1,1,0.9998417
1,1,0.99999607
1,1,0.99789786
1,1,0.99999213
1,1,0.9900945
1,1,0.999711
1,1,0.99425054
1,1,0.74581283
1,1,0.99999225
1,1,0.9999999
1,1,0.9997315
1,1,0.9998271
1,1,0.9999256
1,1,0.9105873
1,1,0.9999962
1,1,0.99914825
1,1,0.9999931
1,1,0.9999031
1,1,0.9992225
1,1,0.9999914
1,1,0.99997365
1,1,0.9999542
1,1,0.9999485
1,1,0.9999964
1,1,0.99723226
1,1,0.99958736
1,1,0.9999964
1,1,0.9999906
1,1,0.9999999
1,1,0.99992883
1,1,0.99989176
1,1,0.99994004
1,1,0.99998665
1,1,0.99996173
1,1,0.9999298
1,1,0.9999994
1,1,0.9972977
1,1,0.9999987
1,1,0.9999968
1,1,0.9999993
1,1,0.99999654
1,1,0.9999342
1,1,0.99983335
1,1,0.9999877
1,1,0.9982116
1,1,0.9999647
1,1,0.99996376
1,1,0.9989184
1,1,0.9999825
1,1,0.9972331
1,1,0.99999976
1,1,0.99989593
1,1,0.9999316
1,1,0.83026433
1,1,0.99999976
1,1,0.9999974
1,1,0.99998045
1,1,0.99990845
1,1,0.99675506
1,1,0.53010494
1,1,0.99995506
1,1,0.99941456
1,1,0.9999386
1,1,0.99999535
1,1,0.9996056
1,1,0.9999821
1,1,0.999998
1,0,0.16119839
1,1,0.9999714
1,1,0.9999958
1,1,0.9874627
1,1,0.99994445
1,1,0.9999902
1,1,0.99999845
1,1,0.9999057
1,1,0.9999856
1,1,0.99998534
1,1,0.999796
1,1,0.9999963
1,0,0.19684063
1,1,0.9999994
1,1,0.9999989
1,1,0.9996074
1,1,0.9996736
1,1,0.9971945
1,1,0.99983
1,1,0.99999964
1,1,0.99996734
1,1,0.9990615
1,1,0.9998559
1,1,0.980859
1,1,0.9999949
1,1,0.99900657
1,1,0.9998276
1,1,0.9999988
1,1,0.9999939
1,1,0.7584776
1,1,0.9996216
1,1,0.99999106
1,1,0.7228083
1,1,0.9999771
1,1,0.99999964
1,1,0.9999994
1,1,0.9997502
1,1,0.99998176
1,1,0.999998
1,1,0.9993782
1,1,0.99980694
1,1,0.9998666
1,0,0.0066685867
1,1,0.9999734
1,1,0.99925
1,1,0.9999968
1,1,0.9999962
1,1,0.9945235
1,1,0.99903995
1,1,0.9959055
1,1,0.99999213
1,1,0.9770808
1,1,0.9999777
1,1,0.99427056
1,1,0.89267635
1,1,0.99999475
1,1,0.9999627
1,1,0.9999615
1,1,0.72576666
1,1,0.9999974
1,1,0.99972945
1,1,0.9995766
1,1,0.99999774
1,1,0.99999964
1,1,0.99996936
1,1,0.99999416
1,1,0.99971324
1,1,0.9997619
1,1,0.9999964
1,1,0.9985304
1,1,0.9995945
1,1,0.96568274
1,1,0.999985
1,1,0.99921036
1,1,0.9999976
1,1,0.99928313
1,1,0.9998196
1,1,0.9999957
1,1,0.99999964
1,1,0.9999558
1,1,0.99996674
1,1,0.9999677
1,1,0.9999975
1,1,0.91998386
1,1,0.9999902
1,1,0.99999964
1,1,0.999992
1,1,0.84506655
1,1,0.99998975
1,1,0.9999713
1,0,0.48326355
1,1,0.9999994
1,1,0.99951446
1,1,0.99999464
1,1,0.99997604
1,1,0.998437
1,1,0.99999917
1,1,0.99999046
1,1,0.9959533
1,0,0.00012085402
1,1,0.9999993
1,1,0.9999995
1,1,0.99999964
1,1,0.9987754
1,1,0.9999945
1,1,0.9999155
1,1,0.9998908
1,1,0.9999956
1,1,0.78161037
1,1,0.99279046
1,1,0.99980813
1,0,0.013017059
1,1,0.9999995
1,1,0.99997103
1,1,0.9999987
1,1,0.9992963
1,1,0.83054966
1,1,0.9996722
1,1,0.9999471
1,1,0.99996614
1,1,0.97592396
1,1,0.9998431
1,1,0.99999964
1,1,0.99999833
1,1,0.99999976
1,1,0.6630557
1,1,0.99999595
1,1,0.99999845
1,1,0.9999987
1,1,0.99971825
1,1,0.98489887
1,1,0.9999449
1,1,0.9999995
1,1,0.9999386
1,1,0.98848
1,1,0.9999833
1,1,0.9922695
1,1,0.9933996
1,1,0.9999994
1,1,0.99999225
1,1,0.99999976
1,1,0.99999976
1,1,0.93964946
1,1,0.7606719
1,1,0.99994445
1,1,0.999944
1,1,0.9936527
1,1,0.9999988
1,1,0.9999974
1,1,0.9999896
1,1,0.9999968
1,1,0.99986017
1,1,0.99999726
1,1,0.99960834
1,1,0.9999219
1,1,0.8921574
1,1,0.9986895
1,1,0.99983716
1,1,0.99999654
1,1,0.99946755
1,1,0.9993777
1,1,0.9973022
1,1,0.99998546
1,1,0.99998796
1,1,0.99944216
1,1,0.95045507
1,1,0.99999416
1,1,0.9999907
1,1,0.9987576
1,1,0.999997
1,1,0.99998415
1,1,0.9999995
1,1,0.9999877
1,1,0.99999905
1,1,0.9999809
1,1,0.9911308
1,1,0.999995
1,1,0.9991836
1,1,0.9999976
1,1,0.9999988
1,1,0.9997243
1,1,0.99978226
1,1,0.99999547
1,1,0.99998856
1,1,0.9999901
1,1,0.99985933
1,1,0.999696
1,0,0.46635088
1,1,0.99989796
1,1,0.99998
1,1,0.99999547
1,1,0.99951136
1,1,0.9999622
1,1,0.99997103
1,1,0.9998989
1,1,0.9999355
1,1,0.60798585
1,1,0.9999989
1,1,0.9999608
1,1,0.999605
1,1,0.9999901
1,1,0.9999987
1,1,0.99999917
1,1,0.9999882
1,0,0.033444043
1,1,0.9999994
1,1,0.99927753
1,1,0.9998894
1,1,0.99992704
1,1,0.9998827
1,1,0.999997
1,1,0.99999964
1,1,0.9999958
1,1,0.99999666
1,1,0.9999621
1,1,0.9999925
1,1,0.9682058
1,1,0.9999852
1,1,0.99999976
1,1,0.9999355
1,1,0.63231814
1,1,0.9865037
1,1,0.99997735
1,1,0.9998288
1,1,0.9999999
1,1,0.9997875
1,1,0.99807066
1,1,0.9999856
1,1,0.9979674
1,1,0.9999926
1,1,0.9998976
1,1,0.99562246
1,1,0.99999964
1,1,0.9999819
1,1,0.9995492
1,1,0.99999
1,1,0.999995
1,1,0.99999845
1,1,0.999998
1,1,0.9999906
1,1,0.99999917
1,1,0.999316
1,1,0.7766457
1,1,0.9613187
1,1,0.99876094
1,1,0.9989967
1,1,0.9999901
1,1,0.99894816
1,0,0.47549754
1,1,0.9999987
1,1,0.9999759
1,1,0.9999871
1,1,0.9979582
1,1,0.9791869
1,1,0.99997234
1,1,0.99999046
1,1,0.99987817
1,1,0.9999492
1,1,0.9999639
1,1,0.99999666
1,1,0.99998343
1,1,0.9999999
1,1,0.97348595
1,1,0.9841778
1,1,0.99998
1,1,0.9999963
1,1,0.9999881
1,1,0.99998915
1,1,0.99998903
1,1,0.9999956
1,1,0.9983367
1,1,0.99999857
1,1,0.99998105
1,1,0.99813807
1,1,0.9999974
1,1,0.99942565
1,1,0.99999225
1,1,0.99994254
1,1,0.999998
1,1,0.99999917
1,1,0.99999046
1,1,0.99999595
1,1,0.99998784
1,1,0.9999987
1,1,0.99999976
1,1,0.9999908
1,1,0.99999857
1,1,0.99999785
1,1,0.99988425
1,1,0.9999975
1,1,0.9999007
1,1,0.99996376
1,1,0.9945754
1,1,0.9961947
1,1,0.9909306
1,1,0.9999968
1,1,0.99830854
1,1,0.9999975
1,1,0.9999957
1,1,0.9999994
1,1,0.9999864
1,1,0.99990535
1,1,0.9999994
1,1,0.99999964
1,1,0.99978775
1,1,0.9999764
1,1,0.9999788
1,1,0.9998342
1,1,0.9999701
1,1,0.9987858
1,1,0.94658744
1,1,0.999775
1,1,0.99988496
1,1,0.9999323
1,1,0.99966943
1,1,0.99962604
1,1,0.7852267
1,1,0.99996233
1,1,0.9999988
1,1,0.9998926
1,1,0.9999827
1,1,0.99999857
1,1,0.9999949
1,1,0.99994075
1,1,0.9999987
1,1,0.999997
1,1,0.9996228
1,1,0.99999785
1,1,0.9999962
1,1,0.99997854
1,1,0.99978846
1,1,0.9963851
1,1,0.9997609
1,1,0.9999956
1,1,0.9899435
1,1,0.99999976
1,1,0.9999974
1,1,0.9999274
1,1,0.9999689
1,1,0.99932075
1,1,0.9991898
1,1,0.9999734
1,0,0.38705784
1,1,0.9999988
1,1,0.99995005
1,1,0.9999851
1,1,0.9999976
1,1,0.99998987
1,1,0.9999021
1,1,0.9994729
1,1,0.9999974
1,1,0.9997249
1,1,0.99999213
1,1,0.9957789
1,1,0.9999993
1,1,0.9999962
1,0,0.054883696
1,1,0.9999267
1,1,0.99999905
1,1,0.9993709
1,1,0.99999964
1,0,0.49856243
1,1,0.99999785
1,1,0.99960154
1,1,0.9999994
1,1,0.99123514
1,1,0.9999994
1,1,0.9991948
1,1,0.99994814
1,1,0.9999993
1,1,0.96109265
1,1,0.9987895
1,1,0.9731077
1,1,0.999907
1,1,0.9999305
1,1,0.99999166
1,1,0.99999857
1,1,0.9993388
1,1,0.99993694
1,1,0.9969932
1,1,0.9997842
1,1,0.9999752
1,1,0.9999993
1,1,0.9999908
1,1,0.99999857
1,1,0.99997914
1,1,0.99999774
1,1,0.99999404
1,1,0.9999832
1,1,0.9980338
1,1,0.9999938
1,1,0.9997664
1,1,0.9999907
1,1,0.9999782
1,1,0.9999995
1,1,0.99999964
1,0,0.27407852
1,1,0.99997246
1,1,0.9997285
1,1,0.9999981
1,1,0.99999917
1,1,0.999998
1,1,0.99995124
1,1,0.9999988
1,1,0.999987
1,1,0.999984
1,1,0.9999883
1,1,0.99994564
1,1,0.99905735
1,1,0.99893194
1,1,0.9999994
1,1,0.99999774
1,1,0.99795794
1,1,0.99898237
1,1,0.9999567
1,1,0.9999964
1,1,0.99999774
1,1,0.9999682
1,1,0.99952996
1,1,0.9997527
1,1,0.99985933
1,1,0.9999999
1,1,0.99995863
1,1,0.9947272
1,1,0.99971706
1,1,0.98685455
1,1,0.9999949
1,1,0.99997663
1,1,0.99999714
1,1,0.99948275
1,1,0.79232067
1,1,0.99945706
1,1,0.9974692
1,1,0.99999976
1,1,0.96102804
1,1,0.9999844
1,1,0.99997556
1,1,0.99999774
1,1,0.99834347
1,1,0.9999858
1,1,0.99961394
1,1,0.9999975
1,1,0.99999666
1,1,0.9999974
1,1,0.99993837
1,1,0.9984491
1,1,0.9999335
1,1,0.99665475
1,1,0.99999595
1,1,0.9999498
1,1,0.99999654
1,1,0.9999976
1,1,0.9994413
1,1,0.99998474
1,1,0.9999758
1,1,0.9998832
1,1,0.99985445
1,1,0.9980282
1,1,0.99997056
1,1,0.99999976
1,0,0.3175806
1,1,0.9999962
1,1,0.6448241
1,1,0.9999869
1,1,0.9993518
1,1,0.9999838
1,1,0.99999833
1,1,0.9978242
1,1,0.9999999
1,1,0.99999976
1,1,0.9954972
1,1,0.99999154
1,1,0.9999864
1,1,0.9996145
1,1,0.99999917
1,1,0.99996436
1,1,0.999998
1,1,0.9999993
1,1,0.9992418
1,1,0.9999968
1,1,0.99999964
1,1,0.99999845
1,1,0.9999912
1,1,0.9999728
1,1,0.9999989
1,1,0.9016119
1,1,0.99972147
1,1,0.99990594
1,1,0.9998215
1,1,0.999985
1,1,0.9999907
1,1,0.9999877
1,1,0.99966824
1,1,0.9999974
1,1,0.95269036
1,1,0.9970336
1,1,0.9999976
1,1,0.99997234
1,1,0.99994504
1,1,0.9998741
1,1,0.99977285
1,1,0.9999975
1,1,0.9999927
1,1,0.999998
1,1,0.99996555
1,1,0.9999896
1,1,0.9998908
1,1,0.9743258
1,1,0.9999697
1,1,0.9999938
1,1,0.99999964
1,1,0.99977237
1,1,0.99998
1,1,0.9999701
1,1,0.9999808
1,1,0.999995
1,1,0.99838126
1,1,1.0
1,1,0.99992514
1,1,0.9993192
1,1,0.99989974
1,0,0.10394233
1,1,0.99663585
1,1,0.9999974
1,1,0.9999944
1,1,0.9999981
1,1,0.9993168
1,1,0.9999981
1,1,0.99633235
1,1,0.99999297
1,1,0.9999713
1,1,0.9999479
1,1,0.9999654
1,1,0.99999964
1,1,0.99988127
1,1,0.9985348
1,1,0.9877579
1,1,0.99943775
1,1,0.9999788
1,1,0.9951984
1,1,0.99966156
1,1,0.9999604
1,1,0.67059875
1,1,0.99999845
1,1,0.99999964
1,1,0.999995
1,1,0.9988059
1,1,0.9999763
1,1,0.99999726
1,1,0.99991226
1,1,0.99771607
1,1,0.9999989
1,1,0.775196
1,1,0.99996066
1,1,0.955222
1,1,0.58156794
1,1,0.9999976
1,1,0.99999917
1,1,0.99999547
1,1,0.99943334
1,1,0.999371
1,1,0.9999995
1,1,0.9999987
1,1,0.9996463
1,1,0.9999981
1,1,0.9999926
1,1,0.9999964
1,1,0.9899211
1,1,0.99998486
1,1,0.9999726
1,1,0.99999166
1,1,0.9999565
1,1,0.99997723
1,1,0.98545897
1,1,0.99995625
1,1,0.9999945
1,1,0.99999905
1,1,0.9999993
1,1,0.9999604
1,1,0.99999917
1,1,0.9999927
1,1,0.99747974
1,1,0.9999987
1,1,0.99606115
1,1,0.999997
1,1,0.9999974
1,1,0.99999845
1,1,0.9982363
1,1,0.99525154
1,1,0.99992764
1,1,0.9999987
1,1,0.9999392
1,1,0.97013444
1,1,0.999959
1,1,0.99996305
1,1,0.9977654
1,1,0.9999962
1,1,0.99999976
1,1,0.9999863
1,1,0.99999976
1,1,0.9998951
1,1,0.998061
1,1,0.99998057
1,1,0.9994894
1,1,0.99995124
1,1,0.99999046
1,1,0.99999344
1,1,0.9994599
1,1,0.9999393
1,1,0.99971455
1,1,0.9999846
1,0,0.001602436
1,1,0.99924624
1,1,0.99991834
1,1,0.9999974
1,1,0.9999951
1,1,0.99664825
1,1,0.9999974
1,1,0.9999889
1,1,0.9995913
1,1,0.99969757
1,1,0.9988374
1,1,0.99779737
1,1,0.9999677
1,1,0.9994442
1,1,0.99999845
1,1,0.99963737
1,1,0.9999994
1,1,0.99998236
1,1,0.9008766
1,1,0.9998161
1,1,0.999984
1,1,0.9999566
1,1,0.99986005
1,1,0.9999968
1,1,0.99999344
1,1,0.9999168
1,1,0.9999503
1,1,0.9472151
1,1,0.9990947
1,1,0.99999833
1,1,0.99968016
1,1,0.9999491
1,1,0.99998295
1,1,0.9999981
1,1,0.9999933
1,1,0.9999981
1,1,0.9999994
1,1,0.99998295
1,1,0.9999993
1,1,0.9997433
1,1,0.9934449
1,0,0.39935786
1,1,0.99997056
1,1,0.9995413
1,1,0.9998667
1,1,0.99998236
1,1,0.99933535
1,1,0.99992645
1,1,0.92552716
1,1,0.99999595
1,1,0.9999974
1,1,0.97894055
1,1,0.9998029
1,1,0.9858294
1,1,0.9996798
1,1,0.9999883
1,1,0.999998
1,0,0.33986348
1,1,0.9987343
1,1,0.99999845
1,1,0.9999943
1,1,0.9999516
1,1,0.5701112
1,1,0.98792934
1,1,0.9831685
1,1,0.999887
1,1,0.99995625
1,1,0.9997726
1,1,0.99997973
1,1,0.999936
1,1,0.9999989
1,1,0.9998578
1,1,0.99999106
1,1,0.9999994
1,1,0.99999964
1,1,0.99996674
1,1,0.9996928
1,1,0.99999917
1,1,0.99999976
1,1,0.9992828
1,1,0.9999058
1,1,0.9999993
1,1,0.9978009
1,1,0.9936532
1,1,0.99999607
1,1,0.9998821
1,1,0.97613347
1,1,0.90086925
1,1,0.99971265
1,1,0.9985403
1,1,0.9999714
1,1,0.9999999
1,1,0.9999908
1,1,0.99972194
1,1,0.999964
1,1,0.99878806
1,1,0.99999774
1,1,0.9999927
1,1,0.9959824
1,1,0.9995432
1,1,0.9999994
1,1,0.99817896
1,1,0.99999595
1,1,0.99998677
1,1,0.99999714
1,1,0.9966343
1,1,0.99996674
1,1,0.9999224
1,1,0.99911875
1,1,0.999964
1,1,0.99833375
1,1,0.9868389
1,1,0.998804
1,1,0.9999995
1,1,0.9999802
1,1,0.99999976
1,1,0.99984956
1,1,0.992919
1,1,0.975425
1,1,0.9999989
1,1,0.9999591
1,0,0.03536718
1,1,0.9999795
1,1,0.9999392
1,1,0.9999535
1,1,0.9999956
1,1,0.9996631
1,1,0.9999715
1,1,0.9999852
1,1,0.9999895
1,1,0.9996338
1,1,0.99993646
1,1,0.99994457
1,1,0.9994917
1,1,0.99964464
1,1,0.9998585
1,1,0.99988556
1,1,0.96661514
1,1,0.99999964
1,1,0.9852975
1,1,0.99999285
1,1,0.99997735
1,1,0.9999993
1,0,0.13278113
1,1,0.999998
1,1,0.82200915
1,1,0.9971054
1,1,0.99995816
1,1,0.99999464
1,1,0.9999629
1,1,0.9999945
1,0,0.29208618
1,1,0.9999069
1,1,0.9999666
1,1,0.9991345
1,1,0.9690911
1,1,0.99999595
1,1,0.9983809
1,1,0.99993587
1,1,0.9997304
1,1,0.99995816
1,0,0.49630293
1,1,0.99999845
1,1,0.9982369
1,1,0.99977857
1,1,0.99629956
1,1,0.98592883
1,1,0.9998578
1,1,0.99940467
1,1,0.9996476
1,1,0.99993074
1,1,0.9999887
1,1,0.99999607
1,0,0.028061233
1,1,0.99996567
1,1,0.9999944
1,1,0.9999999
1,1,0.9999989
1,1,0.9997789
1,1,0.999977
1,1,0.99999535
1,1,0.9969668
1,1,0.9999994
1,1,0.99999785
1,1,0.99999964
1,1,0.99995995
1,1,0.99043053
1,1,0.99937004
1,1,0.9999914
1,1,0.9999831
1,1,0.99856514
1,1,0.9999981
1,1,0.9798044
1,1,0.99999964
1,0,0.16213453
1,1,0.9999989
1,1,0.9999939
1,1,0.999995
1,1,0.99996984
1,1,0.9999975
1,1,0.99940276
1,1,0.99997294
1,1,0.999895
1,1,0.99519265
1,1,0.99992526
1,1,0.99835074
1,1,0.9999627
1,1,0.9999281
1,1,0.99999547
1,1,0.9999405
1,0,0.2079529
1,1,0.9922666
1,1,0.99998105
1,1,0.99964404
1,1,0.9999951
1,1,0.99998844
1,1,0.99994075
1,1,0.9999932
1,1,0.9999515
1,1,0.9999999
1,1,0.99879396
1,1,0.9999964
1,1,0.9999927
1,1,0.99044484
1,1,0.99999213
1,1,0.9999999
1,1,0.9999981
1,1,0.999987
1,0,0.0017844543
1,1,0.99999464
1,1,0.9999981
1,1,0.9995478
1,1,0.99991083
1,1,0.99999785
1,1,0.99999905
1,1,0.83798844
1,1,0.99996257
1,1,0.99952495
1,1,0.999936
1,1,0.9893797
1,1,0.9997615
1,1,0.99996936
1,0,0.30302617
1,1,0.99999714
1,1,0.9999703
1,1,0.9999925
1,1,0.9999975
1,1,0.99999976
1,1,0.9999988
1,1,0.99999046
1,1,0.9908557
1,1,0.9997948
1,1,0.9537103
1,1,0.99991
1,1,0.999803
1,1,0.9999999
1,1,0.9998678
1,1,0.9996216
1,1,0.9999006
1,1,0.9999963
1,1,0.9999746
1,1,0.99999905
1,1,0.999841
1,1,0.99999654
1,1,0.9999987
1,1,0.9996736
1,1,0.999813
1,1,0.99999774
1,1,0.9999981
1,1,0.9998184
1,1,0.99999857
1,1,0.9999969
1,1,0.9999956
1,1,0.99998605
1,1,0.999803
1,1,0.9997074
1,1,0.9912493
1,1,0.99980253
1,1,0.9999995
1,1,0.9976616
1,1,0.99999833
1,1,0.9999933
1,1,0.99999976
1,1,0.99998987
1,1,0.99999595
1,1,0.9999908
1,1,0.9999697
1,1,0.999585
1,1,0.9994931
1,1,0.99841845
1,1,0.9999622
1,1,0.99998593
1,1,0.9972088
1,1,0.9999882
1,1,0.9999856
1,1,0.8596888
1,1,0.99999964
1,1,0.9997496
1,1,0.99959177
1,1,0.99999917
1,1,0.9999987
1,1,0.99990845
1,1,0.9999715
1,1,0.99999714
1,1,0.9999509
1,1,0.81165737
1,1,0.9995704
1,1,0.9631314
1,1,0.9999989
1,1,0.9999715
1,1,0.9999515
1,1,0.9999958
1,1,0.891847
1,1,0.9999993
1,1,0.99999905
1,1,0.99954945
1,1,0.9997619
1,1,0.9982553
1,1,0.9999975
1,1,0.9983834
1,1,0.9998412
1,1,0.946822
1,1,0.9999944
1,1,0.99970204
1,1,0.9976362
1,1,0.998722
1,1,0.9999958
1,1,0.9999949
1,1,0.99973935
1,1,0.9999993
1,1,0.99999964
1,1,0.9999968
1,1,0.9999999
1,1,0.9999833
1,1,0.99994695
1,1,0.9999615
1,1,0.99588925
1,1,0.99997807
1,1,0.9990866
1,1,0.9998956
1,1,0.99999976
1,1,0.99999094
1,1,0.99995923
1,1,0.9999906
1,1,0.99999416
1,1,0.9997303
1,1,0.99985766
1,1,0.99997556
1,1,0.9997625
1,1,0.999762
1,1,0.99993026
1,0,0.0474019
1,1,0.9999951
1,1,0.9999995
1,1,0.99896383
1,1,0.9999814
1,1,0.9999993
1,0,0.015781175
1,1,0.9997863
1,1,0.9998628
1,1,0.99999905
1,1,0.9999225
1,1,0.9999578
1,1,0.99994445
1,1,0.99997973
1,1,0.9995321
1,1,0.99916506
1,1,0.99997723
1,1,0.9999968
1,1,0.9999981
1,1,0.9999981
1,0,0.15459675
1,1,0.9993026
1,1,0.9999999
1,1,0.9999989
1,1,0.9998722
1,1,0.9999492
1,1,0.9999877
1,1,0.9999987
1,1,0.9999256
1,1,0.99999344
1,1,0.99882
1,0,0.37000027
1,1,0.999863
1,1,0.98947513
1,1,0.9999875
1,1,0.9990565
1,1,0.9999943
1,1,0.9999989
1,1,0.9999944
1,1,0.99999726
1,1,0.999102
1,1,0.9999982
1,1,0.99997425
1,1,0.9999511
1,1,0.9997373
1,1,0.99997735
1,1,0.9991467
1,1,0.99986553
1,1,0.99997306
1,1,0.9997075
1,1,0.99991083
1,1,0.9982931
1,1,0.9903162
1,1,0.98189825
1,1,0.9999925
1,1,0.9995402
1,1,0.9997882
1,1,0.99986696
1,1,0.969282
1,1,0.9999914
1,1,0.999998
1,1,0.99999976
1,1,0.98916954
1,1,0.99999976
1,1,0.9821332
1,1,0.99998534
1,1,0.9999989
1,1,0.9998714
1,1,0.99986637
1,1,0.9959287
1,1,0.99985754
1,1,0.99991
1,1,0.99999976
1,1,0.99999356
1,1,0.9999082
1,1,0.99963427
1,1,0.9999924
1,1,0.6348611
1,1,0.99999356
1,1,0.9997631
1,1,0.99999464
1,1,0.9994235
1,1,0.9999937
1,1,0.9999932
1,1,0.9947137
1,1,0.99999917
1,1,0.99999774
1,1,0.999997
1,1,0.9991875
1,1,0.9995726
1,1,0.99660754
1,1,0.995379
1,1,0.99990356
1,1,0.99999976
1,1,0.9795853
1,1,0.99999964
1,1,0.9975309
1,1,0.99998283
1,1,0.9999747
1,1,0.9999188
1,1,0.98419696
1,1,0.9955114
1,1,0.99999964
1,1,0.9994436
1,1,0.9999989
1,1,0.9999987
1,1,0.9999701
1,1,0.99999297
1,1,0.99999404
1,1,0.7902127
1,1,0.9989231
1,1,0.999933
1,1,0.99999976
1,1,0.99999523
1,1,0.9999007
1,1,0.9723637
1,1,0.9999815
1,0,0.43019646
1,1,0.9999819
1,1,0.9994666
1,1,0.9999969
1,0,0.21569318
1,1,0.9999809
1,1,0.9999982
1,1,0.98414856
1,1,0.91881144
1,1,0.9999933
1,1,0.97655416
1,1,0.9999988
1,1,0.9996973
1,1,0.9999995
1,1,0.9999739
1,1,0.9998275
1,1,0.9999963
1,1,0.9997732
1,1,0.99997723
1,1,0.9999989
1,1,0.99855644
1,1,0.9383727
1,1,0.99999595
1,1,0.9999964
1,1,0.9972632
1,1,0.9142191
1,1,0.84966797
1,1,0.99983585
1,1,0.99999905
1,1,0.998953
1,1,0.98700595
1,1,0.9999958
1,1,0.99983585
1,1,0.886219
1,1,0.9999994
1,1,0.9989348
1,1,0.9501299
1,1,0.9999989
1,1,0.9998741
1,1,0.9998977
1,1,0.99999917
1,1,0.9997255
1,1,0.99995613
1,1,0.97988725
1,1,0.999519
1,1,0.80466574
1,1,0.9999815
1,1,0.9999893
1,1,0.99998474
1,1,0.99996173
1,1,0.9999877
1,1,0.99999905
1,1,0.9997466
1,1,0.99737036
1,1,0.99998987
1,1,0.9997266
1,1,0.9999894
1,1,0.99998033
1,1,0.9999969
1,1,0.9999988
1,1,0.9999999
1,1,0.99999547
1,1,0.9955265
1,0,0.23674484
1,1,0.9991984
1,1,0.9999988
1,1,0.99974436
1,1,0.99945873
1,1,0.9999181
1,1,0.9999863
1,1,0.9992489
1,1,0.96856225
1,1,0.9999814
1,1,0.9999925
1,1,0.99829835
1,1,0.9998654
1,1,0.99999404
1,1,0.9999987
1,1,0.78070843
1,1,0.99996054
1,1,0.9999938
1,1,0.99999964
1,1,0.9999788
1,1,0.99994385
1,1,0.9999981
1,1,0.9990275
1,1,0.99999297
1,1,0.99998915
1,1,0.9980015
1,1,0.99964654
1,1,0.99631494
1,1,0.99998903
1,1,0.9999995
1,1,0.9999974
1,1,0.99987316
1,1,0.9998356
1,1,0.97336
1,1,0.9998876
1,1,0.9999887
1,1,0.999985
1,1,0.99996054
1,1,0.99799806
1,1,0.98855084
1,1,0.99989235
1,1,0.99999726
1,1,0.9999956
1,1,0.9999968
1,1,0.9999932
1,1,0.92695683
1,1,0.99999833
1,1,0.9999988
1,1,0.99942315
1,1,0.99971944
1,1,0.9999174
1,1,0.99999917
1,1,0.9990146
1,1,0.9999522
1,1,0.99999404
1,1,0.8477306
1,1,0.99999964
1,1,0.99999964
1,1,0.9998323
1,1,0.9999832
1,1,0.9997266
1,1,0.9984743
1,1,0.9999541
1,1,0.9994306
1,1,0.9997818
1,1,0.99999774
1,1,0.94760424
1,1,0.99999785
1,1,0.9999976
1,1,0.99951565
1,1,0.9901614
1,1,0.999995
1,1,0.99997485
1,1,0.9994856
1,0,0.46354982
1,1,0.99999654
1,1,0.99950516
1,1,0.99999845
1,1,0.9999815
1,1,0.9999856
1,1,0.9999287
1,1,0.9999603
1,1,0.9999151
1,1,0.99992585
1,1,0.99998176
1,1,0.99999285
1,1,0.9982127
1,1,0.9999995
1,1,0.9999604
1,1,0.8825871
1,1,0.9998847
1,1,0.99999976
1,1,0.99999547
1,1,0.9997067
1,1,0.9999633
1,1,0.9999858
1,1,0.9999864
1,1,0.9997172
1,1,0.99999845
1,1,0.92312384
1,1,0.9003586
1,1,0.99999654
1,1,0.9998062
1,1,0.9996822
1,1,0.99628323
1,1,0.9999931
1,0,0.007427621
1,1,0.99999106
1,1,0.99997365
1,1,0.9998503
1,1,0.9999957
1,1,0.99899405
1,1,0.99999654
1,1,0.99999464
1,0,0.009436085
1,1,0.9923333
1,1,0.9999989
1,1,0.9999758
1,1,0.9997472
1,1,0.9999919
1,1,0.99999976
1,1,0.99909365
1,1,0.9999398
1,1,0.7973488
1,1,0.99997985
1,1,0.99904555
1,1,0.9991135
1,1,0.99992585
1,1,0.9994854
1,1,0.99999726
1,0,0.00023081902
1,1,0.9999951
1,1,0.96122336
1,1,0.9999951
1,1,0.9999796
1,1,0.99848515
1,1,0.9713362
1,1,0.99992263
1,1,0.99998105
1,1,0.9999982
1,1,0.99998415
1,1,0.99999607
1,1,0.9997025
1,1,0.9999994
1,1,0.9999275
1,1,0.9999931
1,1,0.9988581
1,1,0.9999931
1,1,0.99980646
1,1,0.9999893
1,1,0.99999785
1,1,0.999966
1,1,0.99999905
1,1,0.99999964
1,1,0.96347237
1,1,0.99998593
1,1,0.9999982
1,1,0.99988663
1,1,0.9999999
1,1,0.999972
1,1,0.9979188
1,1,0.99999857
1,1,0.999984
1,1,0.9928726
1,0,0.32058913
1,1,0.9996045
1,1,0.9999981
1,1,0.999998
1,1,0.99999654
1,1,0.99999976
1,1,0.9999875
1,1,0.9999962
1,1,0.94198954
1,1,0.9993092
1,0,0.37415835
1,1,0.99991536
1,1,0.9832072
1,1,0.9999896
1,1,0.99995565
1,1,0.9999435
1,1,0.99999833
1,1,0.99999785
1,1,0.9999912
1,1,0.9999945
1,1,0.9999974
1,1,0.97101766
1,1,0.999997
1,1,0.99999
1,1,0.9999993
1,1,0.9999974
1,1,0.99718696
1,1,0.99999976
1,1,0.99848986
1,1,0.99999726
1,1,0.99999595
1,1,0.999998
1,1,0.99992764
1,1,0.99999523
1,1,0.99645174
1,1,0.9996984
1,1,0.9999982
1,1,0.9999943
1,1,0.9999279
1,1,0.99997807
1,1,0.999956
1,1,0.9999875
1,1,0.99998355
1,1,0.99995744
1,1,0.9965348
1,1,0.99881685
1,1,0.9998253
1,1,0.77013546
1,1,0.99999523
1,1,0.9999999
1,1,0.9999944
1,1,0.9999572
1,1,0.99999595
1,1,0.9999993
1,1,0.9999471
1,1,0.9989693
1,1,0.999998
1,1,0.9999871
1,1,0.99995434
1,1,0.9999994
1,1,0.9999993
1,1,0.99999464
1,1,0.9997743
1,1,0.99992514
1,1,0.99967694
1,1,0.99999976
1,1,0.9999939
1,1,0.99997544
1,1,0.9997266
1,1,0.9993228
1,1,0.99811953
1,1,0.9999908
1,1,0.999997
1,1,0.9372628
1,1,0.99999845
1,1,0.9980117
1,1,0.9999758
1,1,0.9999958
1,1,0.9999976
1,1,0.9999931
1,1,0.99996865
1,1,0.9993662
1,1,0.99994624
1,1,0.5307162
1,1,0.99998426
1,1,0.9999968
1,1,0.99812156
1,1,0.9999974
1,1,0.9999243
1,1,0.99999225
1,1,0.9999851
1,1,0.9998511
1,1,0.9999355
1,1,0.999928
1,1,0.9997938
1,1,0.9999771
1,1,0.9987633
1,1,0.9999995
1,1,0.999972
1,1,0.99998367
1,1,0.9999924
1,1,0.9988722
1,1,0.9961526
1,1,0.9999838
1,1,0.99998295
1,1,0.98256403
1,1,0.99998295
1,1,0.9825721
1,1,0.9999609
1,1,0.95552367
1,1,0.99999726
1,1,0.9998099
1,1,0.9999578
1,1,0.99998784
1,1,0.9999989
1,1,0.99880326
1,1,0.99987125
1,1,0.9999993
1,1,0.9437731
1,1,0.9999001
1,1,0.9998833
1,1,0.9999571
1,1,0.99977046
1,1,0.99999857
1,1,0.99999285
1,1,0.9999621
1,1,0.9999938
1,1,0.9999888
1,1,0.99993825
1,1,0.9978033
1,1,0.9999863
1,1,0.9999007
1,1,0.98576087
1,1,0.99948823
1,1,0.9998536
1,1,0.99994195
1,1,0.9999392
1,1,0.9999993
1,1,0.99892104
1,1,0.99999714
1,1,0.99999976
1,1,0.99998534
1,1,0.99999523
1,1,0.99999976
